donor	evaluation_set	method	truth_C4_order_pair	predicted_C4_order_pair	correct
HG00097	additional_validation	path_multiplicity	C4AL+|C4BL+;C4AL+|C4BL+	C4AL+|C4BL+;C4AL+|C4BL+	1
HG00097	additional_validation	flat_sequence_catalogue	C4AL+|C4BL+;C4AL+|C4BL+	C4AL+|C4BL+;C4AL+|C4BL+	1
HG00097	additional_validation	binary_paths	C4AL+|C4BL+;C4AL+|C4BL+	C4AL+|C4BL+;C4AL+|C4BL+	1
HG00097	additional_validation	assembly_profile_oracle	C4AL+|C4BL+;C4AL+|C4BL+	C4AL+|C4BL+;C4AL+|C4BL+	1
HG00099	additional_validation	path_multiplicity	C4AL+|C4BL+;C4BS+	C4AL+|C4BL+;C4BS+	1
HG00099	additional_validation	flat_sequence_catalogue	C4AL+|C4BL+;C4BS+	C4AL+|C4BL+;C4BS+	1
HG00099	additional_validation	binary_paths	C4AL+|C4BL+;C4BS+	C4AL+|C4BL+;C4BL+	0
HG00099	additional_validation	assembly_profile_oracle	C4AL+|C4BL+;C4BS+	C4AL+|C4BL+;C4BS+	1
HG00126	additional_validation	path_multiplicity	C4AL+|C4BL+;C4AL+|C4BS+	C4AL+|C4BL+;C4AL+|C4BS+	1
HG00126	additional_validation	flat_sequence_catalogue	C4AL+|C4BL+;C4AL+|C4BS+	C4AL+|C4BL+;C4AL+|C4BS+	1
HG00126	additional_validation	binary_paths	C4AL+|C4BL+;C4AL+|C4BS+	C4AL+|C4BL+;C4AL+|C4BS+	1
HG00126	additional_validation	assembly_profile_oracle	C4AL+|C4BL+;C4AL+|C4BS+	C4AL+|C4BL+;C4AL+|C4BS+	1
HG00128	additional_validation	path_multiplicity	C4AL+|C4BL+;C4AL+|C4BS+|C4BS+	C4AL+|C4BL+|C4BL+;C4AL+|C4BS+|C4BS+	0
HG00128	additional_validation	flat_sequence_catalogue	C4AL+|C4BL+;C4AL+|C4BS+|C4BS+	C4AL+|C4BL+|C4BL+;C4AL+|C4BS+|C4BS+	0
HG00128	additional_validation	binary_paths	C4AL+|C4BL+;C4AL+|C4BS+|C4BS+	C4AL+|C4BL+;C4AL+|C4BS+|C4BS+	1
HG00128	additional_validation	assembly_profile_oracle	C4AL+|C4BL+;C4AL+|C4BS+|C4BS+	C4AL+|C4BL+;C4AL+|C4BS+|C4BS+	1
HG00133	additional_validation	path_multiplicity	C4AL+|C4AL+;C4AL+|C4BS+	C4AL+|C4AL+;C4AL+|C4BS+|C4BS+	0
HG00133	additional_validation	flat_sequence_catalogue	C4AL+|C4AL+;C4AL+|C4BS+	C4AL+|C4AL+;C4AL+|C4BS+|C4BS+	0
HG00133	additional_validation	binary_paths	C4AL+|C4AL+;C4AL+|C4BS+	C4AL+|C4BL+;C4AL+|C4BS+	0
HG00133	additional_validation	assembly_profile_oracle	C4AL+|C4AL+;C4AL+|C4BS+	C4AL+|C4AL+;C4AL+|C4BS+	1
HG00140	additional_validation	path_multiplicity	C4AL+|C4BL+;C4AL+|C4BS+	C4AL+|C4BL+;C4AL+|C4BS+|C4BS+	0
HG00140	additional_validation	flat_sequence_catalogue	C4AL+|C4BL+;C4AL+|C4BS+	C4AL+|C4BL+;C4AL+|C4BS+|C4BS+	0
HG00140	additional_validation	binary_paths	C4AL+|C4BL+;C4AL+|C4BS+	C4AL+|C4BL+;C4AL+|C4BS+	1
HG00140	additional_validation	assembly_profile_oracle	C4AL+|C4BL+;C4AL+|C4BS+	C4AL+|C4BL+;C4AL+|C4BS+	1
HG00146	pilot	path_multiplicity	C4AL+;C4BS+	C4AL+;C4BS+	1
HG00146	pilot	flat_sequence_catalogue	C4AL+;C4BS+	C4AL+;C4BS+	1
HG00146	pilot	binary_paths	C4AL+;C4BS+	C4AL+|C4BS+;C4BS+	0
HG00146	pilot	assembly_profile_oracle	C4AL+;C4BS+	C4AL+;C4BS+	1
HG00232	pilot	path_multiplicity	C4AL+|C4AL+|C4AL+;C4AL+|C4BL+	C4AL+|C4AL+|C4AL+|C4BL+;C4AL+|C4BS+	0
HG00232	pilot	flat_sequence_catalogue	C4AL+|C4AL+|C4AL+;C4AL+|C4BL+	C4AL+|C4AL+|C4AL+|C4BL+;C4AL+|C4BS+	0
HG00232	pilot	binary_paths	C4AL+|C4AL+|C4AL+;C4AL+|C4BL+	C4AL+|C4BL+;C4AL+|C4BL+	0
HG00232	pilot	assembly_profile_oracle	C4AL+|C4AL+|C4AL+;C4AL+|C4BL+	C4AL+|C4AL+;C4AL+|C4BL+|C4BL+	0
HG00235	additional_validation	path_multiplicity	C4AL+|C4BL+;C4AL+|C4BL+	C4AL+|C4BL+|C4BL+;C4AL+|C4BS+	0
HG00235	additional_validation	flat_sequence_catalogue	C4AL+|C4BL+;C4AL+|C4BL+	C4AL+|C4BL+|C4BL+;C4AL+|C4BS+	0
HG00235	additional_validation	binary_paths	C4AL+|C4BL+;C4AL+|C4BL+	C4AL+|C4BL+;C4AL+|C4BL+	1
HG00235	additional_validation	assembly_profile_oracle	C4AL+|C4BL+;C4AL+|C4BL+	C4AL+|C4BL+;C4AL+|C4BL+	1
HG00253	additional_validation	path_multiplicity	C4AL+|C4BL+;C4AL+|C4BS+	C4AL+|C4AS+|C4BS+;C4AL+|C4BL+	0
HG00253	additional_validation	flat_sequence_catalogue	C4AL+|C4BL+;C4AL+|C4BS+	C4AL+|C4AS+|C4BS+;C4AL+|C4BL+	0
HG00253	additional_validation	binary_paths	C4AL+|C4BL+;C4AL+|C4BS+	C4AL+|C4BL+;C4AL+|C4BS+	1
HG00253	additional_validation	assembly_profile_oracle	C4AL+|C4BL+;C4AL+|C4BS+	C4AL+|C4BL+;C4AL+|C4BS+	1
HG00272	additional_validation	path_multiplicity	C4AL+|C4AL+;C4BS+	C4AL+|C4AL+;C4BS+	1
HG00272	additional_validation	flat_sequence_catalogue	C4AL+|C4AL+;C4BS+	C4AL+|C4AL+;C4BS+	1
HG00272	additional_validation	binary_paths	C4AL+|C4AL+;C4BS+	C4AL+|C4AL+;C4AL+|C4BS+	0
HG00272	additional_validation	assembly_profile_oracle	C4AL+|C4AL+;C4BS+	C4AL+|C4AL+;C4BS+	1
HG00280	additional_validation	path_multiplicity	C4AL+|C4BL+;C4BS+	C4AL+|C4BL+;C4BS+	1
HG00280	additional_validation	flat_sequence_catalogue	C4AL+|C4BL+;C4BS+	C4AL+|C4BL+;C4BS+	1
HG00280	additional_validation	binary_paths	C4AL+|C4BL+;C4BS+	C4AL+|C4BL+;C4BS+	1
HG00280	additional_validation	assembly_profile_oracle	C4AL+|C4BL+;C4BS+	C4AL+|C4BL+;C4BS+	1
HG00290	additional_validation	path_multiplicity	C4AL+;C4AL+|C4AL+	C4AL+;C4AL+|C4AL+	1
HG00290	additional_validation	flat_sequence_catalogue	C4AL+;C4AL+|C4AL+	C4AL+;C4AL+|C4AL+	1
HG00290	additional_validation	binary_paths	C4AL+;C4AL+|C4AL+	C4AL+;C4AL+|C4AL+	1
HG00290	additional_validation	assembly_profile_oracle	C4AL+;C4AL+|C4AL+	C4AL+;C4AL+|C4AL+	1
HG00320	additional_validation	path_multiplicity	C4AL+;C4AL+|C4BS+	C4AL+;C4AL+|C4BS+	1
HG00320	additional_validation	flat_sequence_catalogue	C4AL+;C4AL+|C4BS+	C4AL+;C4AL+|C4BS+	1
HG00320	additional_validation	binary_paths	C4AL+;C4AL+|C4BS+	C4AL+;C4AL+|C4BS+	1
HG00320	additional_validation	assembly_profile_oracle	C4AL+;C4AL+|C4BS+	C4AL+;C4AL+|C4BS+	1
HG00321	pilot	path_multiplicity	C4AL+;C4AL+|C4BS+	C4AL+;C4AL+|C4BS+	1
HG00321	pilot	flat_sequence_catalogue	C4AL+;C4AL+|C4BS+	C4AL+;C4AL+|C4BS+	1
HG00321	pilot	binary_paths	C4AL+;C4AL+|C4BS+	C4AL+;C4AL+|C4BS+	1
HG00321	pilot	assembly_profile_oracle	C4AL+;C4AL+|C4BS+	C4AL+;C4AL+|C4BS+	1
HG00323	additional_validation	path_multiplicity	C4AL+|C4BS+;C4AL+|C4BS+	C4AL+|C4AS+|C4BS+;C4AL+|C4BS+	0
HG00323	additional_validation	flat_sequence_catalogue	C4AL+|C4BS+;C4AL+|C4BS+	C4AL+|C4AS+|C4BS+;C4AL+|C4BS+	0
HG00323	additional_validation	binary_paths	C4AL+|C4BS+;C4AL+|C4BS+	C4AL+|C4BS+;C4AL+|C4BS+	1
HG00323	additional_validation	assembly_profile_oracle	C4AL+|C4BS+;C4AL+|C4BS+	C4AL+|C4BS+;C4AL+|C4BS+	1
HG00329	pilot	path_multiplicity	C4AL+|C4AS+|C4BL+;C4AL+|C4BL+	C4AL+|C4AL+|C4BL+;C4AL+|C4AS+|C4BS+	0
HG00329	pilot	flat_sequence_catalogue	C4AL+|C4AS+|C4BL+;C4AL+|C4BL+	C4AL+|C4AL+|C4BL+;C4AL+|C4AS+|C4BS+	0
HG00329	pilot	binary_paths	C4AL+|C4AS+|C4BL+;C4AL+|C4BL+	C4AL+|C4AS+|C4BL+;C4AL+|C4BL+	1
HG00329	pilot	assembly_profile_oracle	C4AL+|C4AS+|C4BL+;C4AL+|C4BL+	C4AL+|C4AS+|C4BL+;C4AL+|C4BL+	1
HG00344	additional_validation	path_multiplicity	C4AL+|C4BL+;C4AL+|C4BL+	C4AL+|C4BL+;C4AL+|C4BL+	1
HG00344	additional_validation	flat_sequence_catalogue	C4AL+|C4BL+;C4AL+|C4BL+	C4AL+|C4BL+;C4AL+|C4BL+	1
HG00344	additional_validation	binary_paths	C4AL+|C4BL+;C4AL+|C4BL+	C4AL+|C4BL+;C4AL+|C4BL+	1
HG00344	additional_validation	assembly_profile_oracle	C4AL+|C4BL+;C4AL+|C4BL+	C4AL+|C4BL+;C4AL+|C4BL+	1
HG00350	additional_validation	path_multiplicity	C4AL+|C4BL+;C4AL+|C4BL+	C4AL+|C4BL+;C4AL+|C4BL+|C4BL+	0
HG00350	additional_validation	flat_sequence_catalogue	C4AL+|C4BL+;C4AL+|C4BL+	C4AL+|C4BL+;C4AL+|C4BL+|C4BL+	0
HG00350	additional_validation	binary_paths	C4AL+|C4BL+;C4AL+|C4BL+	C4AL+|C4BL+;C4AL+|C4BL+	1
HG00350	additional_validation	assembly_profile_oracle	C4AL+|C4BL+;C4AL+|C4BL+	C4AL+|C4BL+;C4AL+|C4BL+	1
HG01167	additional_validation	path_multiplicity	C4AL+|C4BS+;C4AL+|C4BS+	C4AL+|C4BS+;C4AL+|C4BS+|C4BS+	0
HG01167	additional_validation	flat_sequence_catalogue	C4AL+|C4BS+;C4AL+|C4BS+	C4AL+|C4BS+;C4AL+|C4BS+|C4BS+	0
HG01167	additional_validation	binary_paths	C4AL+|C4BS+;C4AL+|C4BS+	C4AL+|C4BS+;C4AL+|C4BS+	1
HG01167	additional_validation	assembly_profile_oracle	C4AL+|C4BS+;C4AL+|C4BS+	C4AL+|C4BS+;C4AL+|C4BS+	1
HG01530	additional_validation	path_multiplicity	C4AL+|C4BS+;C4AL+|C4BS+	C4AL+|C4BS+;C4AL+|C4BS+|C4BS+	0
HG01530	additional_validation	flat_sequence_catalogue	C4AL+|C4BS+;C4AL+|C4BS+	C4AL+|C4BS+;C4AL+|C4BS+|C4BS+	0
HG01530	additional_validation	binary_paths	C4AL+|C4BS+;C4AL+|C4BS+	C4AL+|C4BS+;C4AL+|C4BS+	1
HG01530	additional_validation	assembly_profile_oracle	C4AL+|C4BS+;C4AL+|C4BS+	C4AL+|C4BS+;C4AL+|C4BS+	1
HG01784	additional_validation	path_multiplicity	C4AL+|C4AL+;C4AL+|C4BS+	C4AL+|C4AL+;C4AL+|C4BS+|C4BS+	0
HG01784	additional_validation	flat_sequence_catalogue	C4AL+|C4AL+;C4AL+|C4BS+	C4AL+|C4AL+;C4AL+|C4BS+|C4BS+	0
HG01784	additional_validation	binary_paths	C4AL+|C4AL+;C4AL+|C4BS+	C4AL+|C4BL+;C4AL+|C4BS+	0
HG01784	additional_validation	assembly_profile_oracle	C4AL+|C4AL+;C4AL+|C4BS+	C4AL+|C4AL+;C4AL+|C4BS+	1
HG01786	pilot	path_multiplicity	C4AL+|C4AL+;C4AL+|C4BS+	C4AL+|C4AS+|C4BL+;C4AL+|C4BS+	0
HG01786	pilot	flat_sequence_catalogue	C4AL+|C4AL+;C4AL+|C4BS+	C4AL+|C4AS+|C4BL+;C4AL+|C4BS+	0
HG01786	pilot	binary_paths	C4AL+|C4AL+;C4AL+|C4BS+	C4AL+|C4AL+;C4AL+|C4BS+	1
HG01786	pilot	assembly_profile_oracle	C4AL+|C4AL+;C4AL+|C4BS+	C4AL+|C4AL+;C4AL+|C4BS+	1
HG02040	additional_validation	path_multiplicity	C4AL+|C4BS+;C4AL+|C4BS+	C4AL+|C4BS+;C4AL+|C4BS+	1
HG02040	additional_validation	flat_sequence_catalogue	C4AL+|C4BS+;C4AL+|C4BS+	C4AL+|C4BS+;C4AL+|C4BS+	1
HG02040	additional_validation	binary_paths	C4AL+|C4BS+;C4AL+|C4BS+	C4AL+|C4BS+;C4AL+|C4BS+	1
HG02040	additional_validation	assembly_profile_oracle	C4AL+|C4BS+;C4AL+|C4BS+	C4AL+|C4BS+;C4AL+|C4BS+	1
HG02155	additional_validation	path_multiplicity	C4AL+|C4AL+;C4BL+	C4AL+;C4AL+|C4BL+	0
HG02155	additional_validation	flat_sequence_catalogue	C4AL+|C4AL+;C4BL+	C4AL+;C4AL+|C4BL+	0
HG02155	additional_validation	binary_paths	C4AL+|C4AL+;C4BL+	C4AL+;C4AL+|C4BL+|C4BL+	0
HG02155	additional_validation	assembly_profile_oracle	C4AL+|C4AL+;C4BL+	C4AL+;C4AL+|C4BL+	0
HG02165	additional_validation	path_multiplicity	C4AL+|C4BL+;C4AL+|C4BS+	C4AL+|C4BL+|C4BL+;C4AL+|C4BS+	0
HG02165	additional_validation	flat_sequence_catalogue	C4AL+|C4BL+;C4AL+|C4BS+	C4AL+|C4BL+|C4BL+;C4AL+|C4BS+	0
HG02165	additional_validation	binary_paths	C4AL+|C4BL+;C4AL+|C4BS+	C4AL+|C4BL+;C4AL+|C4BS+	1
HG02165	additional_validation	assembly_profile_oracle	C4AL+|C4BL+;C4AL+|C4BS+	C4AL+|C4BL+;C4AL+|C4BS+	1
HG02178	additional_validation	path_multiplicity	C4AL+|C4AS+|C4BL+;C4AL+|C4BS+	C4AL+|C4AS+|C4BS+|C4BS+;C4AL+|C4BL+	0
HG02178	additional_validation	flat_sequence_catalogue	C4AL+|C4AS+|C4BL+;C4AL+|C4BS+	C4AL+|C4AS+|C4BS+|C4BS+;C4AL+|C4BL+	0
HG02178	additional_validation	binary_paths	C4AL+|C4AS+|C4BL+;C4AL+|C4BS+	C4AL+|C4AS+|C4BL+;C4AL+|C4BS+	1
HG02178	additional_validation	assembly_profile_oracle	C4AL+|C4AS+|C4BL+;C4AL+|C4BS+	C4AL+|C4AS+|C4BL+;C4AL+|C4BS+	1
HG02391	additional_validation	path_multiplicity	C4AL+|C4BL+;C4AL+|C4BS+	C4AL+|C4AS+|C4BS+;C4AL+|C4BL+	0
HG02391	additional_validation	flat_sequence_catalogue	C4AL+|C4BL+;C4AL+|C4BS+	C4AL+|C4AS+|C4BS+;C4AL+|C4BL+	0
HG02391	additional_validation	binary_paths	C4AL+|C4BL+;C4AL+|C4BS+	C4AL+|C4AS+|C4BS+;C4AL+|C4BL+	0
HG02391	additional_validation	assembly_profile_oracle	C4AL+|C4BL+;C4AL+|C4BS+	C4AL+|C4BL+;C4AL+|C4BS+	1
HG02392	pilot	path_multiplicity	C4AL+|C4BS+;C4AL+|C4BS+|C4AL+|C4BS+	C4AL+|C4AS+|C4BS+|C4BS+;C4BL+|C4AS+|C4BS+	0
HG02392	pilot	flat_sequence_catalogue	C4AL+|C4BS+;C4AL+|C4BS+|C4AL+|C4BS+	C4AL+|C4AS+|C4BS+|C4BS+;C4BL+|C4AS+|C4BS+	0
HG02392	pilot	binary_paths	C4AL+|C4BS+;C4AL+|C4BS+|C4AL+|C4BS+	C4AL+|C4AS+;C4AL+|C4BS+	0
HG02392	pilot	assembly_profile_oracle	C4AL+|C4BS+;C4AL+|C4BS+|C4AL+|C4BS+	C4AL+|C4BS+|C4AL+;C4BL+|C4AS+|C4BS+	0
HG02583	additional_validation	path_multiplicity	C4AL+;C4AL+|C4BS+	C4AL+;C4AL+|C4BS+|C4BS+	0
HG02583	additional_validation	flat_sequence_catalogue	C4AL+;C4AL+|C4BS+	C4AL+;C4AL+|C4BS+|C4BS+	0
HG02583	additional_validation	binary_paths	C4AL+;C4AL+|C4BS+	C4AL+;C4AL+|C4BS+|C4BS+	0
HG02583	additional_validation	assembly_profile_oracle	C4AL+;C4AL+|C4BS+	C4AL+;C4AL+|C4BS+	1
HG02922	additional_validation	path_multiplicity	C4AL+|C4BS+;C4AL+|C4BS+	C4AL+|C4BS+;C4AL+|C4BS+|C4BS+	0
HG02922	additional_validation	flat_sequence_catalogue	C4AL+|C4BS+;C4AL+|C4BS+	C4AL+|C4BS+;C4AL+|C4BS+|C4BS+	0
HG02922	additional_validation	binary_paths	C4AL+|C4BS+;C4AL+|C4BS+	C4AL+|C4BS+;C4AL+|C4BS+	1
HG02922	additional_validation	assembly_profile_oracle	C4AL+|C4BS+;C4AL+|C4BS+	C4AL+|C4BS+;C4AL+|C4BS+	1
HG02976	additional_validation	path_multiplicity	C4AL+;C4AL+|C4BS+	C4AL+;C4AL+|C4BS+	1
HG02976	additional_validation	flat_sequence_catalogue	C4AL+;C4AL+|C4BS+	C4AL+;C4AL+|C4BS+	1
HG02976	additional_validation	binary_paths	C4AL+;C4AL+|C4BS+	C4AL+;C4AL+|C4BS+	1
HG02976	additional_validation	assembly_profile_oracle	C4AL+;C4AL+|C4BS+	C4AL+;C4AL+|C4BS+	1
HG03130	additional_validation	path_multiplicity	C4AL+|C4BS+;C4AL+|C4BS+	C4AL+|C4BS+;C4AL+|C4BS+|C4BS+	0
HG03130	additional_validation	flat_sequence_catalogue	C4AL+|C4BS+;C4AL+|C4BS+	C4AL+|C4BS+;C4AL+|C4BS+|C4BS+	0
HG03130	additional_validation	binary_paths	C4AL+|C4BS+;C4AL+|C4BS+	C4AL+|C4BS+;C4AL+|C4BS+	1
HG03130	additional_validation	assembly_profile_oracle	C4AL+|C4BS+;C4AL+|C4BS+	C4AL+|C4BS+;C4AL+|C4BS+	1
HG03139	pilot	path_multiplicity	C4AL+;C4AL+|C4BS+	C4AL+|C4BS+;C4AL+|C4BS+	0
HG03139	pilot	flat_sequence_catalogue	C4AL+;C4AL+|C4BS+	C4AL+|C4BS+;C4AL+|C4BS+	0
HG03139	pilot	binary_paths	C4AL+;C4AL+|C4BS+	C4AL+|C4BS+;C4AL+|C4BS+	0
HG03139	pilot	assembly_profile_oracle	C4AL+;C4AL+|C4BS+	C4AL+;C4AL+|C4BS+	1
HG03195	pilot	path_multiplicity	C4AL+|C4BS+;C4AL+|C4BS+	C4AL+|C4BS+;C4AL+|C4BS+	1
HG03195	pilot	flat_sequence_catalogue	C4AL+|C4BS+;C4AL+|C4BS+	C4AL+|C4BS+;C4AL+|C4BS+	1
HG03195	pilot	binary_paths	C4AL+|C4BS+;C4AL+|C4BS+	C4AL+|C4BS+;C4AL+|C4BS+	1
HG03195	pilot	assembly_profile_oracle	C4AL+|C4BS+;C4AL+|C4BS+	C4AL+|C4BS+;C4AL+|C4BS+	1
HG03209	additional_validation	path_multiplicity	C4AL+|C4BS+;C4AL+|C4BS+	C4AL+|C4BS+;C4AL+|C4BS+	1
HG03209	additional_validation	flat_sequence_catalogue	C4AL+|C4BS+;C4AL+|C4BS+	C4AL+|C4BS+;C4AL+|C4BS+	1
HG03209	additional_validation	binary_paths	C4AL+|C4BS+;C4AL+|C4BS+	C4AL+|C4BS+;C4AL+|C4BS+|C4BS+	0
HG03209	additional_validation	assembly_profile_oracle	C4AL+|C4BS+;C4AL+|C4BS+	C4AL+|C4BS+;C4AL+|C4BS+	1
HG03225	pilot	path_multiplicity	C4AL+|C4BS+;C4AL+|C4BS+	C4AL+|C4BS+;C4AL+|C4BS+	1
HG03225	pilot	flat_sequence_catalogue	C4AL+|C4BS+;C4AL+|C4BS+	C4AL+|C4BS+;C4AL+|C4BS+	1
HG03225	pilot	binary_paths	C4AL+|C4BS+;C4AL+|C4BS+	C4AL+|C4BS+;C4AL+|C4BS+	1
HG03225	pilot	assembly_profile_oracle	C4AL+|C4BS+;C4AL+|C4BS+	C4AL+|C4BS+;C4AL+|C4BS+	1
HG03270	additional_validation	path_multiplicity	C4AL+|C4BS+;C4AL+|C4BS+	C4AL+|C4BS+;C4AL+|C4BS+	1
HG03270	additional_validation	flat_sequence_catalogue	C4AL+|C4BS+;C4AL+|C4BS+	C4AL+|C4BS+;C4AL+|C4BS+	1
HG03270	additional_validation	binary_paths	C4AL+|C4BS+;C4AL+|C4BS+	C4AL+|C4BS+;C4AL+|C4BS+	1
HG03270	additional_validation	assembly_profile_oracle	C4AL+|C4BS+;C4AL+|C4BS+	C4AL+|C4BS+;C4AL+|C4BS+	1
HG03369	additional_validation	path_multiplicity	C4AL+|C4BS+;C4AL+|C4BS+	C4AL+|C4BS+;C4AL+|C4BS+	1
HG03369	additional_validation	flat_sequence_catalogue	C4AL+|C4BS+;C4AL+|C4BS+	C4AL+|C4BS+;C4AL+|C4BS+	1
HG03369	additional_validation	binary_paths	C4AL+|C4BS+;C4AL+|C4BS+	C4AL+|C4BS+;C4AL+|C4BS+	1
HG03369	additional_validation	assembly_profile_oracle	C4AL+|C4BS+;C4AL+|C4BS+	C4AL+|C4BS+;C4AL+|C4BS+	1
HG03470	additional_validation	path_multiplicity	C4AL+|C4BS+;C4AL+|C4BS+	C4AL+|C4BS+;C4AL+|C4BS+|C4BS+	0
HG03470	additional_validation	flat_sequence_catalogue	C4AL+|C4BS+;C4AL+|C4BS+	C4AL+|C4BS+;C4AL+|C4BS+|C4BS+	0
HG03470	additional_validation	binary_paths	C4AL+|C4BS+;C4AL+|C4BS+	C4AL+|C4BS+;C4AL+|C4BS+	1
HG03470	additional_validation	assembly_profile_oracle	C4AL+|C4BS+;C4AL+|C4BS+	C4AL+|C4BS+;C4AL+|C4BS+	1
HG03521	additional_validation	path_multiplicity	C4AL+|C4BS+;C4AL+|C4BS+	C4AL+|C4BS+;C4AL+|C4BS+	1
HG03521	additional_validation	flat_sequence_catalogue	C4AL+|C4BS+;C4AL+|C4BS+	C4AL+|C4BS+;C4AL+|C4BS+	1
HG03521	additional_validation	binary_paths	C4AL+|C4BS+;C4AL+|C4BS+	C4AL+|C4BS+;C4AL+|C4BS+	1
HG03521	additional_validation	assembly_profile_oracle	C4AL+|C4BS+;C4AL+|C4BS+	C4AL+|C4BS+;C4AL+|C4BS+	1
HG03583	additional_validation	path_multiplicity	C4AL+|C4BS+;C4AL+|C4BS+	C4AL+|C4BS+;C4AL+|C4BS+|C4BS+	0
HG03583	additional_validation	flat_sequence_catalogue	C4AL+|C4BS+;C4AL+|C4BS+	C4AL+|C4BS+;C4AL+|C4BS+|C4BS+	0
HG03583	additional_validation	binary_paths	C4AL+|C4BS+;C4AL+|C4BS+	C4AL+|C4BS+;C4AL+|C4BS+	1
HG03583	additional_validation	assembly_profile_oracle	C4AL+|C4BS+;C4AL+|C4BS+	C4AL+|C4BS+;C4AL+|C4BS+	1
HG03742	additional_validation	path_multiplicity	C4AL+|C4BL+;C4AL+|C4BS+	C4AL+|C4AL+;C4AL+|C4BS+|C4BS+	0
HG03742	additional_validation	flat_sequence_catalogue	C4AL+|C4BL+;C4AL+|C4BS+	C4AL+|C4AL+;C4AL+|C4BS+|C4BS+	0
HG03742	additional_validation	binary_paths	C4AL+|C4BL+;C4AL+|C4BS+	C4AL+|C4BL+;C4AL+|C4BS+	1
HG03742	additional_validation	assembly_profile_oracle	C4AL+|C4BL+;C4AL+|C4BS+	C4AL+|C4BL+;C4AL+|C4BS+	1
HG03784	pilot	path_multiplicity	C4AL+|C4AS+|C4BL+;C4AL+|C4BL+	C4AL+|C4AL+|C4BL+;C4AL+|C4AS+|C4BS+	0
HG03784	pilot	flat_sequence_catalogue	C4AL+|C4AS+|C4BL+;C4AL+|C4BL+	C4AL+|C4AL+|C4BL+;C4AL+|C4AS+|C4BS+	0
HG03784	pilot	binary_paths	C4AL+|C4AS+|C4BL+;C4AL+|C4BL+	C4AL+|C4AS+|C4BL+;C4AL+|C4BL+	1
HG03784	pilot	assembly_profile_oracle	C4AL+|C4AS+|C4BL+;C4AL+|C4BL+	C4AL+|C4AS+|C4BL+;C4AL+|C4BL+	1
HG03874	additional_validation	path_multiplicity	C4AL+|C4AS+|C4BL+;C4AL+|C4BS+	C4AL+|C4AS+|C4BL+;C4AL+|C4BS+	1
HG03874	additional_validation	flat_sequence_catalogue	C4AL+|C4AS+|C4BL+;C4AL+|C4BS+	C4AL+|C4AS+|C4BL+;C4AL+|C4BS+	1
HG03874	additional_validation	binary_paths	C4AL+|C4AS+|C4BL+;C4AL+|C4BS+	C4AL+|C4AS+|C4BL+;C4AL+|C4BS+	1
HG03874	additional_validation	assembly_profile_oracle	C4AL+|C4AS+|C4BL+;C4AL+|C4BS+	C4AL+|C4AS+|C4BL+;C4AL+|C4BS+	1
NA18505	pilot	path_multiplicity	C4AL+;C4AL+|C4BS+	C4AL+;C4AL+|C4BS+	1
NA18505	pilot	flat_sequence_catalogue	C4AL+;C4AL+|C4BS+	C4AL+;C4AL+|C4BS+	1
NA18505	pilot	binary_paths	C4AL+;C4AL+|C4BS+	C4AL+;C4AL+|C4BS+	1
NA18505	pilot	assembly_profile_oracle	C4AL+;C4AL+|C4BS+	C4AL+;C4AL+|C4BS+	1
NA18508	additional_validation	path_multiplicity	C4AL+|C4AS+;C4AL+|C4BS+	C4AL+|C4AS+;C4AL+|C4BS+|C4BS+	0
NA18508	additional_validation	flat_sequence_catalogue	C4AL+|C4AS+;C4AL+|C4BS+	C4AL+|C4AS+;C4AL+|C4BS+|C4BS+	0
NA18508	additional_validation	binary_paths	C4AL+|C4AS+;C4AL+|C4BS+	C4AL+|C4AS+;C4AL+|C4BS+	1
NA18508	additional_validation	assembly_profile_oracle	C4AL+|C4AS+;C4AL+|C4BS+	C4AL+|C4AS+;C4AL+|C4BS+	1
NA18522	additional_validation	path_multiplicity	C4AL+|C4BS+;C4AL+|C4BS+	C4AL+|C4AS+|C4BS+;C4AL+|C4BS+	0
NA18522	additional_validation	flat_sequence_catalogue	C4AL+|C4BS+;C4AL+|C4BS+	C4AL+|C4AS+|C4BS+;C4AL+|C4BS+	0
NA18522	additional_validation	binary_paths	C4AL+|C4BS+;C4AL+|C4BS+		0
NA18522	additional_validation	assembly_profile_oracle	C4AL+|C4BS+;C4AL+|C4BS+	C4AL+|C4BS+;C4AL+|C4BS+	1
NA18565	additional_validation	path_multiplicity	C4AL+|C4BS+;C4AL+|C4BS+	C4AL+|C4BS+;C4BL+|C4AS+|C4BS+	0
NA18565	additional_validation	flat_sequence_catalogue	C4AL+|C4BS+;C4AL+|C4BS+	C4AL+|C4BS+;C4BL+|C4AS+|C4BS+	0
NA18565	additional_validation	binary_paths	C4AL+|C4BS+;C4AL+|C4BS+	C4AL+|C4BS+;C4AL+|C4BS+	1
NA18565	additional_validation	assembly_profile_oracle	C4AL+|C4BS+;C4AL+|C4BS+	C4AL+|C4BS+;C4AL+|C4BS+	1
NA18570	additional_validation	path_multiplicity	C4AL+|C4BS+;C4AL+|C4BS+	C4AL+|C4AS+;C4AL+|C4BS+|C4BS+	0
NA18570	additional_validation	flat_sequence_catalogue	C4AL+|C4BS+;C4AL+|C4BS+	C4AL+|C4AS+;C4AL+|C4BS+|C4BS+	0
NA18570	additional_validation	binary_paths	C4AL+|C4BS+;C4AL+|C4BS+	C4AL+|C4BS+;C4AL+|C4BS+	1
NA18570	additional_validation	assembly_profile_oracle	C4AL+|C4BS+;C4AL+|C4BS+	C4AL+|C4AS+;C4AL+|C4BS+	0
NA18608	additional_validation	path_multiplicity	C4AL+|C4BL+;C4AL+|C4BL+	C4AL+|C4BL+;C4AL+|C4BL+	1
NA18608	additional_validation	flat_sequence_catalogue	C4AL+|C4BL+;C4AL+|C4BL+	C4AL+|C4BL+;C4AL+|C4BL+	1
NA18608	additional_validation	binary_paths	C4AL+|C4BL+;C4AL+|C4BL+	C4AL+|C4BL+;C4AL+|C4BL+	1
NA18608	additional_validation	assembly_profile_oracle	C4AL+|C4BL+;C4AL+|C4BL+	C4AL+|C4BL+;C4AL+|C4BL+	1
NA18620	additional_validation	path_multiplicity	C4AL+|C4AS+;C4AL+|C4BL+	C4AL+|C4AL+;C4AL+|C4BS+	0
NA18620	additional_validation	flat_sequence_catalogue	C4AL+|C4AS+;C4AL+|C4BL+	C4AL+|C4AL+;C4AL+|C4BS+	0
NA18620	additional_validation	binary_paths	C4AL+|C4AS+;C4AL+|C4BL+	C4AL+|C4BL+;C4AL+|C4BS+	0
NA18620	additional_validation	assembly_profile_oracle	C4AL+|C4AS+;C4AL+|C4BL+	C4AL+|C4BL+;C4AL+|C4BS+	0
NA18747	additional_validation	path_multiplicity	C4AL+|C4BL+;C4AL+|C4BL+	C4AL+|C4BL+|C4BL+;C4AL+|C4BS+	0
NA18747	additional_validation	flat_sequence_catalogue	C4AL+|C4BL+;C4AL+|C4BL+	C4AL+|C4BL+|C4BL+;C4AL+|C4BS+	0
NA18747	additional_validation	binary_paths	C4AL+|C4BL+;C4AL+|C4BL+	C4AL+|C4BL+;C4AL+|C4BL+	1
NA18747	additional_validation	assembly_profile_oracle	C4AL+|C4BL+;C4AL+|C4BL+	C4AL+|C4BL+;C4AL+|C4BL+	1
NA18879	additional_validation	path_multiplicity	C4AL+|C4BS+;C4AS+	C4AL+|C4BS+;C4BS+	0
NA18879	additional_validation	flat_sequence_catalogue	C4AL+|C4BS+;C4AS+	C4AL+|C4BS+;C4BS+	0
NA18879	additional_validation	binary_paths	C4AL+|C4BS+;C4AS+		0
NA18879	additional_validation	assembly_profile_oracle	C4AL+|C4BS+;C4AS+	C4AL+|C4BS+;C4BS+	0
NA18940	additional_validation	path_multiplicity	C4AL+|C4AL+;C4AL+|C4BS+	C4AL+|C4AL+;C4AL+|C4BS+	1
NA18940	additional_validation	flat_sequence_catalogue	C4AL+|C4AL+;C4AL+|C4BS+	C4AL+|C4AL+;C4AL+|C4BS+	1
NA18940	additional_validation	binary_paths	C4AL+|C4AL+;C4AL+|C4BS+	C4AL+|C4BL+;C4AL+|C4BS+	0
NA18940	additional_validation	assembly_profile_oracle	C4AL+|C4AL+;C4AL+|C4BS+	C4AL+|C4AL+;C4AL+|C4BS+	1
NA18943	additional_validation	path_multiplicity	C4AL+|C4BL+;C4AL+|C4BS+	C4AL+|C4BL+;C4AL+|C4BS+	1
NA18943	additional_validation	flat_sequence_catalogue	C4AL+|C4BL+;C4AL+|C4BS+	C4AL+|C4BL+;C4AL+|C4BS+	1
NA18943	additional_validation	binary_paths	C4AL+|C4BL+;C4AL+|C4BS+	C4AL+|C4BL+;C4AL+|C4BS+	1
NA18943	additional_validation	assembly_profile_oracle	C4AL+|C4BL+;C4AL+|C4BS+	C4AL+|C4BL+;C4AL+|C4BS+	1
NA18944	additional_validation	path_multiplicity	C4AL+|C4BL+;C4AL+|C4BS+	C4AL+|C4BL+|C4BL+;C4AS+|C4BS+	0
NA18944	additional_validation	flat_sequence_catalogue	C4AL+|C4BL+;C4AL+|C4BS+	C4AL+|C4BL+|C4BL+;C4AS+|C4BS+	0
NA18944	additional_validation	binary_paths	C4AL+|C4BL+;C4AL+|C4BS+	C4AL+|C4BL+;C4AL+|C4BS+	1
NA18944	additional_validation	assembly_profile_oracle	C4AL+|C4BL+;C4AL+|C4BS+	C4AL+|C4BL+;C4AL+|C4BS+	1
NA18945	additional_validation	path_multiplicity	C4AL+|C4AS+;C4AL+|C4BS+	C4AL+|C4AS+;C4BL+|C4AS+|C4BS+	0
NA18945	additional_validation	flat_sequence_catalogue	C4AL+|C4AS+;C4AL+|C4BS+	C4AL+|C4AS+;C4BL+|C4AS+|C4BS+	0
NA18945	additional_validation	binary_paths	C4AL+|C4AS+;C4AL+|C4BS+	C4AL+|C4AS+;C4AL+|C4BS+	1
NA18945	additional_validation	assembly_profile_oracle	C4AL+|C4AS+;C4AL+|C4BS+	C4AL+|C4AS+;C4AL+|C4BS+	1
NA18948	pilot	path_multiplicity	C4AL+|C4AL+|C4AL+|C4BL+;C4AL+|C4BS+	C4AL+|C4AL+|C4AL+|C4BL+;C4AL+|C4BS+|C4BS+	0
NA18948	pilot	flat_sequence_catalogue	C4AL+|C4AL+|C4AL+|C4BL+;C4AL+|C4BS+	C4AL+|C4AL+|C4AL+|C4BL+;C4AL+|C4BS+|C4BS+	0
NA18948	pilot	binary_paths	C4AL+|C4AL+|C4AL+|C4BL+;C4AL+|C4BS+		0
NA18948	pilot	assembly_profile_oracle	C4AL+|C4AL+|C4AL+|C4BL+;C4AL+|C4BS+	C4AL+|C4AL+|C4AL+|C4BL+;C4AL+|C4BS+	1
NA18952	pilot	path_multiplicity	C4AL+|C4AL+|C4AL+|C4BL+;C4AL+|C4BL+	C4AL+|C4AL+|C4AL+|C4BL+;C4AL+|C4BL+|C4BL+	0
NA18952	pilot	flat_sequence_catalogue	C4AL+|C4AL+|C4AL+|C4BL+;C4AL+|C4BL+	C4AL+|C4AL+|C4AL+|C4BL+;C4AL+|C4BL+|C4BL+	0
NA18952	pilot	binary_paths	C4AL+|C4AL+|C4AL+|C4BL+;C4AL+|C4BL+		0
NA18952	pilot	assembly_profile_oracle	C4AL+|C4AL+|C4AL+|C4BL+;C4AL+|C4BL+	C4AL+|C4AL+|C4AL+|C4BL+;C4AL+|C4BL+	1
NA18959	additional_validation	path_multiplicity	C4AL+|C4AL+;C4BL+	C4AL+|C4AL+;C4BL+	1
NA18959	additional_validation	flat_sequence_catalogue	C4AL+|C4AL+;C4BL+	C4AL+|C4AL+;C4BL+	1
NA18959	additional_validation	binary_paths	C4AL+|C4AL+;C4BL+	C4AL+|C4AL+;C4AL+|C4BL+	0
NA18959	additional_validation	assembly_profile_oracle	C4AL+|C4AL+;C4BL+	C4AL+|C4AL+;C4BL+	1
NA18960	additional_validation	path_multiplicity	C4AL+|C4BL+;C4AL+|C4BS+	C4AL+|C4BL+;C4AL+|C4BS+	1
NA18960	additional_validation	flat_sequence_catalogue	C4AL+|C4BL+;C4AL+|C4BS+	C4AL+|C4BL+;C4AL+|C4BS+	1
NA18960	additional_validation	binary_paths	C4AL+|C4BL+;C4AL+|C4BS+	C4AL+|C4BL+;C4AL+|C4BS+	1
NA18960	additional_validation	assembly_profile_oracle	C4AL+|C4BL+;C4AL+|C4BS+	C4AL+|C4BL+;C4AL+|C4BS+	1
NA18967	additional_validation	path_multiplicity	C4AL+;C4AL+|C4BL+	C4AL+;C4AL+|C4BL+	1
NA18967	additional_validation	flat_sequence_catalogue	C4AL+;C4AL+|C4BL+	C4AL+;C4AL+|C4BL+	1
NA18967	additional_validation	binary_paths	C4AL+;C4AL+|C4BL+	C4AL+|C4BL+;C4AL+|C4BL+	0
NA18967	additional_validation	assembly_profile_oracle	C4AL+;C4AL+|C4BL+	C4AL+;C4AL+|C4BL+	1
NA18970	additional_validation	path_multiplicity	C4AL+|C4BL+;C4AL+|C4BS+	C4AL+|C4BL+|C4BL+;C4AS+|C4BS+	0
NA18970	additional_validation	flat_sequence_catalogue	C4AL+|C4BL+;C4AL+|C4BS+	C4AL+|C4BL+|C4BL+;C4AS+|C4BS+	0
NA18970	additional_validation	binary_paths	C4AL+|C4BL+;C4AL+|C4BS+	C4AL+|C4BL+;C4AL+|C4BS+	1
NA18970	additional_validation	assembly_profile_oracle	C4AL+|C4BL+;C4AL+|C4BS+	C4AL+|C4BL+;C4AL+|C4BS+	1
NA18971	additional_validation	path_multiplicity	C4AL+|C4BL+;C4AL+|C4BL+	C4AL+|C4AL+;C4AL+|C4BL+	0
NA18971	additional_validation	flat_sequence_catalogue	C4AL+|C4BL+;C4AL+|C4BL+	C4AL+|C4AL+;C4AL+|C4BL+	0
NA18971	additional_validation	binary_paths	C4AL+|C4BL+;C4AL+|C4BL+	C4AL+|C4BL+;C4AL+|C4BL+	1
NA18971	additional_validation	assembly_profile_oracle	C4AL+|C4BL+;C4AL+|C4BL+	C4AL+|C4BL+;C4AL+|C4BL+	1
NA18974	pilot	path_multiplicity	C4AL+|C4AS+|C4BL+;C4AL+|C4AS+|C4BL+	C4AL+|C4AS+|C4BL+;C4AL+|C4AS+|C4BS+|C4BS+	0
NA18974	pilot	flat_sequence_catalogue	C4AL+|C4AS+|C4BL+;C4AL+|C4AS+|C4BL+	C4AL+|C4AS+|C4BL+;C4AL+|C4AS+|C4BS+|C4BS+	0
NA18974	pilot	binary_paths	C4AL+|C4AS+|C4BL+;C4AL+|C4AS+|C4BL+	C4AL+|C4AS+|C4BL+;C4AL+|C4AS+|C4BL+	1
NA18974	pilot	assembly_profile_oracle	C4AL+|C4AS+|C4BL+;C4AL+|C4AS+|C4BL+	C4AL+|C4AS+|C4BL+;C4AL+|C4AS+|C4BL+	1
NA18976	additional_validation	path_multiplicity	C4AL+|C4BS+;C4AL+|C4BS+	C4AL+|C4BS+;C4AL+|C4BS+|C4BS+	0
NA18976	additional_validation	flat_sequence_catalogue	C4AL+|C4BS+;C4AL+|C4BS+	C4AL+|C4BS+;C4AL+|C4BS+|C4BS+	0
NA18976	additional_validation	binary_paths	C4AL+|C4BS+;C4AL+|C4BS+	C4AL+|C4BS+;C4AL+|C4BS+	1
NA18976	additional_validation	assembly_profile_oracle	C4AL+|C4BS+;C4AL+|C4BS+	C4AL+|C4BS+;C4AL+|C4BS+	1
NA18982	additional_validation	path_multiplicity	C4AL+|C4AL+;C4AL+|C4BS+	C4AL+|C4AL+;C4AL+|C4BS+|C4BS+	0
NA18982	additional_validation	flat_sequence_catalogue	C4AL+|C4AL+;C4AL+|C4BS+	C4AL+|C4AL+;C4AL+|C4BS+|C4BS+	0
NA18982	additional_validation	binary_paths	C4AL+|C4AL+;C4AL+|C4BS+	C4AL+|C4BL+;C4AL+|C4BS+	0
NA18982	additional_validation	assembly_profile_oracle	C4AL+|C4AL+;C4AL+|C4BS+	C4AL+|C4AL+;C4AL+|C4BS+	1
NA18983	additional_validation	path_multiplicity	C4AL+|C4BL+;C4AL+|C4BL+	C4AL+|C4BL+;C4AL+|C4BL+|C4BL+	0
NA18983	additional_validation	flat_sequence_catalogue	C4AL+|C4BL+;C4AL+|C4BL+	C4AL+|C4BL+;C4AL+|C4BL+|C4BL+	0
NA18983	additional_validation	binary_paths	C4AL+|C4BL+;C4AL+|C4BL+	C4AL+|C4BL+;C4AL+|C4BL+	1
NA18983	additional_validation	assembly_profile_oracle	C4AL+|C4BL+;C4AL+|C4BL+	C4AL+|C4BL+;C4AL+|C4BL+	1
NA18990	additional_validation	path_multiplicity	C4AL+|C4BS+;C4AL+|C4BS+	C4AL+|C4AS+;C4AL+|C4BS+	0
NA18990	additional_validation	flat_sequence_catalogue	C4AL+|C4BS+;C4AL+|C4BS+	C4AL+|C4AS+;C4AL+|C4BS+	0
NA18990	additional_validation	binary_paths	C4AL+|C4BS+;C4AL+|C4BS+	C4AL+|C4BS+;C4AL+|C4BS+	1
NA18990	additional_validation	assembly_profile_oracle	C4AL+|C4BS+;C4AL+|C4BS+	C4AL+|C4BS+;C4AL+|C4BS+	1
NA19007	pilot	path_multiplicity	C4AL+;C4AL+|C4BS+	C4AL+|C4BS+;C4AL+|C4BS+	0
NA19007	pilot	flat_sequence_catalogue	C4AL+;C4AL+|C4BS+	C4AL+|C4BS+;C4AL+|C4BS+	0
NA19007	pilot	binary_paths	C4AL+;C4AL+|C4BS+	C4AL+|C4BL+;C4AL+|C4BS+	0
NA19007	pilot	assembly_profile_oracle	C4AL+;C4AL+|C4BS+	C4AL+;C4AL+|C4BS+	1
NA19036	additional_validation	path_multiplicity	C4AL+|C4BS+;C4AL+|C4BS+	C4AL+|C4BS+;C4AL+|C4BS+|C4BS+	0
NA19036	additional_validation	flat_sequence_catalogue	C4AL+|C4BS+;C4AL+|C4BS+	C4AL+|C4BS+;C4AL+|C4BS+|C4BS+	0
NA19036	additional_validation	binary_paths	C4AL+|C4BS+;C4AL+|C4BS+	C4AL+|C4BS+;C4AL+|C4BS+	1
NA19036	additional_validation	assembly_profile_oracle	C4AL+|C4BS+;C4AL+|C4BS+	C4AL+|C4BS+;C4AL+|C4BS+	1
NA19043	additional_validation	path_multiplicity	C4AL+|C4BS+;C4AL+|C4BS+	C4AL+|C4BS+;C4AL+|C4BS+	1
NA19043	additional_validation	flat_sequence_catalogue	C4AL+|C4BS+;C4AL+|C4BS+	C4AL+|C4BS+;C4AL+|C4BS+	1
NA19043	additional_validation	binary_paths	C4AL+|C4BS+;C4AL+|C4BS+	C4AL+|C4BS+;C4AL+|C4BS+	1
NA19043	additional_validation	assembly_profile_oracle	C4AL+|C4BS+;C4AL+|C4BS+	C4AL+|C4BS+;C4AL+|C4BS+	1
NA19066	additional_validation	path_multiplicity	C4AL+|C4AL+;C4AL+|C4BS+	C4AL+|C4AL+;C4AL+|C4BS+	1
NA19066	additional_validation	flat_sequence_catalogue	C4AL+|C4AL+;C4AL+|C4BS+	C4AL+|C4AL+;C4AL+|C4BS+	1
NA19066	additional_validation	binary_paths	C4AL+|C4AL+;C4AL+|C4BS+	C4AL+|C4BL+;C4AL+|C4BS+|C4BS+	0
NA19066	additional_validation	assembly_profile_oracle	C4AL+|C4AL+;C4AL+|C4BS+	C4AL+|C4AL+;C4AL+|C4BS+	1
NA19079	additional_validation	path_multiplicity	C4AL+|C4AS+;C4AL+|C4BS+	C4AL+|C4AS+;C4AL+|C4BS+|C4BS+	0
NA19079	additional_validation	flat_sequence_catalogue	C4AL+|C4AS+;C4AL+|C4BS+	C4AL+|C4AS+;C4AL+|C4BS+|C4BS+	0
NA19079	additional_validation	binary_paths	C4AL+|C4AS+;C4AL+|C4BS+	C4AL+|C4AS+;C4AL+|C4BS+	1
NA19079	additional_validation	assembly_profile_oracle	C4AL+|C4AS+;C4AL+|C4BS+	C4AL+|C4AS+;C4AL+|C4BS+	1
NA19087	additional_validation	path_multiplicity	C4AL+|C4BL+;C4AL+|C4BS+	C4AL+|C4BL+;C4AL+|C4BS+	1
NA19087	additional_validation	flat_sequence_catalogue	C4AL+|C4BL+;C4AL+|C4BS+	C4AL+|C4BL+;C4AL+|C4BS+	1
NA19087	additional_validation	binary_paths	C4AL+|C4BL+;C4AL+|C4BS+	C4AL+|C4BL+;C4AL+|C4BS+	1
NA19087	additional_validation	assembly_profile_oracle	C4AL+|C4BL+;C4AL+|C4BS+	C4AL+|C4BL+;C4AL+|C4BS+	1
NA19088	additional_validation	path_multiplicity	C4AL+|C4BL+;C4BL+|C4BL+|C4BL+	C4AL+|C4BL+;C4AL+|C4BL+|C4BL+	0
NA19088	additional_validation	flat_sequence_catalogue	C4AL+|C4BL+;C4BL+|C4BL+|C4BL+	C4AL+|C4BL+;C4AL+|C4BL+|C4BL+	0
NA19088	additional_validation	binary_paths	C4AL+|C4BL+;C4BL+|C4BL+|C4BL+	C4AL+|C4BL+;C4AL+|C4BL+	0
NA19088	additional_validation	assembly_profile_oracle	C4AL+|C4BL+;C4BL+|C4BL+|C4BL+	C4AL+|C4BL+;C4AL+|C4BL+|C4BL+	0
NA19159	pilot	path_multiplicity	C4AL+|C4AS+|C4BS+;C4AL+|C4BS+|C4BS+	C4AL+|C4BS+|C4BS+;C4AL+|C4BS+|C4BS+	0
NA19159	pilot	flat_sequence_catalogue	C4AL+|C4AS+|C4BS+;C4AL+|C4BS+|C4BS+	C4AL+|C4BS+|C4BS+;C4AL+|C4BS+|C4BS+	0
NA19159	pilot	binary_paths	C4AL+|C4AS+|C4BS+;C4AL+|C4BS+|C4BS+	C4AL+|C4BS+;C4AL+|C4BS+|C4BS+	0
NA19159	pilot	assembly_profile_oracle	C4AL+|C4AS+|C4BS+;C4AL+|C4BS+|C4BS+	C4AL+|C4BS+|C4BS+;C4AL+|C4BS+|C4BS+	0
NA19185	additional_validation	path_multiplicity	C4AL+|C4AS+;C4AL+|C4BS+	C4AL+|C4AS+;C4AL+|C4AS+|C4BS+	0
NA19185	additional_validation	flat_sequence_catalogue	C4AL+|C4AS+;C4AL+|C4BS+	C4AL+|C4AS+;C4AL+|C4AS+|C4BS+	0
NA19185	additional_validation	binary_paths	C4AL+|C4AS+;C4AL+|C4BS+	C4AL+|C4BS+;C4AL+|C4BS+	0
NA19185	additional_validation	assembly_profile_oracle	C4AL+|C4AS+;C4AL+|C4BS+	C4AL+|C4AS+;C4AL+|C4BS+	1
NA19338	additional_validation	path_multiplicity	C4AL+|C4BS+;C4AL+|C4BS+	C4AL+|C4BS+;C4AL+|C4BS+|C4BS+	0
NA19338	additional_validation	flat_sequence_catalogue	C4AL+|C4BS+;C4AL+|C4BS+	C4AL+|C4BS+;C4AL+|C4BS+|C4BS+	0
NA19338	additional_validation	binary_paths	C4AL+|C4BS+;C4AL+|C4BS+	C4AL+|C4BS+;C4AL+|C4BS+	1
NA19338	additional_validation	assembly_profile_oracle	C4AL+|C4BS+;C4AL+|C4BS+	C4AL+|C4BS+;C4AL+|C4BS+	1
NA19391	additional_validation	path_multiplicity	C4AL+;C4AL+|C4BS+	C4AL+;C4AL+|C4BS+	1
NA19391	additional_validation	flat_sequence_catalogue	C4AL+;C4AL+|C4BS+	C4AL+;C4AL+|C4BS+	1
NA19391	additional_validation	binary_paths	C4AL+;C4AL+|C4BS+	C4AL+|C4BL+;C4AL+|C4BS+	0
NA19391	additional_validation	assembly_profile_oracle	C4AL+;C4AL+|C4BS+	C4AL+;C4AL+|C4BS+	1
NA19443	additional_validation	path_multiplicity	C4AL+;C4AL+|C4BS+	C4AL+;C4AL+|C4BS+	1
NA19443	additional_validation	flat_sequence_catalogue	C4AL+;C4AL+|C4BS+	C4AL+;C4AL+|C4BS+	1
NA19443	additional_validation	binary_paths	C4AL+;C4AL+|C4BS+	C4AL+;C4AL+|C4BS+	1
NA19443	additional_validation	assembly_profile_oracle	C4AL+;C4AL+|C4BS+	C4AL+;C4AL+|C4BS+	1
NA19468	additional_validation	path_multiplicity	C4AL+|C4BS+;C4BS+	C4BL+|C4AS+|C4BS+;C4BS+	0
NA19468	additional_validation	flat_sequence_catalogue	C4AL+|C4BS+;C4BS+	C4BL+|C4AS+|C4BS+;C4BS+	0
NA19468	additional_validation	binary_paths	C4AL+|C4BS+;C4BS+	C4AL+|C4AS+|C4BL+;C4BS+	0
NA19468	additional_validation	assembly_profile_oracle	C4AL+|C4BS+;C4BS+	C4AL+|C4BS+;C4BS+	1
NA19682	additional_validation	path_multiplicity	C4AL+|C4BL+;C4AL+|C4BS+	C4AL+|C4BL+|C4BL+;C4AS+|C4BS+	0
NA19682	additional_validation	flat_sequence_catalogue	C4AL+|C4BL+;C4AL+|C4BS+	C4AL+|C4BL+|C4BL+;C4AS+|C4BS+	0
NA19682	additional_validation	binary_paths	C4AL+|C4BL+;C4AL+|C4BS+	C4AL+|C4BL+;C4AL+|C4BS+	1
NA19682	additional_validation	assembly_profile_oracle	C4AL+|C4BL+;C4AL+|C4BS+	C4AL+|C4BL+;C4AL+|C4BS+	1
NA19700	additional_validation	path_multiplicity	C4AL+;C4AL+|C4BS+	C4AL+;C4AL+|C4BS+	1
NA19700	additional_validation	flat_sequence_catalogue	C4AL+;C4AL+|C4BS+	C4AL+;C4AL+|C4BS+	1
NA19700	additional_validation	binary_paths	C4AL+;C4AL+|C4BS+	C4AL+|C4BL+;C4AL+|C4BS+	0
NA19700	additional_validation	assembly_profile_oracle	C4AL+;C4AL+|C4BS+		0
NA19776	additional_validation	path_multiplicity	C4AL+|C4BL+;C4AL+|C4BL+	C4AL+|C4BL+|C4BL+;C4AL+|C4BS+	0
NA19776	additional_validation	flat_sequence_catalogue	C4AL+|C4BL+;C4AL+|C4BL+	C4AL+|C4BL+|C4BL+;C4AL+|C4BS+	0
NA19776	additional_validation	binary_paths	C4AL+|C4BL+;C4AL+|C4BL+	C4AL+|C4BL+;C4AL+|C4BL+	1
NA19776	additional_validation	assembly_profile_oracle	C4AL+|C4BL+;C4AL+|C4BL+	C4AL+|C4BL+;C4AL+|C4BL+	1
NA19835	additional_validation	path_multiplicity	C4AL+|C4BS+;C4AL+|C4BS+	C4AL+|C4BS+;C4AL+|C4BS+	1
NA19835	additional_validation	flat_sequence_catalogue	C4AL+|C4BS+;C4AL+|C4BS+	C4AL+|C4BS+;C4AL+|C4BS+	1
NA19835	additional_validation	binary_paths	C4AL+|C4BS+;C4AL+|C4BS+	C4AL+|C4BS+;C4AL+|C4BS+	1
NA19835	additional_validation	assembly_profile_oracle	C4AL+|C4BS+;C4AL+|C4BS+	C4AL+|C4BS+;C4AL+|C4BS+	1
NA19909	additional_validation	path_multiplicity	C4AL+|C4AS+;C4AL+|C4AS+	C4AL+|C4AS+;C4AL+|C4AS+	1
NA19909	additional_validation	flat_sequence_catalogue	C4AL+|C4AS+;C4AL+|C4AS+	C4AL+|C4AS+;C4AL+|C4AS+	1
NA19909	additional_validation	binary_paths	C4AL+|C4AS+;C4AL+|C4AS+	C4AL+|C4AS+;C4AL+|C4AS+	1
NA19909	additional_validation	assembly_profile_oracle	C4AL+|C4AS+;C4AL+|C4AS+	C4AL+|C4AS+;C4AL+|C4AS+	1
NA20282	additional_validation	path_multiplicity	C4AL+|C4AS+;C4AL+|C4BS+|C4BS+	C4AL+|C4AS+;C4BL+|C4AS+|C4BS+	0
NA20282	additional_validation	flat_sequence_catalogue	C4AL+|C4AS+;C4AL+|C4BS+|C4BS+	C4AL+|C4AS+;C4BL+|C4AS+|C4BS+	0
NA20282	additional_validation	binary_paths	C4AL+|C4AS+;C4AL+|C4BS+|C4BS+	C4AL+|C4BS+;C4AL+|C4BS+	0
NA20282	additional_validation	assembly_profile_oracle	C4AL+|C4AS+;C4AL+|C4BS+|C4BS+	C4AL+|C4AS+;C4AL+|C4BS+|C4BS+	1
NA20346	additional_validation	path_multiplicity	C4AL+|C4BS+;C4AL+|C4BS+	C4AL+|C4BS+;C4AL+|C4BS+	1
NA20346	additional_validation	flat_sequence_catalogue	C4AL+|C4BS+;C4AL+|C4BS+	C4AL+|C4BS+;C4AL+|C4BS+	1
NA20346	additional_validation	binary_paths	C4AL+|C4BS+;C4AL+|C4BS+	C4AL+|C4BS+;C4AL+|C4BS+	1
NA20346	additional_validation	assembly_profile_oracle	C4AL+|C4BS+;C4AL+|C4BS+	C4AL+|C4BS+;C4AL+|C4BS+	1
NA20503	additional_validation	path_multiplicity	C4AL+|C4AL+;C4AL+|C4BL+	C4AL+|C4AL+|C4AL+;C4AL+|C4BS+	0
NA20503	additional_validation	flat_sequence_catalogue	C4AL+|C4AL+;C4AL+|C4BL+	C4AL+|C4AL+|C4AL+;C4AL+|C4BS+	0
NA20503	additional_validation	binary_paths	C4AL+|C4AL+;C4AL+|C4BL+	C4AL+|C4AL+;C4AL+|C4AL+	0
NA20503	additional_validation	assembly_profile_oracle	C4AL+|C4AL+;C4AL+|C4BL+	C4AL+|C4AL+;C4AL+|C4BL+	1
NA20752	additional_validation	path_multiplicity	C4AL+|C4AL+;C4AL+|C4BS+	C4AL+|C4AL+;C4AL+|C4BS+|C4BS+	0
NA20752	additional_validation	flat_sequence_catalogue	C4AL+|C4AL+;C4AL+|C4BS+	C4AL+|C4AL+;C4AL+|C4BS+|C4BS+	0
NA20752	additional_validation	binary_paths	C4AL+|C4AL+;C4AL+|C4BS+	C4AL+|C4AL+|C4AL+;C4AL+|C4BS+	0
NA20752	additional_validation	assembly_profile_oracle	C4AL+|C4AL+;C4AL+|C4BS+	C4AL+|C4BL+;C4AL+|C4BS+	0
NA20762	additional_validation	path_multiplicity	C4AL+|C4BL+;C4AL+|C4BL+	C4AL+|C4AL+;C4AL+|C4BL+	0
NA20762	additional_validation	flat_sequence_catalogue	C4AL+|C4BL+;C4AL+|C4BL+	C4AL+|C4AL+;C4AL+|C4BL+	0
NA20762	additional_validation	binary_paths	C4AL+|C4BL+;C4AL+|C4BL+	C4AL+|C4AL+;C4AL+|C4BL+	0
NA20762	additional_validation	assembly_profile_oracle	C4AL+|C4BL+;C4AL+|C4BL+	C4AL+|C4AL+;C4AL+|C4BL+	0
NA20799	additional_validation	path_multiplicity	C4AL+|C4BL+;C4AL+|C4BS+	C4AL+|C4BL+;C4AL+|C4BS+	1
NA20799	additional_validation	flat_sequence_catalogue	C4AL+|C4BL+;C4AL+|C4BS+	C4AL+|C4BL+;C4AL+|C4BS+	1
NA20799	additional_validation	binary_paths	C4AL+|C4BL+;C4AL+|C4BS+	C4AL+|C4AL+|C4BL+;C4AL+|C4BS+	0
NA20799	additional_validation	assembly_profile_oracle	C4AL+|C4BL+;C4AL+|C4BS+	C4AL+|C4BL+;C4AL+|C4BS+	1
NA20805	additional_validation	path_multiplicity	C4AL+;C4AL+|C4BL+	C4AL+;C4AL+|C4BL+	1
NA20805	additional_validation	flat_sequence_catalogue	C4AL+;C4AL+|C4BL+	C4AL+;C4AL+|C4BL+	1
NA20805	additional_validation	binary_paths	C4AL+;C4AL+|C4BL+	C4AL+;C4AL+|C4AL+|C4BL+	0
NA20805	additional_validation	assembly_profile_oracle	C4AL+;C4AL+|C4BL+	C4AL+;C4AL+|C4BL+	1
NA20806	additional_validation	path_multiplicity	C4AL+|C4BL+;C4BL+|C4BL+	C4AL+|C4BL+;C4AL+|C4BL+	0
NA20806	additional_validation	flat_sequence_catalogue	C4AL+|C4BL+;C4BL+|C4BL+	C4AL+|C4BL+;C4AL+|C4BL+	0
NA20806	additional_validation	binary_paths	C4AL+|C4BL+;C4BL+|C4BL+	C4AL+|C4BL+;C4BL+|C4BL+|C4BL+	0
NA20806	additional_validation	assembly_profile_oracle	C4AL+|C4BL+;C4BL+|C4BL+	C4AL+|C4BL+;C4AL+|C4BL+	0
NA20809	additional_validation	path_multiplicity	C4AL+|C4BL+;C4AL+|C4BS+	C4AL+|C4AS+|C4BS+;C4AL+|C4BL+	0
NA20809	additional_validation	flat_sequence_catalogue	C4AL+|C4BL+;C4AL+|C4BS+	C4AL+|C4AS+|C4BS+;C4AL+|C4BL+	0
NA20809	additional_validation	binary_paths	C4AL+|C4BL+;C4AL+|C4BS+	C4AL+|C4BL+;C4AL+|C4BS+	1
NA20809	additional_validation	assembly_profile_oracle	C4AL+|C4BL+;C4AL+|C4BS+	C4AL+|C4BL+;C4AL+|C4BS+	1
NA20827	additional_validation	path_multiplicity	C4AL+;C4AL+|C4BS+	C4AL+;C4AL+|C4BS+	1
NA20827	additional_validation	flat_sequence_catalogue	C4AL+;C4AL+|C4BS+	C4AL+;C4AL+|C4BS+	1
NA20827	additional_validation	binary_paths	C4AL+;C4AL+|C4BS+	C4AL+;C4AL+|C4BS+	1
NA20827	additional_validation	assembly_profile_oracle	C4AL+;C4AL+|C4BS+	C4AL+;C4AL+|C4BS+	1
NA20850	additional_validation	path_multiplicity	C4AL+|C4BS+;C4AL+|C4BS+	C4AL+|C4AS+|C4BS+;C4AL+|C4BS+	0
NA20850	additional_validation	flat_sequence_catalogue	C4AL+|C4BS+;C4AL+|C4BS+	C4AL+|C4AS+|C4BS+;C4AL+|C4BS+	0
NA20850	additional_validation	binary_paths	C4AL+|C4BS+;C4AL+|C4BS+	C4AL+|C4BS+;C4AL+|C4BS+	1
NA20850	additional_validation	assembly_profile_oracle	C4AL+|C4BS+;C4AL+|C4BS+	C4AL+|C4BS+;C4AL+|C4BS+	1
NA20870	additional_validation	path_multiplicity	C4AL+|C4BL+;C4AL+|C4BS+	C4AL+|C4AS+|C4BS+;C4AL+|C4BL+	0
NA20870	additional_validation	flat_sequence_catalogue	C4AL+|C4BL+;C4AL+|C4BS+	C4AL+|C4AS+|C4BS+;C4AL+|C4BL+	0
NA20870	additional_validation	binary_paths	C4AL+|C4BL+;C4AL+|C4BS+		0
NA20870	additional_validation	assembly_profile_oracle	C4AL+|C4BL+;C4AL+|C4BS+	C4AL+|C4BL+;C4AL+|C4BS+	1
NA20905	additional_validation	path_multiplicity	C4AL+;C4AL+|C4AL+	C4AL+|C4AL+;C4AL+|C4BS+	0
NA20905	additional_validation	flat_sequence_catalogue	C4AL+;C4AL+|C4AL+	C4AL+|C4AL+;C4AL+|C4BS+	0
NA20905	additional_validation	binary_paths	C4AL+;C4AL+|C4AL+	C4AL+|C4AL+;C4AL+|C4AL+	0
NA20905	additional_validation	assembly_profile_oracle	C4AL+;C4AL+|C4AL+	C4AL+;C4AL+|C4AL+	1
NA21093	additional_validation	path_multiplicity	C4AL+|C4BS+;C4AL+|C4BS+	C4AL+|C4BS+;C4AL+|C4BS+|C4BS+	0
NA21093	additional_validation	flat_sequence_catalogue	C4AL+|C4BS+;C4AL+|C4BS+	C4AL+|C4BS+;C4AL+|C4BS+|C4BS+	0
NA21093	additional_validation	binary_paths	C4AL+|C4BS+;C4AL+|C4BS+	C4AL+|C4BS+;C4AL+|C4BS+	1
NA21093	additional_validation	assembly_profile_oracle	C4AL+|C4BS+;C4AL+|C4BS+	C4AL+|C4BS+;C4AL+|C4BS+	1
NA21102	additional_validation	path_multiplicity	C4AL+|C4AL+|C4BS+;C4AL+|C4BS+	C4AL+|C4AS+|C4BL+;C4AL+|C4BS+	0
NA21102	additional_validation	flat_sequence_catalogue	C4AL+|C4AL+|C4BS+;C4AL+|C4BS+	C4AL+|C4AS+|C4BL+;C4AL+|C4BS+	0
NA21102	additional_validation	binary_paths	C4AL+|C4AL+|C4BS+;C4AL+|C4BS+	C4AL+|C4AL+;C4AL+|C4BS+	0
NA21102	additional_validation	assembly_profile_oracle	C4AL+|C4AL+|C4BS+;C4AL+|C4BS+	C4AL+|C4AS+|C4BL+;C4AL+|C4BS+	0
NA21106	pilot	path_multiplicity	C4AL+|C4AL+;C4AL+|C4BL+	C4AL+|C4AL+;C4AL+|C4BL+	1
NA21106	pilot	flat_sequence_catalogue	C4AL+|C4AL+;C4AL+|C4BL+	C4AL+|C4AL+;C4AL+|C4BL+	1
NA21106	pilot	binary_paths	C4AL+|C4AL+;C4AL+|C4BL+	C4AL+|C4BL+;C4AL+|C4BL+	0
NA21106	pilot	assembly_profile_oracle	C4AL+|C4AL+;C4AL+|C4BL+	C4AL+|C4AL+;C4AL+|C4BL+	1
NA21110	additional_validation	path_multiplicity	C4AL+|C4AL+;C4AL+|C4BL+	C4AL+|C4AL+;C4AL+|C4BL+	1
NA21110	additional_validation	flat_sequence_catalogue	C4AL+|C4AL+;C4AL+|C4BL+	C4AL+|C4AL+;C4AL+|C4BL+	1
NA21110	additional_validation	binary_paths	C4AL+|C4AL+;C4AL+|C4BL+	C4AL+|C4BL+;C4AL+|C4BL+	0
NA21110	additional_validation	assembly_profile_oracle	C4AL+|C4AL+;C4AL+|C4BL+	C4AL+|C4AL+;C4AL+|C4BL+	1
NA21144	pilot	path_multiplicity	C4AL+|C4BS+;C4BL+|C4BS+	C4AL+|C4BS+;C4AL+|C4BS+	0
NA21144	pilot	flat_sequence_catalogue	C4AL+|C4BS+;C4BL+|C4BS+	C4AL+|C4BS+;C4AL+|C4BS+	0
NA21144	pilot	binary_paths	C4AL+|C4BS+;C4BL+|C4BS+	C4AL+|C4BS+;C4BL+|C4BS+	1
NA21144	pilot	assembly_profile_oracle	C4AL+|C4BS+;C4BL+|C4BS+	C4AL+|C4BS+;C4AL+|C4BS+	0
HG00097	additional_validation	pilot_calibrated_CN_constrained_paths	C4AL+|C4BL+;C4AL+|C4BL+	C4AL+|C4BL+;C4AL+|C4BL+	1
HG00099	additional_validation	pilot_calibrated_CN_constrained_paths	C4AL+|C4BL+;C4BS+	C4AL+|C4BL+;C4BS+	1
HG00126	additional_validation	pilot_calibrated_CN_constrained_paths	C4AL+|C4BL+;C4AL+|C4BS+	C4AL+|C4BL+;C4AL+|C4BS+	1
HG00128	additional_validation	pilot_calibrated_CN_constrained_paths	C4AL+|C4BL+;C4AL+|C4BS+|C4BS+	C4AL+|C4BL+;C4AL+|C4BS+|C4BS+	1
HG00133	additional_validation	pilot_calibrated_CN_constrained_paths	C4AL+|C4AL+;C4AL+|C4BS+	C4AL+|C4AL+;C4AL+|C4BS+	1
HG00140	additional_validation	pilot_calibrated_CN_constrained_paths	C4AL+|C4BL+;C4AL+|C4BS+	C4AL+|C4BL+;C4AL+|C4BS+	1
HG00235	additional_validation	pilot_calibrated_CN_constrained_paths	C4AL+|C4BL+;C4AL+|C4BL+	C4AL+|C4BL+;C4AL+|C4BL+	1
HG00253	additional_validation	pilot_calibrated_CN_constrained_paths	C4AL+|C4BL+;C4AL+|C4BS+	C4AL+|C4BL+;C4AL+|C4BS+	1
HG00272	additional_validation	pilot_calibrated_CN_constrained_paths	C4AL+|C4AL+;C4BS+	C4AL+|C4AL+;C4BS+	1
HG00280	additional_validation	pilot_calibrated_CN_constrained_paths	C4AL+|C4BL+;C4BS+	C4AL+|C4BL+;C4BS+	1
HG00290	additional_validation	pilot_calibrated_CN_constrained_paths	C4AL+;C4AL+|C4AL+	C4AL+;C4AL+|C4AL+	1
HG00320	additional_validation	pilot_calibrated_CN_constrained_paths	C4AL+;C4AL+|C4BS+	C4AL+;C4AL+|C4BS+	1
HG00323	additional_validation	pilot_calibrated_CN_constrained_paths	C4AL+|C4BS+;C4AL+|C4BS+	C4AL+|C4BS+;C4AL+|C4BS+	1
HG00344	additional_validation	pilot_calibrated_CN_constrained_paths	C4AL+|C4BL+;C4AL+|C4BL+	C4AL+|C4BL+;C4AL+|C4BL+	1
HG00350	additional_validation	pilot_calibrated_CN_constrained_paths	C4AL+|C4BL+;C4AL+|C4BL+	C4AL+|C4BL+;C4AL+|C4BL+	1
HG01167	additional_validation	pilot_calibrated_CN_constrained_paths	C4AL+|C4BS+;C4AL+|C4BS+	C4AL+|C4BS+;C4AL+|C4BS+	1
HG01530	additional_validation	pilot_calibrated_CN_constrained_paths	C4AL+|C4BS+;C4AL+|C4BS+	C4AL+|C4BS+;C4AL+|C4BS+	1
HG01784	additional_validation	pilot_calibrated_CN_constrained_paths	C4AL+|C4AL+;C4AL+|C4BS+	C4AL+|C4AL+;C4AL+|C4BS+	1
HG02040	additional_validation	pilot_calibrated_CN_constrained_paths	C4AL+|C4BS+;C4AL+|C4BS+	C4AL+|C4BS+;C4AL+|C4BS+	1
HG02155	additional_validation	pilot_calibrated_CN_constrained_paths	C4AL+|C4AL+;C4BL+	C4AL+;C4AL+|C4BL+	0
HG02165	additional_validation	pilot_calibrated_CN_constrained_paths	C4AL+|C4BL+;C4AL+|C4BS+	C4AL+|C4BL+;C4AL+|C4BS+	1
HG02178	additional_validation	pilot_calibrated_CN_constrained_paths	C4AL+|C4AS+|C4BL+;C4AL+|C4BS+	C4AL+|C4AS+|C4BL+;C4AL+|C4BS+	1
HG02391	additional_validation	pilot_calibrated_CN_constrained_paths	C4AL+|C4BL+;C4AL+|C4BS+	C4AL+|C4BL+;C4AL+|C4BS+	1
HG02583	additional_validation	pilot_calibrated_CN_constrained_paths	C4AL+;C4AL+|C4BS+	C4AL+;C4AL+|C4BS+	1
HG02922	additional_validation	pilot_calibrated_CN_constrained_paths	C4AL+|C4BS+;C4AL+|C4BS+	C4AL+|C4BS+;C4AL+|C4BS+	1
HG02976	additional_validation	pilot_calibrated_CN_constrained_paths	C4AL+;C4AL+|C4BS+	C4AL+;C4AL+|C4BS+	1
HG03130	additional_validation	pilot_calibrated_CN_constrained_paths	C4AL+|C4BS+;C4AL+|C4BS+	C4AL+|C4BS+;C4AL+|C4BS+	1
HG03209	additional_validation	pilot_calibrated_CN_constrained_paths	C4AL+|C4BS+;C4AL+|C4BS+	C4AL+|C4BS+;C4AL+|C4BS+	1
HG03270	additional_validation	pilot_calibrated_CN_constrained_paths	C4AL+|C4BS+;C4AL+|C4BS+	C4AL+|C4BS+;C4AL+|C4BS+	1
HG03369	additional_validation	pilot_calibrated_CN_constrained_paths	C4AL+|C4BS+;C4AL+|C4BS+	C4AL+|C4BS+;C4AL+|C4BS+	1
HG03470	additional_validation	pilot_calibrated_CN_constrained_paths	C4AL+|C4BS+;C4AL+|C4BS+	C4AL+|C4BS+;C4AL+|C4BS+	1
HG03521	additional_validation	pilot_calibrated_CN_constrained_paths	C4AL+|C4BS+;C4AL+|C4BS+	C4AL+|C4BS+;C4AL+|C4BS+	1
HG03583	additional_validation	pilot_calibrated_CN_constrained_paths	C4AL+|C4BS+;C4AL+|C4BS+	C4AL+|C4BS+;C4AL+|C4BS+	1
HG03742	additional_validation	pilot_calibrated_CN_constrained_paths	C4AL+|C4BL+;C4AL+|C4BS+	C4AL+|C4BL+;C4AL+|C4BS+	1
HG03874	additional_validation	pilot_calibrated_CN_constrained_paths	C4AL+|C4AS+|C4BL+;C4AL+|C4BS+	C4AL+|C4AS+|C4BL+;C4AL+|C4BS+	1
NA18508	additional_validation	pilot_calibrated_CN_constrained_paths	C4AL+|C4AS+;C4AL+|C4BS+	C4AL+|C4AS+;C4AL+|C4BS+	1
NA18522	additional_validation	pilot_calibrated_CN_constrained_paths	C4AL+|C4BS+;C4AL+|C4BS+	C4AL+|C4BS+;C4AL+|C4BS+	1
NA18565	additional_validation	pilot_calibrated_CN_constrained_paths	C4AL+|C4BS+;C4AL+|C4BS+	C4AL+|C4BS+;C4AL+|C4BS+	1
NA18570	additional_validation	pilot_calibrated_CN_constrained_paths	C4AL+|C4BS+;C4AL+|C4BS+	C4AL+|C4AS+;C4AL+|C4BS+	0
NA18608	additional_validation	pilot_calibrated_CN_constrained_paths	C4AL+|C4BL+;C4AL+|C4BL+	C4AL+|C4BL+;C4AL+|C4BL+	1
NA18620	additional_validation	pilot_calibrated_CN_constrained_paths	C4AL+|C4AS+;C4AL+|C4BL+	C4AL+|C4AL+;C4AL+|C4BS+	0
NA18747	additional_validation	pilot_calibrated_CN_constrained_paths	C4AL+|C4BL+;C4AL+|C4BL+	C4AL+|C4BL+;C4AL+|C4BL+	1
NA18879	additional_validation	pilot_calibrated_CN_constrained_paths	C4AL+|C4BS+;C4AS+	C4AL+|C4BS+;C4BS+	0
NA18940	additional_validation	pilot_calibrated_CN_constrained_paths	C4AL+|C4AL+;C4AL+|C4BS+	C4AL+|C4AL+;C4AL+|C4BS+	1
NA18943	additional_validation	pilot_calibrated_CN_constrained_paths	C4AL+|C4BL+;C4AL+|C4BS+	C4AL+|C4BL+;C4AL+|C4BS+	1
NA18944	additional_validation	pilot_calibrated_CN_constrained_paths	C4AL+|C4BL+;C4AL+|C4BS+	C4AL+|C4BL+;C4AL+|C4BS+	1
NA18945	additional_validation	pilot_calibrated_CN_constrained_paths	C4AL+|C4AS+;C4AL+|C4BS+	C4AL+|C4AS+;C4AL+|C4BS+	1
NA18959	additional_validation	pilot_calibrated_CN_constrained_paths	C4AL+|C4AL+;C4BL+	C4AL+|C4AL+;C4BL+	1
NA18960	additional_validation	pilot_calibrated_CN_constrained_paths	C4AL+|C4BL+;C4AL+|C4BS+	C4AL+|C4BL+;C4AL+|C4BS+	1
NA18967	additional_validation	pilot_calibrated_CN_constrained_paths	C4AL+;C4AL+|C4BL+	C4AL+;C4AL+|C4BL+	1
NA18970	additional_validation	pilot_calibrated_CN_constrained_paths	C4AL+|C4BL+;C4AL+|C4BS+	C4AL+|C4BL+;C4AL+|C4BS+	1
NA18971	additional_validation	pilot_calibrated_CN_constrained_paths	C4AL+|C4BL+;C4AL+|C4BL+	C4AL+|C4AL+;C4AL+|C4BL+	0
NA18976	additional_validation	pilot_calibrated_CN_constrained_paths	C4AL+|C4BS+;C4AL+|C4BS+	C4AL+|C4BS+;C4AL+|C4BS+	1
NA18982	additional_validation	pilot_calibrated_CN_constrained_paths	C4AL+|C4AL+;C4AL+|C4BS+	C4AL+|C4AL+;C4AL+|C4AS+	0
NA18983	additional_validation	pilot_calibrated_CN_constrained_paths	C4AL+|C4BL+;C4AL+|C4BL+	C4AL+|C4BL+;C4AL+|C4BL+	1
NA18990	additional_validation	pilot_calibrated_CN_constrained_paths	C4AL+|C4BS+;C4AL+|C4BS+	C4AL+|C4AS+;C4AL+|C4BS+	0
NA19036	additional_validation	pilot_calibrated_CN_constrained_paths	C4AL+|C4BS+;C4AL+|C4BS+	C4AL+|C4BS+;C4AL+|C4BS+	1
NA19043	additional_validation	pilot_calibrated_CN_constrained_paths	C4AL+|C4BS+;C4AL+|C4BS+	C4AL+|C4BS+;C4AL+|C4BS+	1
NA19066	additional_validation	pilot_calibrated_CN_constrained_paths	C4AL+|C4AL+;C4AL+|C4BS+	C4AL+|C4AL+;C4AL+|C4BS+	1
NA19079	additional_validation	pilot_calibrated_CN_constrained_paths	C4AL+|C4AS+;C4AL+|C4BS+	C4AL+|C4AS+;C4AL+|C4BS+	1
NA19087	additional_validation	pilot_calibrated_CN_constrained_paths	C4AL+|C4BL+;C4AL+|C4BS+	C4AL+|C4BL+;C4AL+|C4BS+	1
NA19088	additional_validation	pilot_calibrated_CN_constrained_paths	C4AL+|C4BL+;C4BL+|C4BL+|C4BL+	C4AL+|C4BL+;C4AL+|C4BL+|C4BL+	0
NA19185	additional_validation	pilot_calibrated_CN_constrained_paths	C4AL+|C4AS+;C4AL+|C4BS+	C4AL+|C4AS+;C4AL+|C4BS+	1
NA19338	additional_validation	pilot_calibrated_CN_constrained_paths	C4AL+|C4BS+;C4AL+|C4BS+	C4AL+|C4BS+;C4AL+|C4BS+	1
NA19391	additional_validation	pilot_calibrated_CN_constrained_paths	C4AL+;C4AL+|C4BS+	C4AL+;C4AL+|C4BS+	1
NA19443	additional_validation	pilot_calibrated_CN_constrained_paths	C4AL+;C4AL+|C4BS+	C4AL+;C4AL+|C4BS+	1
NA19468	additional_validation	pilot_calibrated_CN_constrained_paths	C4AL+|C4BS+;C4BS+	C4AL+|C4BS+;C4BS+	1
NA19682	additional_validation	pilot_calibrated_CN_constrained_paths	C4AL+|C4BL+;C4AL+|C4BS+	C4AL+|C4BL+;C4AL+|C4BS+	1
NA19700	additional_validation	pilot_calibrated_CN_constrained_paths	C4AL+;C4AL+|C4BS+	C4AL+;C4AL+|C4BS+	1
NA19776	additional_validation	pilot_calibrated_CN_constrained_paths	C4AL+|C4BL+;C4AL+|C4BL+	C4AL+|C4BL+;C4AL+|C4BL+	1
NA19835	additional_validation	pilot_calibrated_CN_constrained_paths	C4AL+|C4BS+;C4AL+|C4BS+	C4AL+|C4BS+;C4AL+|C4BS+	1
NA19909	additional_validation	pilot_calibrated_CN_constrained_paths	C4AL+|C4AS+;C4AL+|C4AS+	C4AL+|C4AS+;C4AL+|C4AS+	1
NA20282	additional_validation	pilot_calibrated_CN_constrained_paths	C4AL+|C4AS+;C4AL+|C4BS+|C4BS+	C4AL+|C4AS+;C4BL+|C4AS+|C4BS+	0
NA20346	additional_validation	pilot_calibrated_CN_constrained_paths	C4AL+|C4BS+;C4AL+|C4BS+	C4AL+|C4BS+;C4AL+|C4BS+	1
NA20503	additional_validation	pilot_calibrated_CN_constrained_paths	C4AL+|C4AL+;C4AL+|C4BL+	C4AL+|C4AL+;C4AL+|C4AL+	0
NA20752	additional_validation	pilot_calibrated_CN_constrained_paths	C4AL+|C4AL+;C4AL+|C4BS+	C4AL+|C4BL+;C4AL+|C4BS+	0
NA20762	additional_validation	pilot_calibrated_CN_constrained_paths	C4AL+|C4BL+;C4AL+|C4BL+	C4AL+|C4AL+;C4AL+|C4BL+	0
NA20799	additional_validation	pilot_calibrated_CN_constrained_paths	C4AL+|C4BL+;C4AL+|C4BS+	C4AL+|C4BL+;C4AL+|C4BS+	1
NA20805	additional_validation	pilot_calibrated_CN_constrained_paths	C4AL+;C4AL+|C4BL+	C4AL+;C4AL+|C4BL+	1
NA20806	additional_validation	pilot_calibrated_CN_constrained_paths	C4AL+|C4BL+;C4BL+|C4BL+	C4AL+|C4BL+;C4AL+|C4BL+	0
NA20809	additional_validation	pilot_calibrated_CN_constrained_paths	C4AL+|C4BL+;C4AL+|C4BS+	C4AL+|C4BL+;C4AL+|C4BS+	1
NA20827	additional_validation	pilot_calibrated_CN_constrained_paths	C4AL+;C4AL+|C4BS+	C4AL+;C4AL+|C4BS+	1
NA20850	additional_validation	pilot_calibrated_CN_constrained_paths	C4AL+|C4BS+;C4AL+|C4BS+	C4AL+|C4BS+;C4AL+|C4BS+	1
NA20870	additional_validation	pilot_calibrated_CN_constrained_paths	C4AL+|C4BL+;C4AL+|C4BS+	C4AL+|C4BL+;C4AL+|C4BS+	1
NA20905	additional_validation	pilot_calibrated_CN_constrained_paths	C4AL+;C4AL+|C4AL+	C4AL+;C4AL+|C4AL+	1
NA21093	additional_validation	pilot_calibrated_CN_constrained_paths	C4AL+|C4BS+;C4AL+|C4BS+	C4AL+|C4BS+;C4AL+|C4BS+	1
NA21102	additional_validation	pilot_calibrated_CN_constrained_paths	C4AL+|C4AL+|C4BS+;C4AL+|C4BS+	C4AL+|C4AS+|C4BL+;C4AL+|C4BS+	0
NA21110	additional_validation	pilot_calibrated_CN_constrained_paths	C4AL+|C4AL+;C4AL+|C4BL+	C4AL+|C4AL+;C4AL+|C4BL+	1
