donor	locus	control	truth	estimate	rounded_call	correct	control_depth	calibration_factor	calibrated_estimate	calibrated_call	calibrated_correct
HG00097	RCCX	WHR1_unique_region	4	4.420889121095248	4	1	36.5906	1.1237617739870727	3.934009167628178	4	1
HG00099	RCCX	WHR1_unique_region	3	3.089783555897474	3	1	44.3084	1.1237617739870727	2.749500496831295	3	1
HG00126	RCCX	WHR1_unique_region	4	4.526872094441742	5	0	49.5358	1.1237617739870727	4.028320057889617	4	1
HG00128	RCCX	WHR1_unique_region	5	5.708037734919654	6	0	47.468	1.1237617739870727	5.079401940028365	5	1
HG00133	RCCX	WHR1_unique_region	4	4.190054473090979	4	1	57.672	1.1237617739870727	3.7285967276007197	4	1
HG00140	RCCX	WHR1_unique_region	4	4.403413729078687	4	1	37.7728	1.1237617739870727	3.918458369922576	4	1
HG00235	RCCX	WHR1_unique_region	4	4.6456923766020894	5	0	40.4062	1.1237617739870727	4.134054462556876	4	1
HG00253	RCCX	WHR1_unique_region	4	4.503399427730207	5	0	39.8924	1.1237617739870727	4.007432475436748	4	1
HG00272	RCCX	WHR1_unique_region	3	3.3934937163281864	3	1	48.4784	1.1237617739870727	3.0197625465477205	3	1
HG00280	RCCX	WHR1_unique_region	3	3.3486443085593414	3	1	37.6324	1.1237617739870727	2.9798524794792165	3	1
HG00290	RCCX	WHR1_unique_region	3	3.476623037527371	3	1	49.5086	1.1237617739870727	3.093736695805569	3	1
HG00320	RCCX	WHR1_unique_region	3	3.3874804764291118	3	1	43.163	1.1237617739870727	3.0144115548711308	3	1
HG00323	RCCX	WHR1_unique_region	4	4.362885299479469	4	1	34.0252	1.1237617739870727	3.8823934044313364	4	1
HG00344	RCCX	WHR1_unique_region	4	4.340569340744775	4	1	39.95	1.1237617739870727	3.8625351397605976	4	1
HG00350	RCCX	WHR1_unique_region	4	4.5083788329183365	5	0	48.5568	1.1237617739870727	4.011863490357698	4	1
HG01167	RCCX	WHR1_unique_region	4	4.362737758905641	4	1	51.745	1.1237617739870727	3.882262112749021	4	1
HG01530	RCCX	WHR1_unique_region	4	4.782523060976719	5	0	34.7906	1.1237617739870727	4.255815753554663	4	1
HG01784	RCCX	WHR1_unique_region	4	4.4903408701279535	4	1	35.6456	1.1237617739870727	3.995812078743665	4	1
HG02040	RCCX	WHR1_unique_region	4	4.438149556013619	4	1	33.3858	1.1237617739870727	3.949368681822304	4	1
HG02155	RCCX	WHR1_unique_region	3	3.3008096794090105	3	1	34.688	1.1237617739870727	2.937285958480184	3	1
HG02165	RCCX	WHR1_unique_region	4	4.9692176571531785	5	0	32.7126	1.1237617739870727	4.421949359891951	4	1
HG02178	RCCX	WHR1_unique_region	5	5.671736370933635	6	0	34.8896	1.1237617739870727	5.0470985063057325	5	1
HG02391	RCCX	WHR1_unique_region	4	4.5787397051655265	5	0	33.3364	1.1237617739870727	4.074475401419197	4	1
HG02583	RCCX	WHR1_unique_region	3	3.186705180307287	3	1	47.928	1.1237617739870727	2.8357479797528207	3	1
HG02922	RCCX	WHR1_unique_region	4	4.314739866047339	4	1	36.2522	1.1237617739870727	3.8395503085487355	4	1
HG02976	RCCX	WHR1_unique_region	3	3.3987526595155435	3	1	39.3306	1.1237617739870727	3.024442313477947	3	1
HG03130	RCCX	WHR1_unique_region	4	3.9479837026881888	4	1	53.8644	1.1237617739870727	3.513185618230154	4	1
HG03209	RCCX	WHR1_unique_region	4	4.220534927643527	4	1	37.3804	1.1237617739870727	3.755720318434749	4	1
HG03270	RCCX	WHR1_unique_region	4	4.182733100678009	4	1	59.9284	1.1237617739870727	3.722081670243862	4	1
HG03369	RCCX	WHR1_unique_region	4	4.434161412600647	4	1	44.348	1.1237617739870727	3.9458197593502193	4	1
HG03470	RCCX	WHR1_unique_region	4	4.734407574085835	5	0	37.2126	1.1237617739870727	4.21299930615036	4	1
HG03521	RCCX	WHR1_unique_region	4	4.051628149085064	4	1	39.6448	1.1237617739870727	3.6054155274476107	4	1
HG03583	RCCX	WHR1_unique_region	4	4.565698132568898	5	0	35.0262	1.1237617739870727	4.062870119144505	4	1
HG03742	RCCX	WHR1_unique_region	4	4.706601991586521	5	0	36.3608	1.1237617739870727	4.18825599921204	4	1
HG03874	RCCX	WHR1_unique_region	5	5.353335561971009	5	1	36.5374	1.1237617739870727	4.763763713885316	5	1
NA18508	RCCX	WHR1_unique_region	4	4.527615575953728	5	0	51.9628	1.1237617739870727	4.028981658532382	4	1
NA18522	RCCX	WHR1_unique_region	4	4.5430971610773865	5	0	32.1704	1.1237617739870727	4.04275823065116	4	1
NA18565	RCCX	WHR1_unique_region	4	4.390457964472012	4	1	57.006	1.1237617739870727	3.9069294454596015	4	1
NA18570	RCCX	WHR1_unique_region	4	4.848214753551063	5	0	32.833	1.1237617739870727	4.314272709552794	4	1
NA18608	RCCX	WHR1_unique_region	4	4.291155583670834	4	1	35.2292	1.1237617739870727	3.8185634028517845	4	1
NA18620	RCCX	WHR1_unique_region	4	4.5212923114302	5	0	39.7608	1.1237617739870727	4.023354785764595	4	1
NA18747	RCCX	WHR1_unique_region	4	4.3226290936294	4	1	36.3378	1.1237617739870727	3.8465706822299564	4	1
NA18879	RCCX	WHR1_unique_region	3	3.0809379180577636	3	1	46.738	1.1237617739870727	2.7416290439624844	3	1
NA18940	RCCX	WHR1_unique_region	4	4.657471177482263	5	0	34.3132	1.1237617739870727	4.144536044287835	4	1
NA18943	RCCX	WHR1_unique_region	4	4.158716959663391	4	1	36.7084	1.1237617739870727	3.700710467226865	4	1
NA18944	RCCX	WHR1_unique_region	4	4.392491361308901	4	1	34.6532	1.1237617739870727	3.9087389008833027	4	1
NA18945	RCCX	WHR1_unique_region	4	4.62769994800501	5	0	36.4272	1.1237617739870727	4.118043570378863	4	1
NA18959	RCCX	WHR1_unique_region	3	3.482240522832099	3	1	49.3796	1.1237617739870727	3.0987355180068237	3	1
NA18960	RCCX	WHR1_unique_region	4	4.435155869292027	4	1	36.9764	1.1237617739870727	3.946704694853811	4	1
NA18967	RCCX	WHR1_unique_region	3	3.366373611658515	3	1	37.07	1.1237617739870727	2.995629224612903	3	1
NA18970	RCCX	WHR1_unique_region	4	4.840585036881992	5	0	42.7356	1.1237617739870727	4.307483266411299	4	1
NA18971	RCCX	WHR1_unique_region	4	4.478549297621701	4	1	35.2152	1.1237617739870727	3.9853191319472843	4	1
NA18976	RCCX	WHR1_unique_region	4	4.606009434812292	5	0	34.873	1.1237617739870727	4.098741869880758	4	1
NA18982	RCCX	WHR1_unique_region	4	4.521379441649078	5	0	33.3818	1.1237617739870727	4.023432320185941	4	1
NA18983	RCCX	WHR1_unique_region	4	4.5147171036977145	5	0	33.1044	1.1237617739870727	4.017503716717143	4	1
NA18990	RCCX	WHR1_unique_region	4	4.249331057554561	4	1	39.87	1.1237617739870727	3.7813450821325443	4	1
NA19036	RCCX	WHR1_unique_region	4	4.653579359532932	5	0	48.5412	1.1237617739870727	4.141072838794092	4	1
NA19043	RCCX	WHR1_unique_region	4	4.559270155024452	5	0	41.3732	1.1237617739870727	4.057150065576888	4	1
NA19066	RCCX	WHR1_unique_region	4	4.050966686518962	4	1	36.437	1.1237617739870727	3.604826912866288	4	1
NA19079	RCCX	WHR1_unique_region	4	4.511431163214161	5	0	50.4712	1.1237617739870727	4.014579662384974	4	1
NA19087	RCCX	WHR1_unique_region	4	4.3430777784869825	4	1	35.0856	1.1237617739870727	3.8647673190358436	4	1
NA19088	RCCX	WHR1_unique_region	5	5.942374774205653	6	0	36.0972	1.1237617739870727	5.287931047095763	5	1
NA19185	RCCX	WHR1_unique_region	4	4.453419175542736	4	1	41.3504	1.1237617739870727	3.962956632473927	4	1
NA19338	RCCX	WHR1_unique_region	4	4.569381080754068	5	0	34.1886	1.1237617739870727	4.066147458052469	4	1
NA19391	RCCX	WHR1_unique_region	3	3.155051083125959	3	1	37.6334	1.1237617739870727	2.807580001526421	3	1
NA19443	RCCX	WHR1_unique_region	3	3.3123092495956667	3	1	36.69	1.1237617739870727	2.9475190616634825	3	1
NA19468	RCCX	WHR1_unique_region	3	3.2364030532138934	3	1	36.4562	1.1237617739870727	2.8799725423398534	3	1
NA19682	RCCX	WHR1_unique_region	4	4.677496379810619	5	0	35.0692	1.1237617739870727	4.162355837407606	4	1
NA19700	RCCX	WHR1_unique_region	3	3.513642198422423	4	0	33.973	1.1237617739870727	3.1266788742565312	3	1
NA19776	RCCX	WHR1_unique_region	4	4.340275077140552	4	1	36.2976	1.1237617739870727	3.862273283901968	4	1
NA19835	RCCX	WHR1_unique_region	4	4.308711194644571	4	1	46.9478	1.1237617739870727	3.834185584865905	4	1
NA19909	RCCX	WHR1_unique_region	4	4.319857110264134	4	1	37.2588	1.1237617739870727	3.8441039820543206	4	1
NA20282	RCCX	WHR1_unique_region	5	5.579832268442319	6	0	32.6518	1.1237617739870727	4.965315957175909	5	1
NA20346	RCCX	WHR1_unique_region	4	4.4720571607105075	4	1	36.843	1.1237617739870727	3.9795419849918763	4	1
NA20503	RCCX	WHR1_unique_region	4	4.651218150436512	5	0	36.7308	1.1237617739870727	4.138971673626281	4	1
NA20752	RCCX	WHR1_unique_region	4	4.731454608175621	5	0	34.4802	1.1237617739870727	4.210371555341808	4	1
NA20762	RCCX	WHR1_unique_region	4	4.421516494433762	4	1	56.584	1.1237617739870727	3.934567447285874	4	1
NA20799	RCCX	WHR1_unique_region	4	4.677727945026	5	0	34.9362	1.1237617739870727	4.162561899956397	4	1
NA20805	RCCX	WHR1_unique_region	3	3.5840304844099204	4	0	36.706	1.1237617739870727	3.1893151799370156	3	1
NA20806	RCCX	WHR1_unique_region	4	4.506728473878094	5	0	35.1034	1.1237617739870727	4.010394888133948	4	1
NA20809	RCCX	WHR1_unique_region	4	4.648790054977231	5	0	35.5696	1.1237617739870727	4.136810988403231	4	1
NA20827	RCCX	WHR1_unique_region	3	3.166810424745344	3	1	45.9086	1.1237617739870727	2.818044267077707	3	1
NA20850	RCCX	WHR1_unique_region	4	4.747308527765531	5	0	48.8958	1.1237617739870727	4.224479456105919	4	1
NA20870	RCCX	WHR1_unique_region	4	4.36224296853656	4	1	34.0858	1.1237617739870727	3.8818218144753707	4	1
NA20905	RCCX	WHR1_unique_region	3	3.419030225691377	3	1	52.6158	1.1237617739870727	3.0424866771902743	3	1
NA21093	RCCX	WHR1_unique_region	4	4.840397031988086	5	0	42.434	1.1237617739870727	4.307315966812525	4	1
NA21102	RCCX	WHR1_unique_region	5	5.601912674863256	6	0	44.3344	1.1237617739870727	4.9849646113053305	5	1
NA21110	RCCX	WHR1_unique_region	4	4.495686435790489	4	1	51.6638	1.1237617739870727	4.000568928270206	4	1
HG00097	RCCX	TNXB_distal_region	4	4.201554137889465	4	1	38.50075	1.0886994145901734	3.8592416617318426	4	1
HG00099	RCCX	TNXB_distal_region	3	3.2596349895743684	3	1	41.9996	1.0886994145901734	2.994063325368293	3	1
HG00126	RCCX	TNXB_distal_region	4	4.432102593059537	4	1	50.595	1.0886994145901734	4.071006683445259	4	1
HG00128	RCCX	TNXB_distal_region	5	5.564374238501118	6	0	48.69355	1.0886994145901734	5.111028961649395	5	1
HG00133	RCCX	TNXB_distal_region	4	4.344146951569724	4	1	55.6263	1.0886994145901734	3.9902170363571114	4	1
HG00140	RCCX	TNXB_distal_region	4	4.464813663891795	4	1	37.25335	1.0886994145901734	4.101052690996914	4	1
HG00235	RCCX	TNXB_distal_region	4	4.511176125271036	5	0	41.61105	1.0886994145901734	4.143637871771254	4	1
HG00253	RCCX	TNXB_distal_region	4	4.438039899574468	4	1	40.4799	1.0886994145901734	4.076460260838029	4	1
HG00272	RCCX	TNXB_distal_region	3	3.135169950481856	3	1	52.4728	1.0886994145901734	2.8797388043623133	3	1
HG00280	RCCX	TNXB_distal_region	3	3.268178258936733	3	1	38.55895	1.0886994145901734	3.0019105504589585	3	1
HG00290	RCCX	TNXB_distal_region	3	3.3297462069553214	3	1	51.69245	1.0886994145901734	3.058462383952655	3	1
HG00320	RCCX	TNXB_distal_region	3	3.2008489504990125	3	1	45.6797	1.0886994145901734	2.9400667508431884	3	1
HG00323	RCCX	TNXB_distal_region	4	4.367364950937439	4	1	33.9903	1.0886994145901734	4.011543399774378	4	1
HG00344	RCCX	TNXB_distal_region	4	4.19794939539073	4	1	41.30725	1.0886994145901734	3.8559306077802873	4	1
HG00350	RCCX	TNXB_distal_region	4	4.271712477105959	4	1	51.247	1.0886994145901734	3.923684003002784	4	1
HG01167	RCCX	TNXB_distal_region	4	4.18039436159502	4	1	54.00205	1.0886994145901734	3.839805832143921	4	1
HG01530	RCCX	TNXB_distal_region	4	4.568525663750705	5	0	36.42025	1.0886994145901734	4.196314981459292	4	1
HG01784	RCCX	TNXB_distal_region	4	4.63420083992562	5	0	34.53905	1.0886994145901734	4.256639415637147	4	1
HG02040	RCCX	TNXB_distal_region	4	4.2888867695145985	4	1	34.5477	1.0886994145901734	3.939459057327677	4	1
HG02155	RCCX	TNXB_distal_region	3	3.257411025538718	3	1	35.15015	1.0886994145901734	2.992020553960643	3	1
HG02165	RCCX	TNXB_distal_region	4	4.5772122005110365	5	0	35.5142	1.0886994145901734	4.204293801548583	4	1
HG02178	RCCX	TNXB_distal_region	5	5.355585866198082	5	1	36.9492	1.0886994145901734	4.91925116742542	5	1
HG02391	RCCX	TNXB_distal_region	4	4.4241305659271815	4	1	34.5014	1.0886994145901734	4.0636841598675675	4	1
HG02583	RCCX	TNXB_distal_region	3	3.1943364506210097	3	1	47.8135	1.0886994145901734	2.934084842714346	3	1
HG02922	RCCX	TNXB_distal_region	4	4.508597806557762	5	0	34.69345	1.0886994145901734	4.141269615961872	4	1
HG02976	RCCX	TNXB_distal_region	3	3.3557758351556832	3	1	39.8343	1.0886994145901734	3.082371304864641	3	1
HG03130	RCCX	TNXB_distal_region	4	4.335520709221731	4	1	49.04965	1.0886994145901734	3.982293598324181	4	1
HG03209	RCCX	TNXB_distal_region	4	4.361813946479607	4	1	36.16965	1.0886994145901734	4.006444651319625	4	1
HG03270	RCCX	TNXB_distal_region	4	4.195639605126737	4	1	59.74405	1.0886994145901734	3.853809002649396	4	1
HG03369	RCCX	TNXB_distal_region	4	4.3157763242439495	4	1	45.5645	1.0886994145901734	3.964157844126854	4	1
HG03470	RCCX	TNXB_distal_region	4	4.3404952060908615	4	1	40.58975	1.0886994145901734	3.986862808890904	4	1
HG03521	RCCX	TNXB_distal_region	4	4.337755119730691	4	1	37.02975	1.0886994145901734	3.984345965101471	4	1
HG03583	RCCX	TNXB_distal_region	4	4.478728739593511	4	1	35.70635	1.0886994145901734	4.113834066200421	4	1
HG03742	RCCX	TNXB_distal_region	4	4.6392979263256695	5	0	36.8883	1.0886994145901734	4.261321228019648	4	1
HG03874	RCCX	TNXB_distal_region	5	5.257106685497566	5	1	37.2062	1.0886994145901734	4.8287953635729055	5	1
NA18508	RCCX	TNXB_distal_region	4	4.5104851625267255	5	0	52.16015	1.0886994145901734	4.1430032037122375	4	1
NA18522	RCCX	TNXB_distal_region	4	4.388643917013205	4	1	33.3026	1.0886994145901734	4.031088708415677	4	1
NA18565	RCCX	TNXB_distal_region	4	4.465326559453696	4	1	56.0502	1.0886994145901734	4.101523799509536	4	1
NA18570	RCCX	TNXB_distal_region	4	4.270306373970146	4	1	37.27635	1.0886994145901734	3.9223924590587265	4	1
NA18608	RCCX	TNXB_distal_region	4	4.259243777693908	4	1	35.49315	1.0886994145901734	3.912231163729655	4	1
NA18620	RCCX	TNXB_distal_region	4	4.385911992415211	4	1	40.9881	1.0886994145901734	4.028579361426615	4	1
NA18747	RCCX	TNXB_distal_region	4	4.203587711527368	4	1	37.36685	1.0886994145901734	3.8611095543849023	4	1
NA18879	RCCX	TNXB_distal_region	3	3.1452864765951487	3	1	45.7818	1.0886994145901734	2.8890311085352707	3	1
NA18940	RCCX	TNXB_distal_region	4	4.2101575787249725	4	1	37.95885	1.0886994145901734	3.8671441559558764	4	1
NA18943	RCCX	TNXB_distal_region	4	4.477589902156601	4	1	34.0942	1.0886994145901734	4.112788013064314	4	1
NA18944	RCCX	TNXB_distal_region	4	4.56416859621765	5	0	33.34975	1.0886994145901734	4.192312896517696	4	1
NA18945	RCCX	TNXB_distal_region	4	4.548467127050614	5	0	37.06175	1.0886994145901734	4.1778906703672885	4	1
NA18959	RCCX	TNXB_distal_region	3	3.4013997950919017	3	1	50.5532	1.0886994145901734	3.124278151993233	3	1
NA18960	RCCX	TNXB_distal_region	4	4.139852009019278	4	1	39.614	1.0886994145901734	3.8025665794793055	4	1
NA18967	RCCX	TNXB_distal_region	3	3.2565156237105457	3	1	38.32055	1.0886994145901734	2.9911981030470365	3	1
NA18970	RCCX	TNXB_distal_region	4	4.301038033918697	4	1	48.0966	1.0886994145901734	3.9506203239190376	4	1
NA18971	RCCX	TNXB_distal_region	4	4.425454202308446	4	1	35.6377	1.0886994145901734	4.064899955856364	4	1
NA18976	RCCX	TNXB_distal_region	4	4.525965018638031	5	0	35.48975	1.0886994145901734	4.157221872248155	4	1
NA18982	RCCX	TNXB_distal_region	4	4.3730217401263	4	1	34.5143	1.0886994145901734	4.016739314379504	4	1
NA18983	RCCX	TNXB_distal_region	4	4.361785049150612	4	1	34.2651	1.0886994145901734	4.006418108337597	4	1
NA18990	RCCX	TNXB_distal_region	4	4.302926068480252	4	1	39.3734	1.0886994145901734	3.95235453497514	4	1
NA19036	RCCX	TNXB_distal_region	4	4.1678373903120844	4	1	54.19845	1.0886994145901734	3.82827191275841	4	1
NA19043	RCCX	TNXB_distal_region	4	4.579470511009952	5	0	41.1907	1.0886994145901734	4.20636812111618	4	1
NA19066	RCCX	TNXB_distal_region	4	4.215390878581537	4	1	35.01575	1.0886994145901734	3.871951084100073	4	1
NA19079	RCCX	TNXB_distal_region	4	4.3694386064612525	4	1	52.11135	1.0886994145901734	4.013448108728956	4	1
NA19087	RCCX	TNXB_distal_region	4	4.288152235961246	4	1	35.535	1.0886994145901734	3.938784368296427	4	1
NA19088	RCCX	TNXB_distal_region	5	5.276030580845858	5	1	40.65615	1.0886994145901734	4.846177475747014	5	1
NA19185	RCCX	TNXB_distal_region	4	4.31026453146932	4	1	42.72375	1.0886994145901734	3.959095112668783	4	1
NA19338	RCCX	TNXB_distal_region	4	4.348088765425554	4	1	35.9286	1.0886994145901734	3.9938376995107827	4	1
NA19391	RCCX	TNXB_distal_region	3	3.132849238701546	3	1	37.9001	1.0886994145901734	2.877607167521869	3	1
NA19443	RCCX	TNXB_distal_region	3	3.303588819582677	3	1	36.78685	1.0886994145901734	3.0344361127688027	3	1
NA19468	RCCX	TNXB_distal_region	3	3.4100867930824332	3	1	34.5994	1.0886994145901734	3.1322573957349977	3	1
NA19682	RCCX	TNXB_distal_region	4	4.5507485873684725	5	0	36.04595	1.0886994145901734	4.1799862536727295	4	1
NA19700	RCCX	TNXB_distal_region	3	3.3803074616042785	3	1	35.31305	1.0886994145901734	3.1049042704562773	3	1
NA19776	RCCX	TNXB_distal_region	4	4.2915398242435785	4	1	36.7098	1.0886994145901734	3.9418959601985937	4	1
NA19835	RCCX	TNXB_distal_region	4	4.385700425355202	4	1	46.12365	1.0886994145901734	4.028385031332217	4	1
NA19909	RCCX	TNXB_distal_region	4	4.491180805020141	4	1	35.8375	1.0886994145901734	4.125271626705878	4	1
NA20282	RCCX	TNXB_distal_region	5	5.31440343680832	5	1	34.2826	1.0886994145901734	4.881423986811693	5	1
NA20346	RCCX	TNXB_distal_region	4	4.49941907051014	4	1	36.61895	1.0886994145901734	4.132838697450652	4	1
NA20503	RCCX	TNXB_distal_region	4	4.471925013056503	4	1	38.20345	1.0886994145901734	4.107584658470585	4	1
NA20752	RCCX	TNXB_distal_region	4	4.5275769521649565	5	0	36.03285	1.0886994145901734	4.158702477000324	4	1
NA20762	RCCX	TNXB_distal_region	4	4.369316963343347	4	1	57.26	1.0886994145901734	4.013336376219251	4	1
NA20799	RCCX	TNXB_distal_region	4	4.481625865778251	4	1	36.4649	1.0886994145901734	4.116495155336609	4	1
NA20805	RCCX	TNXB_distal_region	3	3.532035299049452	4	0	37.24635	1.0886994145901734	3.2442704126731257	3	1
NA20806	RCCX	TNXB_distal_region	4	4.44210900781945	4	1	35.61405	1.0886994145901734	4.0801978473476295	4	1
NA20809	RCCX	TNXB_distal_region	4	4.573576568910915	5	0	36.15455	1.0886994145901734	4.200954375117927	4	1
NA20827	RCCX	TNXB_distal_region	3	3.2911815968864793	3	1	44.17375	1.0886994145901734	3.0230397415299444	3	1
NA20850	RCCX	TNXB_distal_region	4	4.4260948913784315	4	1	52.4443	1.0886994145901734	4.065488446179221	4	1
NA20870	RCCX	TNXB_distal_region	4	4.206637443065849	4	1	35.34665	1.0886994145901734	3.8639108156858724	4	1
NA20905	RCCX	TNXB_distal_region	3	3.245515157263595	3	1	55.4288	1.0886994145901734	2.9810938756546745	3	1
NA21093	RCCX	TNXB_distal_region	4	4.4103101997844725	4	1	46.5721	1.0886994145901734	4.050989777967939	4	1
NA21102	RCCX	TNXB_distal_region	5	5.579724364983197	6	0	44.5107	1.0886994145901734	5.125128469995192	5	1
NA21110	RCCX	TNXB_distal_region	4	4.244796808353334	4	1	54.7174	1.0886994145901734	3.8989612297635263	4	1
