donor	family	locus	evaluation_set	method	truth_pair	truth_cn	represented_in_training	calibration_factor	calibration_donors	dosage_markers	copy_estimate	predicted_cn	predicted_pair	call_status	cn_correct	pair_correct	compatible_structural_pairs	relative_structure_margin	normalized_rmse
HG00097	HG00097	RCCX	additional_validation	pilot_calibrated_CN_constrained_paths	RCCX-STRUCT-c91a117646c15232;RCCX-STRUCT-c91a117646c15232	4	1	1.1526268115942029	18	306	3.9984282907662085	4	RCCX-STRUCT-c91a117646c15232;RCCX-STRUCT-c91a117646c15232	unique_best_uncalibrated	1	1	1	0.023370764508036376	0.7469557138194828
HG00099	HG00099	RCCX	additional_validation	pilot_calibrated_CN_constrained_paths	RCCX-STRUCT-a002f576cdda62b4;RCCX-STRUCT-c91a117646c15232	3	1	1.1526268115942029	18	306	2.8919449901768175	3	RCCX-STRUCT-a002f576cdda62b4;RCCX-STRUCT-c91a117646c15232	unique_best_uncalibrated	1	1	1	0.037971144641086085	0.5408620435857473
HG00126	HG00126	RCCX	additional_validation	pilot_calibrated_CN_constrained_paths	RCCX-STRUCT-08dc6d3cd5c804e4;RCCX-STRUCT-c91a117646c15232	4	1	1.1526268115942029	18	306	3.9181190189492368	4	RCCX-STRUCT-08dc6d3cd5c804e4;RCCX-STRUCT-c91a117646c15232	unique_best_uncalibrated	1	1	1	0.04318698036990775	0.6958646066526964
HG00128	HG00128	RCCX	additional_validation	pilot_calibrated_CN_constrained_paths	RCCX-STRUCT-0c843ef37c4c8a9d;RCCX-STRUCT-c91a117646c15232	5	1	1.1526268115942029	18	306	4.916306483300589	5	RCCX-STRUCT-0c843ef37c4c8a9d;RCCX-STRUCT-c91a117646c15232	unique_best_uncalibrated	1	1	1	0.018703241895267723	0.8155394962153932
HG00133	HG00133	RCCX	additional_validation	pilot_calibrated_CN_constrained_paths	RCCX-STRUCT-08dc6d3cd5c804e4;RCCX-STRUCT-109f6cb2c3c027c8	4	1	1.1526268115942029	18	306	4.00052390307793	4	RCCX-STRUCT-08dc6d3cd5c804e4;RCCX-STRUCT-109f6cb2c3c027c8	unique_best_uncalibrated	1	1	1	0.03933555886256914	0.6449203405400018
HG00140	HG00140	RCCX	additional_validation	pilot_calibrated_CN_constrained_paths	RCCX-STRUCT-08dc6d3cd5c804e4;RCCX-STRUCT-4c34865fcf2a50f9	4	1	1.1526268115942029	18	306	4.149312377210216	4	RCCX-STRUCT-08dc6d3cd5c804e4;RCCX-STRUCT-c91a117646c15232	unique_best_uncalibrated	1	0	1	0.009220132430335062	0.8509776476591248
HG00235	HG00235	RCCX	additional_validation	pilot_calibrated_CN_constrained_paths	RCCX-STRUCT-c91a117646c15232;RCCX-STRUCT-c91a117646c15232	4	1	1.1526268115942029	18	306	4.372620825147348	4	RCCX-STRUCT-c91a117646c15232;RCCX-STRUCT-c91a117646c15232	unique_best_uncalibrated	1	1	1	0.009213644819873737	0.8586563314700625
HG00253	HG00253	RCCX	additional_validation	pilot_calibrated_CN_constrained_paths	RCCX-STRUCT-08dc6d3cd5c804e4;RCCX-STRUCT-c91a117646c15232	4	1	1.1526268115942029	18	306	4.02558742632613	4	RCCX-STRUCT-08dc6d3cd5c804e4;RCCX-STRUCT-c91a117646c15232	unique_best_uncalibrated	1	1	1	0.03840424181045221	0.6831363983520184
HG00272	HG00272	RCCX	additional_validation	pilot_calibrated_CN_constrained_paths	RCCX-STRUCT-109f6cb2c3c027c8;RCCX-STRUCT-a002f576cdda62b4	3	1	1.1526268115942029	18	306	3.0094302554027506	3	RCCX-STRUCT-109f6cb2c3c027c8;RCCX-STRUCT-a002f576cdda62b4	unique_best_uncalibrated	1	1	1	0.12444206868902846	0.5138591326622652
HG00280	HG00280	RCCX	additional_validation	pilot_calibrated_CN_constrained_paths	RCCX-STRUCT-a002f576cdda62b4;RCCX-STRUCT-c91a117646c15232	3	1	1.1526268115942029	18	306	2.9280943025540274	3	RCCX-STRUCT-a002f576cdda62b4;RCCX-STRUCT-c91a117646c15232	unique_best_uncalibrated	1	1	1	0.035539696699377926	0.5937751604974938
HG00290	HG00290	RCCX	additional_validation	pilot_calibrated_CN_constrained_paths	RCCX-STRUCT-109f6cb2c3c027c8;RCCX-STRUCT-80c1563b57f16898	3	1	1.1526268115942029	18	306	2.9445258081800323	3	RCCX-STRUCT-109f6cb2c3c027c8;RCCX-STRUCT-80c1563b57f16898	unique_best_uncalibrated	1	1	1	0.03181493705763255	0.561677335176016
HG00320	HG00320	RCCX	additional_validation	pilot_calibrated_CN_constrained_paths	RCCX-STRUCT-08dc6d3cd5c804e4;RCCX-STRUCT-80c1563b57f16898	3	1	1.1526268115942029	18	306	3.0031736436451566	3	RCCX-STRUCT-08dc6d3cd5c804e4;RCCX-STRUCT-80c1563b57f16898	unique_best_uncalibrated	1	1	1	0.0409448818897593	0.5434121271646936
HG00323	HG00323	RCCX	additional_validation	pilot_calibrated_CN_constrained_paths	RCCX-STRUCT-08dc6d3cd5c804e4;RCCX-STRUCT-08dc6d3cd5c804e4	4	1	1.1526268115942029	18	306	3.990884086444008	4	RCCX-STRUCT-08dc6d3cd5c804e4;RCCX-STRUCT-08dc6d3cd5c804e4	unique_best_uncalibrated	1	1	1	0.03877831159917946	0.7255810990826521
HG00344	HG00344	RCCX	additional_validation	pilot_calibrated_CN_constrained_paths	RCCX-STRUCT-c91a117646c15232;RCCX-STRUCT-c91a117646c15232	4	1	1.1526268115942029	18	306	3.9660959865282064	4	RCCX-STRUCT-c91a117646c15232;RCCX-STRUCT-c91a117646c15232	unique_best_uncalibrated	1	1	1	0.032582805452212815	0.7404501073429147
HG00350	HG00350	RCCX	additional_validation	pilot_calibrated_CN_constrained_paths	RCCX-STRUCT-c91a117646c15232;RCCX-STRUCT-c91a117646c15232	4	1	1.1526268115942029	18	306	4.188334123704356	4	RCCX-STRUCT-c91a117646c15232;RCCX-STRUCT-c91a117646c15232	unique_best_uncalibrated	1	1	1	0.015250100071424013	0.8272051838617372
HG01167	HG01167	RCCX	additional_validation	pilot_calibrated_CN_constrained_paths	RCCX-STRUCT-08dc6d3cd5c804e4;RCCX-STRUCT-08dc6d3cd5c804e4	4	1	1.1526268115942029	18	306	4.006194383450826	4	RCCX-STRUCT-08dc6d3cd5c804e4;RCCX-STRUCT-08dc6d3cd5c804e4	unique_best_uncalibrated	1	1	1	0.054910096818812544	0.619827552471762
HG01530	HG01530	RCCX	additional_validation	pilot_calibrated_CN_constrained_paths	RCCX-STRUCT-08dc6d3cd5c804e4;RCCX-STRUCT-08dc6d3cd5c804e4	4	1	1.1526268115942029	18	306	4.461857984844233	4	RCCX-STRUCT-08dc6d3cd5c804e4;RCCX-STRUCT-08dc6d3cd5c804e4	unique_best_uncalibrated	1	1	1	0.024507499427118235	0.9320156126731773
HG01784	HG01782	RCCX	additional_validation	pilot_calibrated_CN_constrained_paths	RCCX-STRUCT-08dc6d3cd5c804e4;RCCX-STRUCT-109f6cb2c3c027c8	4	1	1.1526268115942029	18	306	4.259046258260404	4	RCCX-STRUCT-08dc6d3cd5c804e4;RCCX-STRUCT-109f6cb2c3c027c8	unique_best_uncalibrated	1	1	1	0.012859598853869201	0.8070793252130458
HG02040	HG02040	RCCX	additional_validation	pilot_calibrated_CN_constrained_paths	RCCX-STRUCT-08dc6d3cd5c804e4;RCCX-STRUCT-08dc6d3cd5c804e4	4	1	1.1526268115942029	18	306	3.864690123236292	4	RCCX-STRUCT-08dc6d3cd5c804e4;RCCX-STRUCT-08dc6d3cd5c804e4	unique_best_uncalibrated	1	1	1	0.030369133235623583	0.6618676517260701
HG02155	HG02155	RCCX	additional_validation	pilot_calibrated_CN_constrained_paths	RCCX-STRUCT-109f6cb2c3c027c8;RCCX-STRUCT-7b1f207074474ef0	3	1	1.1526268115942029	18	306	2.974571989896155	3	RCCX-STRUCT-80c1563b57f16898;RCCX-STRUCT-c91a117646c15232	unique_best_uncalibrated	1	0	1	0.018170376779674317	0.6454920676365027
HG02165	HG02165	RCCX	additional_validation	pilot_calibrated_CN_constrained_paths	RCCX-STRUCT-08dc6d3cd5c804e4;RCCX-STRUCT-c91a117646c15232	4	1	1.1526268115942029	18	306	4.461857984844233	4	RCCX-STRUCT-08dc6d3cd5c804e4;RCCX-STRUCT-c91a117646c15232	unique_best_uncalibrated	1	1	1	0.015513223175947256	0.927142242608246
HG02178	HG02178	RCCX	additional_validation	pilot_calibrated_CN_constrained_paths	RCCX-STRUCT-08dc6d3cd5c804e4;RCCX-STRUCT-e92677dc4f8b8aff	5	1	1.1526268115942029	18	306	5.166065368815859	5	RCCX-STRUCT-08dc6d3cd5c804e4;RCCX-STRUCT-e92677dc4f8b8aff	unique_best_uncalibrated	1	1	1	0.010026876162908906	0.8913184338641943
HG02391	HG02391	RCCX	additional_validation	pilot_calibrated_CN_constrained_paths	RCCX-STRUCT-08dc6d3cd5c804e4;RCCX-STRUCT-c91a117646c15232	4	1	1.1526268115942029	18	306	4.251159135559922	4	RCCX-STRUCT-08dc6d3cd5c804e4;RCCX-STRUCT-c91a117646c15232	unique_best_uncalibrated	1	1	1	0.0029189978107512097	0.8622062620605029
HG02583	HG02582	RCCX	additional_validation	pilot_calibrated_CN_constrained_paths	RCCX-STRUCT-08dc6d3cd5c804e4;RCCX-STRUCT-80c1563b57f16898	3	1	1.1526268115942029	18	306	3.0515005758417453	3	RCCX-STRUCT-08dc6d3cd5c804e4;RCCX-STRUCT-80c1563b57f16898	unique_best_uncalibrated	1	1	1	0.07416778897821935	0.6286077023774311
HG02922	HG02922	RCCX	additional_validation	pilot_calibrated_CN_constrained_paths	RCCX-STRUCT-08dc6d3cd5c804e4;RCCX-STRUCT-08dc6d3cd5c804e4	4	1	1.1526268115942029	18	306	4.2139769856862195	4	RCCX-STRUCT-08dc6d3cd5c804e4;RCCX-STRUCT-08dc6d3cd5c804e4	unique_best_uncalibrated	1	1	1	0.07346805576512291	0.764037804357242
HG02976	HG02976	RCCX	additional_validation	pilot_calibrated_CN_constrained_paths	RCCX-STRUCT-08dc6d3cd5c804e4;RCCX-STRUCT-80c1563b57f16898	3	1	1.1526268115942029	18	306	3.0365422396856583	3	RCCX-STRUCT-08dc6d3cd5c804e4;RCCX-STRUCT-80c1563b57f16898	unique_best_uncalibrated	1	1	1	0.11419777320624774	0.632609533218038
HG03130	HG03129	RCCX	additional_validation	pilot_calibrated_CN_constrained_paths	RCCX-STRUCT-08dc6d3cd5c804e4;RCCX-STRUCT-6493188f61335fa0	4	1	1.1526268115942029	18	306	4.039241199394505	4	RCCX-STRUCT-08dc6d3cd5c804e4;RCCX-STRUCT-6493188f61335fa0	unique_best_uncalibrated	1	1	1	0.09642683258405321	0.6787704836352207
HG03209	HG03209	RCCX	additional_validation	pilot_calibrated_CN_constrained_paths	RCCX-STRUCT-08dc6d3cd5c804e4;RCCX-STRUCT-08dc6d3cd5c804e4	4	1	1.1526268115942029	18	306	3.696660117878193	4	RCCX-STRUCT-08dc6d3cd5c804e4;RCCX-STRUCT-08dc6d3cd5c804e4	unique_best_uncalibrated	1	1	1	0.052102116351876726	0.6433106801849046
HG03270	HG03270	RCCX	additional_validation	pilot_calibrated_CN_constrained_paths	RCCX-STRUCT-08dc6d3cd5c804e4;RCCX-STRUCT-08dc6d3cd5c804e4	4	1	1.1526268115942029	18	306	3.767791187201796	4	RCCX-STRUCT-08dc6d3cd5c804e4;RCCX-STRUCT-08dc6d3cd5c804e4	unique_best_uncalibrated	1	1	1	0.08280633297452097	0.6287382983531855
HG03369	HG03369	RCCX	additional_validation	pilot_calibrated_CN_constrained_paths	RCCX-STRUCT-08dc6d3cd5c804e4;RCCX-STRUCT-08dc6d3cd5c804e4	4	1	1.1526268115942029	18	306	3.7182149873701937	4	RCCX-STRUCT-08dc6d3cd5c804e4;RCCX-STRUCT-08dc6d3cd5c804e4	unique_best_uncalibrated	1	1	1	0.12375355267590044	0.6186305513069981
HG03470	HG03438	RCCX	additional_validation	pilot_calibrated_CN_constrained_paths	RCCX-STRUCT-08dc6d3cd5c804e4;RCCX-STRUCT-08dc6d3cd5c804e4	4	1	1.1526268115942029	18	306	4.255290485545888	4	RCCX-STRUCT-08dc6d3cd5c804e4;RCCX-STRUCT-08dc6d3cd5c804e4	unique_best_uncalibrated	1	1	1	0.03312188116938855	0.8784275588471546
HG03521	HG03520	RCCX	additional_validation	pilot_calibrated_CN_constrained_paths	RCCX-STRUCT-08dc6d3cd5c804e4;RCCX-STRUCT-08dc6d3cd5c804e4	4	1	1.1526268115942029	18	306	3.922986247544204	4	RCCX-STRUCT-08dc6d3cd5c804e4;RCCX-STRUCT-08dc6d3cd5c804e4	unique_best_uncalibrated	1	1	1	0.07060412573672069	0.7269575214849409
HG03583	HG03582	RCCX	additional_validation	pilot_calibrated_CN_constrained_paths	RCCX-STRUCT-08dc6d3cd5c804e4;RCCX-STRUCT-08dc6d3cd5c804e4	4	1	1.1526268115942029	18	306	3.943561350241115	4	RCCX-STRUCT-08dc6d3cd5c804e4;RCCX-STRUCT-08dc6d3cd5c804e4	unique_best_uncalibrated	1	1	1	0.0713194670133254	0.6778166775382394
HG03742	HG03742	RCCX	additional_validation	pilot_calibrated_CN_constrained_paths	RCCX-STRUCT-08dc6d3cd5c804e4;RCCX-STRUCT-c91a117646c15232	4	1	1.1526268115942029	18	306	4.219610644757992	4	RCCX-STRUCT-08dc6d3cd5c804e4;RCCX-STRUCT-c91a117646c15232	unique_best_uncalibrated	1	1	1	0.009565019357770833	0.8492324162474335
HG03874	HG03874	RCCX	additional_validation	pilot_calibrated_CN_constrained_paths	RCCX-STRUCT-08dc6d3cd5c804e4;RCCX-STRUCT-e92677dc4f8b8aff	5	1	1.1526268115942029	18	306	4.752848722986248	5	RCCX-STRUCT-08dc6d3cd5c804e4;RCCX-STRUCT-e92677dc4f8b8aff	unique_best_uncalibrated	1	1	1	0.01979317939266683	0.7766784995429131
NA18508	NA18506	RCCX	additional_validation	pilot_calibrated_CN_constrained_paths	RCCX-STRUCT-08dc6d3cd5c804e4;RCCX-STRUCT-b8ca310d36f0396c	4	1	1.1526268115942029	18	306	4.101303804250759	4	RCCX-STRUCT-08dc6d3cd5c804e4;RCCX-STRUCT-b8ca310d36f0396c	unique_best_uncalibrated	1	1	1	0.006589469166094855	0.6667083485169232
NA18522	NA18521	RCCX	additional_validation	pilot_calibrated_CN_constrained_paths	RCCX-STRUCT-08dc6d3cd5c804e4;RCCX-STRUCT-08dc6d3cd5c804e4	4	1	1.1526268115942029	18	306	4.246592906628063	4	RCCX-STRUCT-08dc6d3cd5c804e4;RCCX-STRUCT-08dc6d3cd5c804e4	unique_best_uncalibrated	1	1	1	0.05794813372922555	0.9148075666304498
NA18565	NA18565	RCCX	additional_validation	pilot_calibrated_CN_constrained_paths	RCCX-STRUCT-08dc6d3cd5c804e4;RCCX-STRUCT-08dc6d3cd5c804e4	4	1	1.1526268115942029	18	306	4.148133595284873	4	RCCX-STRUCT-08dc6d3cd5c804e4;RCCX-STRUCT-08dc6d3cd5c804e4	unique_best_uncalibrated	1	1	1	0.008015885138231251	0.7599716325887808
NA18570	NA18570	RCCX	additional_validation	pilot_calibrated_CN_constrained_paths	RCCX-STRUCT-08dc6d3cd5c804e4;RCCX-STRUCT-08dc6d3cd5c804e4	4	1	1.1526268115942029	18	306	4.180175031255581	4	RCCX-STRUCT-08dc6d3cd5c804e4;RCCX-STRUCT-b8ca310d36f0396c	unique_best_uncalibrated	1	0	1	0.0019015397532946838	0.777572978991326
NA18608	NA18608	RCCX	additional_validation	pilot_calibrated_CN_constrained_paths	RCCX-STRUCT-4c34865fcf2a50f9;RCCX-STRUCT-c91a117646c15232	4	1	1.1526268115942029	18	306	3.78581889623147	4	RCCX-STRUCT-4c34865fcf2a50f9;RCCX-STRUCT-c91a117646c15232	unique_best_uncalibrated	1	1	1	0.01954653407828531	0.6610154891171603
NA18620	NA18620	RCCX	additional_validation	pilot_calibrated_CN_constrained_paths	RCCX-STRUCT-b8ca310d36f0396c;RCCX-STRUCT-c91a117646c15232	4	1	1.1526268115942029	18	306	3.8707571406982018	4	RCCX-STRUCT-08dc6d3cd5c804e4;RCCX-STRUCT-109f6cb2c3c027c8	unique_best_uncalibrated	1	0	1	0.0003141955988438807	0.6653738208672111
NA18747	NA18747	RCCX	additional_validation	pilot_calibrated_CN_constrained_paths	RCCX-STRUCT-c91a117646c15232;RCCX-STRUCT-c91a117646c15232	4	1	1.1526268115942029	18	306	3.943561350241115	4	RCCX-STRUCT-c91a117646c15232;RCCX-STRUCT-c91a117646c15232	unique_best_uncalibrated	1	1	1	0.014207344677905227	0.7487886549752841
NA18879	NA18878	RCCX	additional_validation	pilot_calibrated_CN_constrained_paths	RCCX-STRUCT-08dc6d3cd5c804e4;RCCX-STRUCT-12355a86c207700e	3	0	1.1526268115942029	18	306	2.8506314903171486	3	RCCX-STRUCT-08dc6d3cd5c804e4;RCCX-STRUCT-a002f576cdda62b4	unique_best_uncalibrated	1	0	1	0.14648182055976686	0.5309581534002549
NA18940	NA18940	RCCX	additional_validation	pilot_calibrated_CN_constrained_paths	RCCX-STRUCT-08dc6d3cd5c804e4;RCCX-STRUCT-109f6cb2c3c027c8	4	1	1.1526268115942029	18	306	4.0224325772459375	4	RCCX-STRUCT-08dc6d3cd5c804e4;RCCX-STRUCT-109f6cb2c3c027c8	unique_best_uncalibrated	1	1	1	0.032228293511858554	0.7138816022278784
NA18943	NA18943	RCCX	additional_validation	pilot_calibrated_CN_constrained_paths	RCCX-STRUCT-08dc6d3cd5c804e4;RCCX-STRUCT-c91a117646c15232	4	1	1.1526268115942029	18	306	3.658939096267191	4	RCCX-STRUCT-08dc6d3cd5c804e4;RCCX-STRUCT-c91a117646c15232	unique_best_uncalibrated	1	1	1	0.025072467358719274	0.6430810285307221
NA18944	NA18944	RCCX	additional_validation	pilot_calibrated_CN_constrained_paths	RCCX-STRUCT-08dc6d3cd5c804e4;RCCX-STRUCT-c91a117646c15232	4	1	1.1526268115942029	18	306	3.9660959865282064	4	RCCX-STRUCT-08dc6d3cd5c804e4;RCCX-STRUCT-c91a117646c15232	unique_best_uncalibrated	1	1	1	0.00911921277000039	0.7268534884461784
NA18945	NA18945	RCCX	additional_validation	pilot_calibrated_CN_constrained_paths	RCCX-STRUCT-08dc6d3cd5c804e4;RCCX-STRUCT-b8ca310d36f0396c	4	1	1.1526268115942029	18	306	4.0738703339882125	4	RCCX-STRUCT-08dc6d3cd5c804e4;RCCX-STRUCT-b8ca310d36f0396c	unique_best_uncalibrated	1	1	1	0.036798364517126175	0.7334377869836239
NA18959	NA18959	RCCX	additional_validation	pilot_calibrated_CN_constrained_paths	RCCX-STRUCT-109f6cb2c3c027c8;RCCX-STRUCT-7b1f207074474ef0	3	1	1.1526268115942029	18	306	3.0225489574751254	3	RCCX-STRUCT-109f6cb2c3c027c8;RCCX-STRUCT-7b1f207074474ef0	unique_best_uncalibrated	1	1	1	0.03320307094503012	0.5827894730227726
NA18960	NA18960	RCCX	additional_validation	pilot_calibrated_CN_constrained_paths	RCCX-STRUCT-08dc6d3cd5c804e4;RCCX-STRUCT-c91a117646c15232	4	1	1.1526268115942029	18	306	3.922986247544204	4	RCCX-STRUCT-08dc6d3cd5c804e4;RCCX-STRUCT-c91a117646c15232	unique_best_uncalibrated	1	1	1	0.03287737836699494	0.7264833207854762
NA18967	NA18967	RCCX	additional_validation	pilot_calibrated_CN_constrained_paths	RCCX-STRUCT-80c1563b57f16898;RCCX-STRUCT-c91a117646c15232	3	1	1.1526268115942029	18	306	2.675049115913556	3	RCCX-STRUCT-80c1563b57f16898;RCCX-STRUCT-c91a117646c15232	unique_best_uncalibrated	1	1	1	0.043695212407284766	0.5282945694048137
NA18970	NA18970	RCCX	additional_validation	pilot_calibrated_CN_constrained_paths	RCCX-STRUCT-08dc6d3cd5c804e4;RCCX-STRUCT-c91a117646c15232	4	1	1.1526268115942029	18	306	4.2139769856862195	4	RCCX-STRUCT-08dc6d3cd5c804e4;RCCX-STRUCT-c91a117646c15232	unique_best_uncalibrated	1	1	1	0.02579456471672243	0.7748251175093049
NA18971	NA18971	RCCX	additional_validation	pilot_calibrated_CN_constrained_paths	RCCX-STRUCT-c91a117646c15232;RCCX-STRUCT-c91a117646c15232	4	1	1.1526268115942029	18	306	3.9781877425846948	4	RCCX-STRUCT-109f6cb2c3c027c8;RCCX-STRUCT-c91a117646c15232	unique_best_uncalibrated	1	0	1	0.002798970451214686	0.7632221472027334
NA18976	NA18976	RCCX	additional_validation	pilot_calibrated_CN_constrained_paths	RCCX-STRUCT-08dc6d3cd5c804e4;RCCX-STRUCT-08dc6d3cd5c804e4	4	1	1.1526268115942029	18	306	4.101303804250759	4	RCCX-STRUCT-08dc6d3cd5c804e4;RCCX-STRUCT-08dc6d3cd5c804e4	unique_best_uncalibrated	1	1	1	0.04957273376512221	0.7786619534817456
NA18982	NA18982	RCCX	additional_validation	pilot_calibrated_CN_constrained_paths	RCCX-STRUCT-08dc6d3cd5c804e4;RCCX-STRUCT-109f6cb2c3c027c8	4	1	1.1526268115942029	18	306	4.383579774583807	4	RCCX-STRUCT-109f6cb2c3c027c8;RCCX-STRUCT-b8ca310d36f0396c	unique_best_uncalibrated	1	0	1	0.006847261733152361	0.8857887218166934
NA18983	NA18983	RCCX	additional_validation	pilot_calibrated_CN_constrained_paths	RCCX-STRUCT-c91a117646c15232;RCCX-STRUCT-c91a117646c15232	4	1	1.1526268115942029	18	306	4.292255195946645	4	RCCX-STRUCT-c91a117646c15232;RCCX-STRUCT-c91a117646c15232	unique_best_uncalibrated	1	1	1	0.011367680809024436	0.9030894305158632
NA18990	NA18990	RCCX	additional_validation	pilot_calibrated_CN_constrained_paths	RCCX-STRUCT-08dc6d3cd5c804e4;RCCX-STRUCT-08dc6d3cd5c804e4	4	1	1.1526268115942029	18	306	3.817367387033399	4	RCCX-STRUCT-08dc6d3cd5c804e4;RCCX-STRUCT-b8ca310d36f0396c	unique_best_uncalibrated	1	0	1	0.0036216905698231005	0.6395764180924359
NA19036	NA19036	RCCX	additional_validation	pilot_calibrated_CN_constrained_paths	RCCX-STRUCT-08dc6d3cd5c804e4;RCCX-STRUCT-08dc6d3cd5c804e4	4	1	1.1526268115942029	18	306	4.048722986247545	4	RCCX-STRUCT-08dc6d3cd5c804e4;RCCX-STRUCT-08dc6d3cd5c804e4	unique_best_uncalibrated	1	1	1	0.06657610841718056	0.7129999755758238
NA19043	NA19043	RCCX	additional_validation	pilot_calibrated_CN_constrained_paths	RCCX-STRUCT-08dc6d3cd5c804e4;RCCX-STRUCT-08dc6d3cd5c804e4	4	1	1.1526268115942029	18	306	4.048722986247545	4	RCCX-STRUCT-08dc6d3cd5c804e4;RCCX-STRUCT-08dc6d3cd5c804e4	unique_best_uncalibrated	1	1	1	0.16990733601560024	0.6689446552005294
NA19066	NA19066	RCCX	additional_validation	pilot_calibrated_CN_constrained_paths	RCCX-STRUCT-08dc6d3cd5c804e4;RCCX-STRUCT-109f6cb2c3c027c8	4	1	1.1526268115942029	18	306	3.772102161100196	4	RCCX-STRUCT-08dc6d3cd5c804e4;RCCX-STRUCT-109f6cb2c3c027c8	unique_best_uncalibrated	1	1	1	0.03824862277166635	0.617221897497435
NA19079	NA19079	RCCX	additional_validation	pilot_calibrated_CN_constrained_paths	RCCX-STRUCT-08dc6d3cd5c804e4;RCCX-STRUCT-b8ca310d36f0396c	4	1	1.1526268115942029	18	306	4.164400785854617	4	RCCX-STRUCT-08dc6d3cd5c804e4;RCCX-STRUCT-b8ca310d36f0396c	unique_best_uncalibrated	1	1	1	0.01808823529411513	0.7389318473429052
NA19087	NA19087	RCCX	additional_validation	pilot_calibrated_CN_constrained_paths	RCCX-STRUCT-08dc6d3cd5c804e4;RCCX-STRUCT-c91a117646c15232	4	1	1.1526268115942029	18	306	3.772102161100196	4	RCCX-STRUCT-08dc6d3cd5c804e4;RCCX-STRUCT-c91a117646c15232	unique_best_uncalibrated	1	1	1	0.0315772077985385	0.6348160729089937
NA19088	NA19088	RCCX	additional_validation	pilot_calibrated_CN_constrained_paths	RCCX-STRUCT-4c34865fcf2a50f9;RCCX-STRUCT-772019bbe8032c14	5	0	1.1526268115942029	18	306	4.890016074298982	5	RCCX-STRUCT-750ba4509b0b305f;RCCX-STRUCT-c91a117646c15232	unique_best_uncalibrated	1	0	1	0.00890624156605684	0.910969562518152
NA19185	NA19184	RCCX	additional_validation	pilot_calibrated_CN_constrained_paths	RCCX-STRUCT-08dc6d3cd5c804e4;RCCX-STRUCT-b8ca310d36f0396c	4	1	1.1526268115942029	18	306	4.2338074656188605	4	RCCX-STRUCT-08dc6d3cd5c804e4;RCCX-STRUCT-b8ca310d36f0396c	unique_best_uncalibrated	1	1	1	0.0012432432432458607	0.8176021963034027
NA19338	NA19338	RCCX	additional_validation	pilot_calibrated_CN_constrained_paths	RCCX-STRUCT-08dc6d3cd5c804e4;RCCX-STRUCT-08dc6d3cd5c804e4	4	1	1.1526268115942029	18	306	4.2139769856862195	4	RCCX-STRUCT-08dc6d3cd5c804e4;RCCX-STRUCT-08dc6d3cd5c804e4	unique_best_uncalibrated	1	1	1	0.056097217660582406	0.8118060520665924
NA19391	NA19391	RCCX	additional_validation	pilot_calibrated_CN_constrained_paths	RCCX-STRUCT-08dc6d3cd5c804e4;RCCX-STRUCT-80c1563b57f16898	3	1	1.1526268115942029	18	306	2.942239685658153	3	RCCX-STRUCT-08dc6d3cd5c804e4;RCCX-STRUCT-80c1563b57f16898	unique_best_uncalibrated	1	1	1	0.014829207090487394	0.6263692242251857
NA19443	NA19443	RCCX	additional_validation	pilot_calibrated_CN_constrained_paths	RCCX-STRUCT-08dc6d3cd5c804e4;RCCX-STRUCT-80c1563b57f16898	3	1	1.1526268115942029	18	306	2.819646365422397	3	RCCX-STRUCT-08dc6d3cd5c804e4;RCCX-STRUCT-80c1563b57f16898	unique_best_uncalibrated	1	1	1	0.11256298946358301	0.5362557784880809
NA19468	NA19468	RCCX	additional_validation	pilot_calibrated_CN_constrained_paths	RCCX-STRUCT-08dc6d3cd5c804e4;RCCX-STRUCT-a002f576cdda62b4	3	1	1.1526268115942029	18	306	3.222452989054168	3	RCCX-STRUCT-08dc6d3cd5c804e4;RCCX-STRUCT-a002f576cdda62b4	unique_best_uncalibrated	1	1	1	0.03510787490789477	0.7190688847399902
NA19682	NA19681	RCCX	additional_validation	pilot_calibrated_CN_constrained_paths	RCCX-STRUCT-08dc6d3cd5c804e4;RCCX-STRUCT-c91a117646c15232	4	1	1.1526268115942029	18	306	4.296603985405557	4	RCCX-STRUCT-08dc6d3cd5c804e4;RCCX-STRUCT-c91a117646c15232	unique_best_uncalibrated	1	1	1	0.00691158253730809	0.8890570974448205
NA19700	NA19700	RCCX	additional_validation	pilot_calibrated_CN_constrained_paths	RCCX-STRUCT-08dc6d3cd5c804e4;RCCX-STRUCT-80c1563b57f16898	3	1	1.1526268115942029	18	306	3.0571989896154927	3	RCCX-STRUCT-08dc6d3cd5c804e4;RCCX-STRUCT-80c1563b57f16898	unique_best_uncalibrated	1	1	1	0.008780159490935382	0.6344025754020167
NA19776	NA19776	RCCX	additional_validation	pilot_calibrated_CN_constrained_paths	RCCX-STRUCT-c91a117646c15232;RCCX-STRUCT-c91a117646c15232	4	1	1.1526268115942029	18	306	4.0738703339882125	4	RCCX-STRUCT-c91a117646c15232;RCCX-STRUCT-c91a117646c15232	unique_best_uncalibrated	1	1	1	0.00821126002323256	0.7763233369154819
NA19835	NA19834	RCCX	additional_validation	pilot_calibrated_CN_constrained_paths	RCCX-STRUCT-08dc6d3cd5c804e4;RCCX-STRUCT-08dc6d3cd5c804e4	4	1	1.1526268115942029	18	306	3.817367387033399	4	RCCX-STRUCT-08dc6d3cd5c804e4;RCCX-STRUCT-08dc6d3cd5c804e4	unique_best_uncalibrated	1	1	1	0.08251990386916049	0.5937105533999738
NA19909	NA19908	RCCX	additional_validation	pilot_calibrated_CN_constrained_paths	RCCX-STRUCT-b8ca310d36f0396c;RCCX-STRUCT-b8ca310d36f0396c	4	1	1.1526268115942029	18	306	3.8475442043222006	4	RCCX-STRUCT-b8ca310d36f0396c;RCCX-STRUCT-b8ca310d36f0396c	unique_best_uncalibrated	1	1	1	0.0002767172511096821	0.652536458412014
NA20282	NA20278	RCCX	additional_validation	pilot_calibrated_CN_constrained_paths	RCCX-STRUCT-0c843ef37c4c8a9d;RCCX-STRUCT-b8ca310d36f0396c	5	1	1.1526268115942029	18	306	4.945225933202358	5	RCCX-STRUCT-8904b92121a5f1e8;RCCX-STRUCT-b8ca310d36f0396c	unique_best_uncalibrated	1	0	1	0.003027397951460773	0.9465603477129981
NA20346	NA20346	RCCX	additional_validation	pilot_calibrated_CN_constrained_paths	RCCX-STRUCT-08dc6d3cd5c804e4;RCCX-STRUCT-08dc6d3cd5c804e4	4	1	1.1526268115942029	18	306	3.839518455043264	4	RCCX-STRUCT-08dc6d3cd5c804e4;RCCX-STRUCT-08dc6d3cd5c804e4	unique_best_uncalibrated	1	1	1	0.10942191991751783	0.649007453779474
NA20503	NA20503	RCCX	additional_validation	pilot_calibrated_CN_constrained_paths	RCCX-STRUCT-109f6cb2c3c027c8;RCCX-STRUCT-c91a117646c15232	4	1	1.1526268115942029	18	306	3.9402750491159138	4	RCCX-STRUCT-109f6cb2c3c027c8;RCCX-STRUCT-109f6cb2c3c027c8	unique_best_uncalibrated	1	0	1	0.0008866667487686361	0.7140477049713845
NA20752	NA20752	RCCX	additional_validation	pilot_calibrated_CN_constrained_paths	RCCX-STRUCT-08dc6d3cd5c804e4;RCCX-STRUCT-109f6cb2c3c027c8	4	1	1.1526268115942029	18	306	4.101303804250759	4	RCCX-STRUCT-08dc6d3cd5c804e4;RCCX-STRUCT-c91a117646c15232	unique_best_uncalibrated	1	0	1	0.004156014256389995	0.7699312728135276
NA20762	NA20762	RCCX	additional_validation	pilot_calibrated_CN_constrained_paths	RCCX-STRUCT-c91a117646c15232;RCCX-STRUCT-c91a117646c15232	4	1	1.1526268115942029	18	306	3.8669435868650015	4	RCCX-STRUCT-109f6cb2c3c027c8;RCCX-STRUCT-c91a117646c15232	unique_best_uncalibrated	1	0	1	0.008092377861654102	0.6658271357900192
NA20799	NA20799	RCCX	additional_validation	pilot_calibrated_CN_constrained_paths	RCCX-STRUCT-08dc6d3cd5c804e4;RCCX-STRUCT-c91a117646c15232	4	1	1.1526268115942029	18	306	3.772102161100196	4	RCCX-STRUCT-08dc6d3cd5c804e4;RCCX-STRUCT-c91a117646c15232	unique_best_uncalibrated	1	1	1	0.02285608203291389	0.685234071450457
NA20805	NA20805	RCCX	additional_validation	pilot_calibrated_CN_constrained_paths	RCCX-STRUCT-80c1563b57f16898;RCCX-STRUCT-c91a117646c15232	3	1	1.1526268115942029	18	306	2.88037721021611	3	RCCX-STRUCT-80c1563b57f16898;RCCX-STRUCT-c91a117646c15232	unique_best_uncalibrated	1	1	1	0.012035841907149052	0.590128980129604
NA20806	NA20806	RCCX	additional_validation	pilot_calibrated_CN_constrained_paths	RCCX-STRUCT-684f24a39886a3ee;RCCX-STRUCT-c91a117646c15232	4	1	1.1526268115942029	18	306	3.542632612966601	4	RCCX-STRUCT-c91a117646c15232;RCCX-STRUCT-c91a117646c15232	unique_best_uncalibrated	1	0	1	0.043593951657876016	0.6274655273844235
NA20809	NA20809	RCCX	additional_validation	pilot_calibrated_CN_constrained_paths	RCCX-STRUCT-08dc6d3cd5c804e4;RCCX-STRUCT-c91a117646c15232	4	1	1.1526268115942029	18	306	4.461857984844233	4	RCCX-STRUCT-08dc6d3cd5c804e4;RCCX-STRUCT-c91a117646c15232	unique_best_uncalibrated	1	1	1	0.01935393389743758	0.9592506144381419
NA20827	NA20827	RCCX	additional_validation	pilot_calibrated_CN_constrained_paths	RCCX-STRUCT-08dc6d3cd5c804e4;RCCX-STRUCT-80c1563b57f16898	3	1	1.1526268115942029	18	306	2.763414101724514	3	RCCX-STRUCT-08dc6d3cd5c804e4;RCCX-STRUCT-80c1563b57f16898	unique_best_uncalibrated	1	1	1	0.1310065868984603	0.5273615183003423
NA20850	NA20850	RCCX	additional_validation	pilot_calibrated_CN_constrained_paths	RCCX-STRUCT-08dc6d3cd5c804e4;RCCX-STRUCT-08dc6d3cd5c804e4	4	1	1.1526268115942029	18	306	4.131349985966882	4	RCCX-STRUCT-08dc6d3cd5c804e4;RCCX-STRUCT-08dc6d3cd5c804e4	unique_best_uncalibrated	1	1	1	0.054576128254735956	0.7035500572759322
NA20870	NA20870	RCCX	additional_validation	pilot_calibrated_CN_constrained_paths	RCCX-STRUCT-08dc6d3cd5c804e4;RCCX-STRUCT-c91a117646c15232	4	1	1.1526268115942029	18	306	4.271180293184223	4	RCCX-STRUCT-08dc6d3cd5c804e4;RCCX-STRUCT-c91a117646c15232	unique_best_uncalibrated	1	1	1	0.023903206258175047	0.829459109097162
NA20905	NA20905	RCCX	additional_validation	pilot_calibrated_CN_constrained_paths	RCCX-STRUCT-109f6cb2c3c027c8;RCCX-STRUCT-80c1563b57f16898	3	1	1.1526268115942029	18	306	3.246441472843653	3	RCCX-STRUCT-109f6cb2c3c027c8;RCCX-STRUCT-80c1563b57f16898	unique_best_uncalibrated	1	1	1	0.06055198986266641	0.6754377064438867
NA21093	NA21093	RCCX	additional_validation	pilot_calibrated_CN_constrained_paths	RCCX-STRUCT-08dc6d3cd5c804e4;RCCX-STRUCT-08dc6d3cd5c804e4	4	1	1.1526268115942029	18	306	4.090036486107214	4	RCCX-STRUCT-08dc6d3cd5c804e4;RCCX-STRUCT-08dc6d3cd5c804e4	unique_best_uncalibrated	1	1	1	0.04541666293272397	0.7171480910596079
NA21102	NA21102	RCCX	additional_validation	pilot_calibrated_CN_constrained_paths	RCCX-STRUCT-804d53b600bb619f;RCCX-STRUCT-f3965b9e0fe6783a	5	1	1.1526268115942029	18	306	4.709738984002246	5	RCCX-STRUCT-804d53b600bb619f;RCCX-STRUCT-e92677dc4f8b8aff	unique_best_uncalibrated	1	0	1	0.01465154283966193	0.7566450029510097
NA21110	NA21110	RCCX	additional_validation	pilot_calibrated_CN_constrained_paths	RCCX-STRUCT-109f6cb2c3c027c8;RCCX-STRUCT-c91a117646c15232	4	1	1.1526268115942029	18	306	3.958349705304519	4	RCCX-STRUCT-109f6cb2c3c027c8;RCCX-STRUCT-c91a117646c15232	unique_best_uncalibrated	1	1	1	0.006718412011706324	0.7447402892715809
