donor	locus	control	truth	estimate	rounded_call	correct	control_depth
HG00097	RCCX	WHR1_unique_region	4	4.420889121095248	4	1	36.5906
HG00097	RCCX	TNXB_distal_region	4	4.201554137889465	4	1	38.50075
HG00099	RCCX	WHR1_unique_region	3	3.089783555897474	3	1	44.3084
HG00099	RCCX	TNXB_distal_region	3	3.2596349895743684	3	1	41.9996
HG00126	RCCX	WHR1_unique_region	4	4.526872094441742	5	0	49.5358
HG00126	RCCX	TNXB_distal_region	4	4.432102593059537	4	1	50.595
HG00128	RCCX	WHR1_unique_region	5	5.708037734919654	6	0	47.468
HG00128	RCCX	TNXB_distal_region	5	5.564374238501118	6	0	48.69355
HG00133	RCCX	WHR1_unique_region	4	4.190054473090979	4	1	57.672
HG00133	RCCX	TNXB_distal_region	4	4.344146951569724	4	1	55.6263
HG00140	RCCX	WHR1_unique_region	4	4.403413729078687	4	1	37.7728
HG00140	RCCX	TNXB_distal_region	4	4.464813663891795	4	1	37.25335
HG00146	RCCX	WHR1_unique_region	2	2.384421080449177	2	1	44.166
HG00146	RCCX	TNXB_distal_region	2	2.2087155250137815	2	1	47.67945
HG00232	RCCX	WHR1_unique_region	5	5.730106627472639	6	0	56.1372
HG00232	RCCX	TNXB_distal_region	5	5.544804708713218	6	0	58.01325
HG00235	RCCX	WHR1_unique_region	4	4.6456923766020894	5	0	40.4062
HG00235	RCCX	TNXB_distal_region	4	4.511176125271036	5	0	41.61105
HG00253	RCCX	WHR1_unique_region	4	4.503399427730207	5	0	39.8924
HG00253	RCCX	TNXB_distal_region	4	4.438039899574468	4	1	40.4799
HG00272	RCCX	WHR1_unique_region	3	3.3934937163281864	3	1	48.4784
HG00272	RCCX	TNXB_distal_region	3	3.135169950481856	3	1	52.4728
HG00280	RCCX	WHR1_unique_region	3	3.3486443085593414	3	1	37.6324
HG00280	RCCX	TNXB_distal_region	3	3.268178258936733	3	1	38.55895
HG00290	RCCX	WHR1_unique_region	3	3.476623037527371	3	1	49.5086
HG00290	RCCX	TNXB_distal_region	3	3.3297462069553214	3	1	51.69245
HG00320	RCCX	WHR1_unique_region	3	3.3874804764291118	3	1	43.163
HG00320	RCCX	TNXB_distal_region	3	3.2008489504990125	3	1	45.6797
HG00321	RCCX	WHR1_unique_region	3	3.445648337333896	3	1	59.092
HG00321	RCCX	TNXB_distal_region	3	3.2531393618789064	3	1	62.58885
HG00323	RCCX	WHR1_unique_region	4	4.362885299479469	4	1	34.0252
HG00323	RCCX	TNXB_distal_region	4	4.367364950937439	4	1	33.9903
HG00329	RCCX	WHR1_unique_region	5	5.442321215722423	5	1	39.3328
HG00329	RCCX	TNXB_distal_region	5	5.303611905250471	5	1	40.3615
HG00344	RCCX	WHR1_unique_region	4	4.340569340744775	4	1	39.95
HG00344	RCCX	TNXB_distal_region	4	4.19794939539073	4	1	41.30725
HG00350	RCCX	WHR1_unique_region	4	4.5083788329183365	5	0	48.5568
HG00350	RCCX	TNXB_distal_region	4	4.271712477105959	4	1	51.247
HG01167	RCCX	WHR1_unique_region	4	4.362737758905641	4	1	51.745
HG01167	RCCX	TNXB_distal_region	4	4.18039436159502	4	1	54.00205
HG01530	RCCX	WHR1_unique_region	4	4.782523060976719	5	0	34.7906
HG01530	RCCX	TNXB_distal_region	4	4.568525663750705	5	0	36.42025
HG01784	RCCX	WHR1_unique_region	4	4.4903408701279535	4	1	35.6456
HG01784	RCCX	TNXB_distal_region	4	4.63420083992562	5	0	34.53905
HG01786	RCCX	WHR1_unique_region	4	4.507733298793064	5	0	54.9052
HG01786	RCCX	TNXB_distal_region	4	4.52485441856783	5	0	54.69745
HG02040	RCCX	WHR1_unique_region	4	4.438149556013619	4	1	33.3858
HG02040	RCCX	TNXB_distal_region	4	4.2888867695145985	4	1	34.5477
HG02155	RCCX	WHR1_unique_region	3	3.3008096794090105	3	1	34.688
HG02155	RCCX	TNXB_distal_region	3	3.257411025538718	3	1	35.15015
HG02165	RCCX	WHR1_unique_region	4	4.9692176571531785	5	0	32.7126
HG02165	RCCX	TNXB_distal_region	4	4.5772122005110365	5	0	35.5142
HG02178	RCCX	WHR1_unique_region	5	5.671736370933635	6	0	34.8896
HG02178	RCCX	TNXB_distal_region	5	5.355585866198082	5	1	36.9492
HG02391	RCCX	WHR1_unique_region	4	4.5787397051655265	5	0	33.3364
HG02391	RCCX	TNXB_distal_region	4	4.4241305659271815	4	1	34.5014
HG02392	RCCX	WHR1_unique_region	6	7.038316694879694	7	0	35.7122
HG02392	RCCX	TNXB_distal_region	6	6.637682602082583	7	0	37.8677
HG02583	RCCX	WHR1_unique_region	3	3.186705180307287	3	1	47.928
HG02583	RCCX	TNXB_distal_region	3	3.1943364506210097	3	1	47.8135
HG02922	RCCX	WHR1_unique_region	4	4.314739866047339	4	1	36.2522
HG02922	RCCX	TNXB_distal_region	4	4.508597806557762	5	0	34.69345
HG02976	RCCX	WHR1_unique_region	3	3.3987526595155435	3	1	39.3306
HG02976	RCCX	TNXB_distal_region	3	3.3557758351556832	3	1	39.8343
HG03130	RCCX	WHR1_unique_region	4	3.9479837026881888	4	1	53.8644
HG03130	RCCX	TNXB_distal_region	4	4.335520709221731	4	1	49.04965
HG03139	RCCX	WHR1_unique_region	3	3.2951151005544217	3	1	39.6108
HG03139	RCCX	TNXB_distal_region	3	3.193964192683051	3	1	40.86525
HG03195	RCCX	WHR1_unique_region	4	4.350135178097579	4	1	35.7226
HG03195	RCCX	TNXB_distal_region	4	4.505012071869677	5	0	34.4945
HG03209	RCCX	WHR1_unique_region	4	4.220534927643527	4	1	37.3804
HG03209	RCCX	TNXB_distal_region	4	4.361813946479607	4	1	36.16965
HG03225	RCCX	WHR1_unique_region	4	4.31652458092925	4	1	36.3596
HG03225	RCCX	TNXB_distal_region	4	4.176385547836533	4	1	37.57965
HG03270	RCCX	WHR1_unique_region	4	4.182733100678009	4	1	59.9284
HG03270	RCCX	TNXB_distal_region	4	4.195639605126737	4	1	59.74405
HG03369	RCCX	WHR1_unique_region	4	4.434161412600647	4	1	44.348
HG03369	RCCX	TNXB_distal_region	4	4.3157763242439495	4	1	45.5645
HG03470	RCCX	WHR1_unique_region	4	4.734407574085835	5	0	37.2126
HG03470	RCCX	TNXB_distal_region	4	4.3404952060908615	4	1	40.58975
HG03521	RCCX	WHR1_unique_region	4	4.051628149085064	4	1	39.6448
HG03521	RCCX	TNXB_distal_region	4	4.337755119730691	4	1	37.02975
HG03583	RCCX	WHR1_unique_region	4	4.565698132568898	5	0	35.0262
HG03583	RCCX	TNXB_distal_region	4	4.478728739593511	4	1	35.70635
HG03742	RCCX	WHR1_unique_region	4	4.706601991586521	5	0	36.3608
HG03742	RCCX	TNXB_distal_region	4	4.6392979263256695	5	0	36.8883
HG03784	RCCX	WHR1_unique_region	5	5.766346273153847	6	0	36.0518
HG03784	RCCX	TNXB_distal_region	5	5.565511577340031	6	0	37.35275
HG03874	RCCX	WHR1_unique_region	5	5.353335561971009	5	1	36.5374
HG03874	RCCX	TNXB_distal_region	5	5.257106685497566	5	1	37.2062
NA18505	RCCX	WHR1_unique_region	3	3.3177701827118415	3	1	38.8526
NA18505	RCCX	TNXB_distal_region	3	3.1960408455938674	3	1	40.3324
NA18508	RCCX	WHR1_unique_region	4	4.527615575953728	5	0	51.9628
NA18508	RCCX	TNXB_distal_region	4	4.5104851625267255	5	0	52.16015
NA18522	RCCX	WHR1_unique_region	4	4.5430971610773865	5	0	32.1704
NA18522	RCCX	TNXB_distal_region	4	4.388643917013205	4	1	33.3026
NA18565	RCCX	WHR1_unique_region	4	4.390457964472012	4	1	57.006
NA18565	RCCX	TNXB_distal_region	4	4.465326559453696	4	1	56.0502
NA18570	RCCX	WHR1_unique_region	4	4.848214753551063	5	0	32.833
NA18570	RCCX	TNXB_distal_region	4	4.270306373970146	4	1	37.27635
NA18608	RCCX	WHR1_unique_region	4	4.291155583670834	4	1	35.2292
NA18608	RCCX	TNXB_distal_region	4	4.259243777693908	4	1	35.49315
NA18620	RCCX	WHR1_unique_region	4	4.5212923114302	5	0	39.7608
NA18620	RCCX	TNXB_distal_region	4	4.385911992415211	4	1	40.9881
NA18747	RCCX	WHR1_unique_region	4	4.3226290936294	4	1	36.3378
NA18747	RCCX	TNXB_distal_region	4	4.203587711527368	4	1	37.36685
NA18879	RCCX	WHR1_unique_region	3	3.0809379180577636	3	1	46.738
NA18879	RCCX	TNXB_distal_region	3	3.1452864765951487	3	1	45.7818
NA18940	RCCX	WHR1_unique_region	4	4.657471177482263	5	0	34.3132
NA18940	RCCX	TNXB_distal_region	4	4.2101575787249725	4	1	37.95885
NA18943	RCCX	WHR1_unique_region	4	4.158716959663391	4	1	36.7084
NA18943	RCCX	TNXB_distal_region	4	4.477589902156601	4	1	34.0942
NA18944	RCCX	WHR1_unique_region	4	4.392491361308901	4	1	34.6532
NA18944	RCCX	TNXB_distal_region	4	4.56416859621765	5	0	33.34975
NA18945	RCCX	WHR1_unique_region	4	4.62769994800501	5	0	36.4272
NA18945	RCCX	TNXB_distal_region	4	4.548467127050614	5	0	37.06175
NA18948	RCCX	WHR1_unique_region	6	7.153385131557701	7	0	33.221
NA18948	RCCX	TNXB_distal_region	6	6.4434269701117195	6	1	36.8814
NA18952	RCCX	WHR1_unique_region	6	6.723541339655277	7	0	37.1802
NA18952	RCCX	TNXB_distal_region	6	6.600244535387062	7	0	37.87475
NA18959	RCCX	WHR1_unique_region	3	3.482240522832099	3	1	49.3796
NA18959	RCCX	TNXB_distal_region	3	3.4013997950919017	3	1	50.5532
NA18960	RCCX	WHR1_unique_region	4	4.435155869292027	4	1	36.9764
NA18960	RCCX	TNXB_distal_region	4	4.139852009019278	4	1	39.614
NA18967	RCCX	WHR1_unique_region	3	3.366373611658515	3	1	37.07
NA18967	RCCX	TNXB_distal_region	3	3.2565156237105457	3	1	38.32055
NA18970	RCCX	WHR1_unique_region	4	4.840585036881992	5	0	42.7356
NA18970	RCCX	TNXB_distal_region	4	4.301038033918697	4	1	48.0966
NA18971	RCCX	WHR1_unique_region	4	4.478549297621701	4	1	35.2152
NA18971	RCCX	TNXB_distal_region	4	4.425454202308446	4	1	35.6377
NA18974	RCCX	WHR1_unique_region	6	7.066691955364249	7	0	41.747
NA18974	RCCX	TNXB_distal_region	6	6.310098359567367	6	1	46.75255
NA18976	RCCX	WHR1_unique_region	4	4.606009434812292	5	0	34.873
NA18976	RCCX	TNXB_distal_region	4	4.525965018638031	5	0	35.48975
NA18982	RCCX	WHR1_unique_region	4	4.521379441649078	5	0	33.3818
NA18982	RCCX	TNXB_distal_region	4	4.3730217401263	4	1	34.5143
NA18983	RCCX	WHR1_unique_region	4	4.5147171036977145	5	0	33.1044
NA18983	RCCX	TNXB_distal_region	4	4.361785049150612	4	1	34.2651
NA18990	RCCX	WHR1_unique_region	4	4.249331057554561	4	1	39.87
NA18990	RCCX	TNXB_distal_region	4	4.302926068480252	4	1	39.3734
NA19007	RCCX	WHR1_unique_region	3	3.6508115079071786	4	0	32.7918
NA19007	RCCX	TNXB_distal_region	3	3.369847049542534	3	1	35.52585
NA19036	RCCX	WHR1_unique_region	4	4.653579359532932	5	0	48.5412
NA19036	RCCX	TNXB_distal_region	4	4.1678373903120844	4	1	54.19845
NA19043	RCCX	WHR1_unique_region	4	4.559270155024452	5	0	41.3732
NA19043	RCCX	TNXB_distal_region	4	4.579470511009952	5	0	41.1907
NA19066	RCCX	WHR1_unique_region	4	4.050966686518962	4	1	36.437
NA19066	RCCX	TNXB_distal_region	4	4.215390878581537	4	1	35.01575
NA19079	RCCX	WHR1_unique_region	4	4.511431163214161	5	0	50.4712
NA19079	RCCX	TNXB_distal_region	4	4.3694386064612525	4	1	52.11135
NA19087	RCCX	WHR1_unique_region	4	4.3430777784869825	4	1	35.0856
NA19087	RCCX	TNXB_distal_region	4	4.288152235961246	4	1	35.535
NA19088	RCCX	WHR1_unique_region	5	5.942374774205653	6	0	36.0972
NA19088	RCCX	TNXB_distal_region	5	5.276030580845858	5	1	40.65615
NA19159	RCCX	WHR1_unique_region	6	6.631163517416651	7	0	38.7386
NA19159	RCCX	TNXB_distal_region	6	6.558114251324267	7	0	39.1701
NA19185	RCCX	WHR1_unique_region	4	4.453419175542736	4	1	41.3504
NA19185	RCCX	TNXB_distal_region	4	4.31026453146932	4	1	42.72375
NA19338	RCCX	WHR1_unique_region	4	4.569381080754068	5	0	34.1886
NA19338	RCCX	TNXB_distal_region	4	4.348088765425554	4	1	35.9286
NA19391	RCCX	WHR1_unique_region	3	3.155051083125959	3	1	37.6334
NA19391	RCCX	TNXB_distal_region	3	3.132849238701546	3	1	37.9001
NA19443	RCCX	WHR1_unique_region	3	3.3123092495956667	3	1	36.69
NA19443	RCCX	TNXB_distal_region	3	3.303588819582677	3	1	36.78685
NA19468	RCCX	WHR1_unique_region	3	3.2364030532138934	3	1	36.4562
NA19468	RCCX	TNXB_distal_region	3	3.4100867930824332	3	1	34.5994
NA19682	RCCX	WHR1_unique_region	4	4.677496379810619	5	0	35.0692
NA19682	RCCX	TNXB_distal_region	4	4.5507485873684725	5	0	36.04595
NA19700	RCCX	WHR1_unique_region	3	3.513642198422423	4	0	33.973
NA19700	RCCX	TNXB_distal_region	3	3.3803074616042785	3	1	35.31305
NA19776	RCCX	WHR1_unique_region	4	4.340275077140552	4	1	36.2976
NA19776	RCCX	TNXB_distal_region	4	4.2915398242435785	4	1	36.7098
NA19835	RCCX	WHR1_unique_region	4	4.308711194644571	4	1	46.9478
NA19835	RCCX	TNXB_distal_region	4	4.385700425355202	4	1	46.12365
NA19909	RCCX	WHR1_unique_region	4	4.319857110264134	4	1	37.2588
NA19909	RCCX	TNXB_distal_region	4	4.491180805020141	4	1	35.8375
NA20282	RCCX	WHR1_unique_region	5	5.579832268442319	6	0	32.6518
NA20282	RCCX	TNXB_distal_region	5	5.31440343680832	5	1	34.2826
NA20346	RCCX	WHR1_unique_region	4	4.4720571607105075	4	1	36.843
NA20346	RCCX	TNXB_distal_region	4	4.49941907051014	4	1	36.61895
NA20503	RCCX	WHR1_unique_region	4	4.651218150436512	5	0	36.7308
NA20503	RCCX	TNXB_distal_region	4	4.471925013056503	4	1	38.20345
NA20752	RCCX	WHR1_unique_region	4	4.731454608175621	5	0	34.4802
NA20752	RCCX	TNXB_distal_region	4	4.5275769521649565	5	0	36.03285
NA20762	RCCX	WHR1_unique_region	4	4.421516494433762	4	1	56.584
NA20762	RCCX	TNXB_distal_region	4	4.369316963343347	4	1	57.26
NA20799	RCCX	WHR1_unique_region	4	4.677727945026	5	0	34.9362
NA20799	RCCX	TNXB_distal_region	4	4.481625865778251	4	1	36.4649
NA20805	RCCX	WHR1_unique_region	3	3.5840304844099204	4	0	36.706
NA20805	RCCX	TNXB_distal_region	3	3.532035299049452	4	0	37.24635
NA20806	RCCX	WHR1_unique_region	4	4.506728473878094	5	0	35.1034
NA20806	RCCX	TNXB_distal_region	4	4.44210900781945	4	1	35.61405
NA20809	RCCX	WHR1_unique_region	4	4.648790054977231	5	0	35.5696
NA20809	RCCX	TNXB_distal_region	4	4.573576568910915	5	0	36.15455
NA20827	RCCX	WHR1_unique_region	3	3.166810424745344	3	1	45.9086
NA20827	RCCX	TNXB_distal_region	3	3.2911815968864793	3	1	44.17375
NA20850	RCCX	WHR1_unique_region	4	4.747308527765531	5	0	48.8958
NA20850	RCCX	TNXB_distal_region	4	4.4260948913784315	4	1	52.4443
NA20870	RCCX	WHR1_unique_region	4	4.36224296853656	4	1	34.0858
NA20870	RCCX	TNXB_distal_region	4	4.206637443065849	4	1	35.34665
NA20905	RCCX	WHR1_unique_region	3	3.419030225691377	3	1	52.6158
NA20905	RCCX	TNXB_distal_region	3	3.245515157263595	3	1	55.4288
NA21093	RCCX	WHR1_unique_region	4	4.840397031988086	5	0	42.434
NA21093	RCCX	TNXB_distal_region	4	4.4103101997844725	4	1	46.5721
NA21102	RCCX	WHR1_unique_region	5	5.601912674863256	6	0	44.3344
NA21102	RCCX	TNXB_distal_region	5	5.579724364983197	6	0	44.5107
NA21106	RCCX	WHR1_unique_region	4	4.308709566096712	4	1	59.1866
NA21106	RCCX	TNXB_distal_region	4	4.277280336870755	4	1	59.6215
NA21110	RCCX	WHR1_unique_region	4	4.495686435790489	4	1	51.6638
NA21110	RCCX	TNXB_distal_region	4	4.244796808353334	4	1	54.7174
NA21144	RCCX	WHR1_unique_region	4	4.469617379347844	4	1	31.1772
NA21144	RCCX	TNXB_distal_region	4	4.325441544039793	4	1	32.2164
