donor	locus	features	compatible_pairs	predicted_pair	truth_pair	pair_correct	status
HG00097	RCCX	1	236		RCCX-STRUCT-c91a117646c15232;RCCX-STRUCT-c91a117646c15232	0	ambiguous
HG00097	DRB	4	1	DRB-STRUCT-a57eaf455348c3e7;DRB-STRUCT-d9e9c983b0b92c6d	DRB-STRUCT-a57eaf455348c3e7;DRB-STRUCT-d9e9c983b0b92c6d	1	unique
HG00099	RCCX	1	85		RCCX-STRUCT-a002f576cdda62b4;RCCX-STRUCT-c91a117646c15232	0	ambiguous
HG00099	DRB	4	1	DRB-STRUCT-d9e9c983b0b92c6d;DRB-STRUCT-d9e9c983b0b92c6d	DRB-STRUCT-d9e9c983b0b92c6d;DRB-STRUCT-d9e9c983b0b92c6d	1	unique
HG00126	RCCX	1	236		RCCX-STRUCT-08dc6d3cd5c804e4;RCCX-STRUCT-c91a117646c15232	0	ambiguous
HG00126	DRB	4	1	DRB-STRUCT-17c329d85af8b93c;DRB-STRUCT-d9e9c983b0b92c6d	DRB-STRUCT-17c329d85af8b93c;DRB-STRUCT-d9e9c983b0b92c6d	1	unique
HG00128	RCCX	1	142		RCCX-STRUCT-0c843ef37c4c8a9d;RCCX-STRUCT-c91a117646c15232	0	ambiguous
HG00128	DRB	4	1	DRB-STRUCT-2e2f348001bcb731;DRB-STRUCT-d9e9c983b0b92c6d	DRB-STRUCT-2e2f348001bcb731;DRB-STRUCT-d9e9c983b0b92c6d	1	unique
HG00133	RCCX	1	236		RCCX-STRUCT-08dc6d3cd5c804e4;RCCX-STRUCT-109f6cb2c3c027c8	0	ambiguous
HG00133	DRB	4	1	DRB-STRUCT-17c329d85af8b93c;DRB-STRUCT-d9e9c983b0b92c6d	DRB-STRUCT-17c329d85af8b93c;DRB-STRUCT-d9e9c983b0b92c6d	1	unique
HG00140	RCCX	1	236		RCCX-STRUCT-08dc6d3cd5c804e4;RCCX-STRUCT-4c34865fcf2a50f9	0	ambiguous
HG00140	DRB	4	1	DRB-STRUCT-2e2f348001bcb731;DRB-STRUCT-d9e9c983b0b92c6d	DRB-STRUCT-2e2f348001bcb731;DRB-STRUCT-d9e9c983b0b92c6d	1	unique
HG00146	RCCX	1	10		RCCX-STRUCT-a002f576cdda62b4;RCCX-STRUCT-f3f0f2d8f59c7414	0	ambiguous
HG00146	DRB	4	1	DRB-STRUCT-2e2f348001bcb731;DRB-STRUCT-d9e9c983b0b92c6d	DRB-STRUCT-2e2f348001bcb731;DRB-STRUCT-d9e9c983b0b92c6d	1	unique
HG00232	RCCX	1	129		RCCX-STRUCT-c91a117646c15232;RCCX-STRUCT-daf9913a8b810e06	0	ambiguous
HG00232	DRB	4	1	DRB-STRUCT-a57eaf455348c3e7;DRB-STRUCT-d9e9c983b0b92c6d	DRB-STRUCT-a57eaf455348c3e7;DRB-STRUCT-d9e9c983b0b92c6d	1	unique
HG00235	RCCX	1	236		RCCX-STRUCT-c91a117646c15232;RCCX-STRUCT-c91a117646c15232	0	ambiguous
HG00235	DRB	4	1	DRB-STRUCT-17c329d85af8b93c;DRB-STRUCT-17c329d85af8b93c	DRB-STRUCT-17c329d85af8b93c;DRB-STRUCT-17c329d85af8b93c	1	unique
HG00253	RCCX	1	236		RCCX-STRUCT-08dc6d3cd5c804e4;RCCX-STRUCT-c91a117646c15232	0	ambiguous
HG00253	DRB	4	1	DRB-STRUCT-a57eaf455348c3e7;DRB-STRUCT-d9e9c983b0b92c6d	DRB-STRUCT-a57eaf455348c3e7;DRB-STRUCT-d9e9c983b0b92c6d	1	unique
HG00272	RCCX	1	85		RCCX-STRUCT-109f6cb2c3c027c8;RCCX-STRUCT-a002f576cdda62b4	0	ambiguous
HG00272	DRB	4	1	DRB-STRUCT-d9e9c983b0b92c6d;DRB-STRUCT-d9e9c983b0b92c6d	DRB-STRUCT-d9e9c983b0b92c6d;DRB-STRUCT-d9e9c983b0b92c6d	1	unique
HG00280	RCCX	1	85		RCCX-STRUCT-a002f576cdda62b4;RCCX-STRUCT-c91a117646c15232	0	ambiguous
HG00280	DRB	4	1	DRB-STRUCT-d9e9c983b0b92c6d;DRB-STRUCT-d9e9c983b0b92c6d	DRB-STRUCT-d9e9c983b0b92c6d;DRB-STRUCT-d9e9c983b0b92c6d	1	unique
HG00290	RCCX	1	85		RCCX-STRUCT-109f6cb2c3c027c8;RCCX-STRUCT-80c1563b57f16898	0	ambiguous
HG00290	DRB	4	1	DRB-STRUCT-2e2f348001bcb731;DRB-STRUCT-2e2f348001bcb731	DRB-STRUCT-2e2f348001bcb731;DRB-STRUCT-2e2f348001bcb731	1	unique
HG00320	RCCX	1	85		RCCX-STRUCT-08dc6d3cd5c804e4;RCCX-STRUCT-80c1563b57f16898	0	ambiguous
HG00320	DRB	4	1	DRB-STRUCT-2e2f348001bcb731;DRB-STRUCT-2e2f348001bcb731	DRB-STRUCT-2e2f348001bcb731;DRB-STRUCT-2e2f348001bcb731	1	unique
HG00321	RCCX	1	85		RCCX-STRUCT-08dc6d3cd5c804e4;RCCX-STRUCT-80c1563b57f16898	0	ambiguous
HG00321	DRB	4	1	DRB-STRUCT-2e2f348001bcb731;DRB-STRUCT-a57eaf455348c3e7	DRB-STRUCT-2e2f348001bcb731;DRB-STRUCT-a57eaf455348c3e7	1	unique
HG00323	RCCX	1	236		RCCX-STRUCT-08dc6d3cd5c804e4;RCCX-STRUCT-08dc6d3cd5c804e4	0	ambiguous
HG00323	DRB	4	1	DRB-STRUCT-a57eaf455348c3e7;DRB-STRUCT-d9e9c983b0b92c6d	DRB-STRUCT-a57eaf455348c3e7;DRB-STRUCT-d9e9c983b0b92c6d	1	unique
HG00329	RCCX	1	142		RCCX-STRUCT-c91a117646c15232;RCCX-STRUCT-e92677dc4f8b8aff	0	ambiguous
HG00329	DRB	4	1	DRB-STRUCT-2e2f348001bcb731;DRB-STRUCT-d9e9c983b0b92c6d	DRB-STRUCT-2e2f348001bcb731;DRB-STRUCT-d9e9c983b0b92c6d	1	unique
HG00344	RCCX	1	236		RCCX-STRUCT-c91a117646c15232;RCCX-STRUCT-c91a117646c15232	0	ambiguous
HG00344	DRB	4	1	DRB-STRUCT-a57eaf455348c3e7;DRB-STRUCT-a57eaf455348c3e7	DRB-STRUCT-a57eaf455348c3e7;DRB-STRUCT-a57eaf455348c3e7	1	unique
HG00350	RCCX	1	236		RCCX-STRUCT-c91a117646c15232;RCCX-STRUCT-c91a117646c15232	0	ambiguous
HG00350	DRB	4	1	DRB-STRUCT-17c329d85af8b93c;DRB-STRUCT-2e2f348001bcb731	DRB-STRUCT-17c329d85af8b93c;DRB-STRUCT-2e2f348001bcb731	1	unique
HG01167	RCCX	1	236		RCCX-STRUCT-08dc6d3cd5c804e4;RCCX-STRUCT-08dc6d3cd5c804e4	0	ambiguous
HG01167	DRB	4	1	DRB-STRUCT-17c329d85af8b93c;DRB-STRUCT-a57eaf455348c3e7	DRB-STRUCT-17c329d85af8b93c;DRB-STRUCT-a57eaf455348c3e7	1	unique
HG01530	RCCX	1	236		RCCX-STRUCT-08dc6d3cd5c804e4;RCCX-STRUCT-08dc6d3cd5c804e4	0	ambiguous
HG01530	DRB	4	1	DRB-STRUCT-17c329d85af8b93c;DRB-STRUCT-2e2f348001bcb731	DRB-STRUCT-17c329d85af8b93c;DRB-STRUCT-2e2f348001bcb731	1	unique
HG01784	RCCX	1	236		RCCX-STRUCT-08dc6d3cd5c804e4;RCCX-STRUCT-109f6cb2c3c027c8	0	ambiguous
HG01784	DRB	4	1	DRB-STRUCT-17c329d85af8b93c;DRB-STRUCT-17c329d85af8b93c	DRB-STRUCT-17c329d85af8b93c;DRB-STRUCT-17c329d85af8b93c	1	unique
HG01786	RCCX	1	236		RCCX-STRUCT-08dc6d3cd5c804e4;RCCX-STRUCT-109f6cb2c3c027c8	0	ambiguous
HG01786	DRB	4	1	DRB-STRUCT-d9e9c983b0b92c6d;DRB-STRUCT-d9e9c983b0b92c6d	DRB-STRUCT-d9e9c983b0b92c6d;DRB-STRUCT-d9e9c983b0b92c6d	1	unique
HG02040	RCCX	1	218		RCCX-STRUCT-08dc6d3cd5c804e4;RCCX-STRUCT-08dc6d3cd5c804e4	0	ambiguous
HG02040	DRB	4	1	DRB-STRUCT-17c329d85af8b93c;DRB-STRUCT-2e2f348001bcb731	DRB-STRUCT-17c329d85af8b93c;DRB-STRUCT-2e2f348001bcb731	1	unique
HG02155	RCCX	1	85		RCCX-STRUCT-109f6cb2c3c027c8;RCCX-STRUCT-7b1f207074474ef0	0	ambiguous
HG02155	DRB	4	1	DRB-STRUCT-a57eaf455348c3e7;DRB-STRUCT-a57eaf455348c3e7	DRB-STRUCT-a57eaf455348c3e7;DRB-STRUCT-a57eaf455348c3e7	1	unique
HG02165	RCCX	1	236		RCCX-STRUCT-08dc6d3cd5c804e4;RCCX-STRUCT-c91a117646c15232	0	ambiguous
HG02165	DRB	4	1	DRB-STRUCT-d9e9c983b0b92c6d;DRB-STRUCT-d9e9c983b0b92c6d	DRB-STRUCT-d9e9c983b0b92c6d;DRB-STRUCT-d9e9c983b0b92c6d	1	unique
HG02178	RCCX	1	142		RCCX-STRUCT-08dc6d3cd5c804e4;RCCX-STRUCT-e92677dc4f8b8aff	0	ambiguous
HG02178	DRB	4	1	DRB-STRUCT-17c329d85af8b93c;DRB-STRUCT-a57eaf455348c3e7	DRB-STRUCT-17c329d85af8b93c;DRB-STRUCT-a57eaf455348c3e7	1	unique
HG02391	RCCX	1	236		RCCX-STRUCT-08dc6d3cd5c804e4;RCCX-STRUCT-c91a117646c15232	0	ambiguous
HG02391	DRB	4	1	DRB-STRUCT-a57eaf455348c3e7;DRB-STRUCT-a57eaf455348c3e7	DRB-STRUCT-a57eaf455348c3e7;DRB-STRUCT-a57eaf455348c3e7	1	unique
HG02392	RCCX	1	26		RCCX-STRUCT-08dc6d3cd5c804e4;RCCX-STRUCT-716f40e69c45c13d	0	ambiguous
HG02392	DRB	4	1	DRB-STRUCT-a57eaf455348c3e7;DRB-STRUCT-a57eaf455348c3e7	DRB-STRUCT-a57eaf455348c3e7;DRB-STRUCT-a57eaf455348c3e7	1	unique
HG02583	RCCX	1	218		RCCX-STRUCT-08dc6d3cd5c804e4;RCCX-STRUCT-80c1563b57f16898	0	ambiguous
HG02583	DRB	4	1	DRB-STRUCT-2e2f348001bcb731;DRB-STRUCT-2e2f348001bcb731	DRB-STRUCT-2e2f348001bcb731;DRB-STRUCT-2e2f348001bcb731	1	unique
HG02922	RCCX	1	236		RCCX-STRUCT-08dc6d3cd5c804e4;RCCX-STRUCT-08dc6d3cd5c804e4	0	ambiguous
HG02922	DRB	4	1	DRB-STRUCT-2e2f348001bcb731;DRB-STRUCT-d9e9c983b0b92c6d	DRB-STRUCT-2e2f348001bcb731;DRB-STRUCT-d9e9c983b0b92c6d	1	unique
HG02976	RCCX	1	218		RCCX-STRUCT-08dc6d3cd5c804e4;RCCX-STRUCT-80c1563b57f16898	0	ambiguous
HG02976	DRB	4	1	DRB-STRUCT-a57eaf455348c3e7;DRB-STRUCT-d9e9c983b0b92c6d	DRB-STRUCT-a57eaf455348c3e7;DRB-STRUCT-d9e9c983b0b92c6d	1	unique
HG03130	RCCX	1	236		RCCX-STRUCT-08dc6d3cd5c804e4;RCCX-STRUCT-6493188f61335fa0	0	ambiguous
HG03130	DRB	4	1	DRB-STRUCT-2e2f348001bcb731;DRB-STRUCT-d9e9c983b0b92c6d	DRB-STRUCT-2e2f348001bcb731;DRB-STRUCT-d9e9c983b0b92c6d	1	unique
HG03139	RCCX	1	218		RCCX-STRUCT-08dc6d3cd5c804e4;RCCX-STRUCT-80c1563b57f16898	0	ambiguous
HG03139	DRB	4	1	DRB-STRUCT-2e2f348001bcb731;DRB-STRUCT-2e2f348001bcb731	DRB-STRUCT-2e2f348001bcb731;DRB-STRUCT-2e2f348001bcb731	1	unique
HG03195	RCCX	1	236		RCCX-STRUCT-08dc6d3cd5c804e4;RCCX-STRUCT-6493188f61335fa0	0	ambiguous
HG03195	DRB	4	1	DRB-STRUCT-2e2f348001bcb731;DRB-STRUCT-a57eaf455348c3e7	DRB-STRUCT-2e2f348001bcb731;DRB-STRUCT-a57eaf455348c3e7	1	unique
HG03209	RCCX	1	218		RCCX-STRUCT-08dc6d3cd5c804e4;RCCX-STRUCT-08dc6d3cd5c804e4	0	ambiguous
HG03209	DRB	4	1	DRB-STRUCT-17c329d85af8b93c;DRB-STRUCT-2e2f348001bcb731	DRB-STRUCT-17c329d85af8b93c;DRB-STRUCT-2e2f348001bcb731	1	unique
HG03225	RCCX	1	236		RCCX-STRUCT-08dc6d3cd5c804e4;RCCX-STRUCT-804d53b600bb619f	0	ambiguous
HG03225	DRB	4	1	DRB-STRUCT-2e2f348001bcb731;DRB-STRUCT-d9e9c983b0b92c6d	DRB-STRUCT-2e2f348001bcb731;DRB-STRUCT-d9e9c983b0b92c6d	1	unique
HG03270	RCCX	1	218		RCCX-STRUCT-08dc6d3cd5c804e4;RCCX-STRUCT-08dc6d3cd5c804e4	0	ambiguous
HG03270	DRB	4	1	DRB-STRUCT-a57eaf455348c3e7;DRB-STRUCT-d9e9c983b0b92c6d	DRB-STRUCT-a57eaf455348c3e7;DRB-STRUCT-d9e9c983b0b92c6d	1	unique
HG03369	RCCX	1	218		RCCX-STRUCT-08dc6d3cd5c804e4;RCCX-STRUCT-08dc6d3cd5c804e4	0	ambiguous
HG03369	DRB	4	1	DRB-STRUCT-d9e9c983b0b92c6d;DRB-STRUCT-d9e9c983b0b92c6d	DRB-STRUCT-d9e9c983b0b92c6d;DRB-STRUCT-d9e9c983b0b92c6d	1	unique
HG03470	RCCX	1	236		RCCX-STRUCT-08dc6d3cd5c804e4;RCCX-STRUCT-08dc6d3cd5c804e4	0	ambiguous
HG03470	DRB	4	1	DRB-STRUCT-17c329d85af8b93c;DRB-STRUCT-2e2f348001bcb731	DRB-STRUCT-17c329d85af8b93c;DRB-STRUCT-2e2f348001bcb731	1	unique
HG03521	RCCX	1	236		RCCX-STRUCT-08dc6d3cd5c804e4;RCCX-STRUCT-08dc6d3cd5c804e4	0	ambiguous
HG03521	DRB	4	1	DRB-STRUCT-d9e9c983b0b92c6d;DRB-STRUCT-d9e9c983b0b92c6d	DRB-STRUCT-d9e9c983b0b92c6d;DRB-STRUCT-d9e9c983b0b92c6d	1	unique
HG03583	RCCX	1	236		RCCX-STRUCT-08dc6d3cd5c804e4;RCCX-STRUCT-08dc6d3cd5c804e4	0	ambiguous
HG03583	DRB	4	1	DRB-STRUCT-17c329d85af8b93c;DRB-STRUCT-2e2f348001bcb731	DRB-STRUCT-17c329d85af8b93c;DRB-STRUCT-2e2f348001bcb731	1	unique
HG03742	RCCX	1	236		RCCX-STRUCT-08dc6d3cd5c804e4;RCCX-STRUCT-c91a117646c15232	0	ambiguous
HG03742	DRB	4	1	DRB-STRUCT-17c329d85af8b93c;DRB-STRUCT-2e2f348001bcb731	DRB-STRUCT-17c329d85af8b93c;DRB-STRUCT-2e2f348001bcb731	1	unique
HG03784	RCCX	1	142		RCCX-STRUCT-c91a117646c15232;RCCX-STRUCT-e92677dc4f8b8aff	0	ambiguous
HG03784	DRB	4	1	DRB-STRUCT-d9e9c983b0b92c6d;DRB-STRUCT-d9e9c983b0b92c6d	DRB-STRUCT-d9e9c983b0b92c6d;DRB-STRUCT-d9e9c983b0b92c6d	1	unique
HG03874	RCCX	1	236		RCCX-STRUCT-08dc6d3cd5c804e4;RCCX-STRUCT-e92677dc4f8b8aff	0	ambiguous
HG03874	DRB	4	1	DRB-STRUCT-17c329d85af8b93c;DRB-STRUCT-d9e9c983b0b92c6d	DRB-STRUCT-17c329d85af8b93c;DRB-STRUCT-d9e9c983b0b92c6d	1	unique
NA18505	RCCX	1	85		RCCX-STRUCT-08dc6d3cd5c804e4;RCCX-STRUCT-80c1563b57f16898	0	ambiguous
NA18505	DRB	4	1	DRB-STRUCT-a57eaf455348c3e7;DRB-STRUCT-d9e9c983b0b92c6d	DRB-STRUCT-a57eaf455348c3e7;DRB-STRUCT-d9e9c983b0b92c6d	1	unique
NA18508	RCCX	1	236		RCCX-STRUCT-08dc6d3cd5c804e4;RCCX-STRUCT-b8ca310d36f0396c	0	ambiguous
NA18508	DRB	4	1	DRB-STRUCT-d9e9c983b0b92c6d;DRB-STRUCT-d9e9c983b0b92c6d	DRB-STRUCT-d9e9c983b0b92c6d;DRB-STRUCT-d9e9c983b0b92c6d	1	unique
NA18522	RCCX	1	236		RCCX-STRUCT-08dc6d3cd5c804e4;RCCX-STRUCT-08dc6d3cd5c804e4	0	ambiguous
NA18522	DRB	4	1	DRB-STRUCT-d9e9c983b0b92c6d;DRB-STRUCT-d9e9c983b0b92c6d	DRB-STRUCT-d9e9c983b0b92c6d;DRB-STRUCT-d9e9c983b0b92c6d	1	unique
NA18565	RCCX	1	236		RCCX-STRUCT-08dc6d3cd5c804e4;RCCX-STRUCT-08dc6d3cd5c804e4	0	ambiguous
NA18565	DRB	4	1	DRB-STRUCT-17c329d85af8b93c;DRB-STRUCT-d9e9c983b0b92c6d	DRB-STRUCT-17c329d85af8b93c;DRB-STRUCT-d9e9c983b0b92c6d	1	unique
NA18570	RCCX	1	236		RCCX-STRUCT-08dc6d3cd5c804e4;RCCX-STRUCT-08dc6d3cd5c804e4	0	ambiguous
NA18570	DRB	4	1	DRB-STRUCT-17c329d85af8b93c;DRB-STRUCT-d9e9c983b0b92c6d	DRB-STRUCT-17c329d85af8b93c;DRB-STRUCT-d9e9c983b0b92c6d	1	unique
NA18608	RCCX	1	218		RCCX-STRUCT-4c34865fcf2a50f9;RCCX-STRUCT-c91a117646c15232	0	ambiguous
NA18608	DRB	4	1	DRB-STRUCT-d9e9c983b0b92c6d;DRB-STRUCT-d9e9c983b0b92c6d	DRB-STRUCT-d9e9c983b0b92c6d;DRB-STRUCT-d9e9c983b0b92c6d	1	unique
NA18620	RCCX	1	218		RCCX-STRUCT-b8ca310d36f0396c;RCCX-STRUCT-c91a117646c15232	0	ambiguous
NA18620	DRB	4	1	DRB-STRUCT-d9e9c983b0b92c6d;DRB-STRUCT-d9e9c983b0b92c6d	DRB-STRUCT-d9e9c983b0b92c6d;DRB-STRUCT-d9e9c983b0b92c6d	1	unique
NA18747	RCCX	1	236		RCCX-STRUCT-c91a117646c15232;RCCX-STRUCT-c91a117646c15232	0	ambiguous
NA18747	DRB	4	1	DRB-STRUCT-a57eaf455348c3e7;DRB-STRUCT-d9e9c983b0b92c6d	DRB-STRUCT-a57eaf455348c3e7;DRB-STRUCT-d9e9c983b0b92c6d	1	unique
NA18879	RCCX	1	68		RCCX-STRUCT-08dc6d3cd5c804e4;RCCX-STRUCT-12355a86c207700e	0	ambiguous
NA18879	DRB	4	1	DRB-STRUCT-d9e9c983b0b92c6d;DRB-STRUCT-d9e9c983b0b92c6d	DRB-STRUCT-d9e9c983b0b92c6d;DRB-STRUCT-d9e9c983b0b92c6d	1	unique
NA18940	RCCX	1	236		RCCX-STRUCT-08dc6d3cd5c804e4;RCCX-STRUCT-109f6cb2c3c027c8	0	ambiguous
NA18940	DRB	4	1	DRB-STRUCT-2e2f348001bcb731;DRB-STRUCT-a57eaf455348c3e7	DRB-STRUCT-2e2f348001bcb731;DRB-STRUCT-a57eaf455348c3e7	1	unique
NA18943	RCCX	1	218		RCCX-STRUCT-08dc6d3cd5c804e4;RCCX-STRUCT-c91a117646c15232	0	ambiguous
NA18943	DRB	4	1	DRB-STRUCT-2e2f348001bcb731;DRB-STRUCT-2e2f348001bcb731	DRB-STRUCT-2e2f348001bcb731;DRB-STRUCT-2e2f348001bcb731	1	unique
NA18944	RCCX	1	236		RCCX-STRUCT-08dc6d3cd5c804e4;RCCX-STRUCT-c91a117646c15232	0	ambiguous
NA18944	DRB	4	1	DRB-STRUCT-2e2f348001bcb731;DRB-STRUCT-d9e9c983b0b92c6d	DRB-STRUCT-2e2f348001bcb731;DRB-STRUCT-d9e9c983b0b92c6d	1	unique
NA18945	RCCX	1	236		RCCX-STRUCT-08dc6d3cd5c804e4;RCCX-STRUCT-b8ca310d36f0396c	0	ambiguous
NA18945	DRB	4	1	DRB-STRUCT-17c329d85af8b93c;DRB-STRUCT-d9e9c983b0b92c6d	DRB-STRUCT-17c329d85af8b93c;DRB-STRUCT-d9e9c983b0b92c6d	1	unique
NA18948	RCCX	1	6		RCCX-STRUCT-08dc6d3cd5c804e4;RCCX-STRUCT-c043bb7aaa1cb89c	0	ambiguous
NA18948	DRB	4	1	DRB-STRUCT-17c329d85af8b93c;DRB-STRUCT-2e2f348001bcb731	DRB-STRUCT-17c329d85af8b93c;DRB-STRUCT-2e2f348001bcb731	1	unique
NA18952	RCCX	1	39		RCCX-STRUCT-c043bb7aaa1cb89c;RCCX-STRUCT-c91a117646c15232	0	ambiguous
NA18952	DRB	4	1	DRB-STRUCT-17c329d85af8b93c;DRB-STRUCT-d9e9c983b0b92c6d	DRB-STRUCT-17c329d85af8b93c;DRB-STRUCT-d9e9c983b0b92c6d	1	unique
NA18959	RCCX	1	85		RCCX-STRUCT-109f6cb2c3c027c8;RCCX-STRUCT-7b1f207074474ef0	0	ambiguous
NA18959	DRB	4	1	DRB-STRUCT-a57eaf455348c3e7;DRB-STRUCT-a57eaf455348c3e7	DRB-STRUCT-a57eaf455348c3e7;DRB-STRUCT-a57eaf455348c3e7	1	unique
NA18960	RCCX	1	236		RCCX-STRUCT-08dc6d3cd5c804e4;RCCX-STRUCT-c91a117646c15232	0	ambiguous
NA18960	DRB	4	1	DRB-STRUCT-17c329d85af8b93c;DRB-STRUCT-2e2f348001bcb731	DRB-STRUCT-17c329d85af8b93c;DRB-STRUCT-17c329d85af8b93c	0	unique
NA18967	RCCX	1	85		RCCX-STRUCT-80c1563b57f16898;RCCX-STRUCT-c91a117646c15232	0	ambiguous
NA18967	DRB	4	1	DRB-STRUCT-17c329d85af8b93c;DRB-STRUCT-d9e9c983b0b92c6d	DRB-STRUCT-17c329d85af8b93c;DRB-STRUCT-d9e9c983b0b92c6d	1	unique
NA18970	RCCX	1	236		RCCX-STRUCT-08dc6d3cd5c804e4;RCCX-STRUCT-c91a117646c15232	0	ambiguous
NA18970	DRB	4	1	DRB-STRUCT-17c329d85af8b93c;DRB-STRUCT-d9e9c983b0b92c6d	DRB-STRUCT-17c329d85af8b93c;DRB-STRUCT-d9e9c983b0b92c6d	1	unique
NA18971	RCCX	1	236		RCCX-STRUCT-c91a117646c15232;RCCX-STRUCT-c91a117646c15232	0	ambiguous
NA18971	DRB	4	1	DRB-STRUCT-17c329d85af8b93c;DRB-STRUCT-d9e9c983b0b92c6d	DRB-STRUCT-17c329d85af8b93c;DRB-STRUCT-d9e9c983b0b92c6d	1	unique
NA18974	RCCX	1	39		RCCX-STRUCT-e92677dc4f8b8aff;RCCX-STRUCT-e92677dc4f8b8aff	0	ambiguous
NA18974	DRB	4	1	DRB-STRUCT-17c329d85af8b93c;DRB-STRUCT-a57eaf455348c3e7	DRB-STRUCT-17c329d85af8b93c;DRB-STRUCT-a57eaf455348c3e7	1	unique
NA18976	RCCX	1	236		RCCX-STRUCT-08dc6d3cd5c804e4;RCCX-STRUCT-08dc6d3cd5c804e4	0	ambiguous
NA18976	DRB	4	1	DRB-STRUCT-d9e9c983b0b92c6d;DRB-STRUCT-d9e9c983b0b92c6d	DRB-STRUCT-d9e9c983b0b92c6d;DRB-STRUCT-d9e9c983b0b92c6d	1	unique
NA18982	RCCX	1	236		RCCX-STRUCT-08dc6d3cd5c804e4;RCCX-STRUCT-109f6cb2c3c027c8	0	ambiguous
NA18982	DRB	4	1	DRB-STRUCT-a57eaf455348c3e7;DRB-STRUCT-a57eaf455348c3e7	DRB-STRUCT-a57eaf455348c3e7;DRB-STRUCT-a57eaf455348c3e7	1	unique
NA18983	RCCX	1	236		RCCX-STRUCT-c91a117646c15232;RCCX-STRUCT-c91a117646c15232	0	ambiguous
NA18983	DRB	4	1	DRB-STRUCT-17c329d85af8b93c;DRB-STRUCT-d9e9c983b0b92c6d	DRB-STRUCT-17c329d85af8b93c;DRB-STRUCT-d9e9c983b0b92c6d	1	unique
NA18990	RCCX	1	218		RCCX-STRUCT-08dc6d3cd5c804e4;RCCX-STRUCT-08dc6d3cd5c804e4	0	ambiguous
NA18990	DRB	4	1	DRB-STRUCT-17c329d85af8b93c;DRB-STRUCT-d9e9c983b0b92c6d	DRB-STRUCT-17c329d85af8b93c;DRB-STRUCT-d9e9c983b0b92c6d	1	unique
NA19007	RCCX	1	218		RCCX-STRUCT-08dc6d3cd5c804e4;RCCX-STRUCT-80c1563b57f16898	0	ambiguous
NA19007	DRB	4	1	DRB-STRUCT-17c329d85af8b93c;DRB-STRUCT-2e2f348001bcb731	DRB-STRUCT-17c329d85af8b93c;DRB-STRUCT-2e2f348001bcb731	1	unique
NA19036	RCCX	1	236		RCCX-STRUCT-08dc6d3cd5c804e4;RCCX-STRUCT-08dc6d3cd5c804e4	0	ambiguous
NA19036	DRB	4	1	DRB-STRUCT-d9e9c983b0b92c6d;DRB-STRUCT-d9e9c983b0b92c6d	DRB-STRUCT-d9e9c983b0b92c6d;DRB-STRUCT-d9e9c983b0b92c6d	1	unique
NA19043	RCCX	1	236		RCCX-STRUCT-08dc6d3cd5c804e4;RCCX-STRUCT-08dc6d3cd5c804e4	0	ambiguous
NA19043	DRB	4	1	DRB-STRUCT-d9e9c983b0b92c6d;DRB-STRUCT-d9e9c983b0b92c6d	DRB-STRUCT-d9e9c983b0b92c6d;DRB-STRUCT-d9e9c983b0b92c6d	1	unique
NA19066	RCCX	1	218		RCCX-STRUCT-08dc6d3cd5c804e4;RCCX-STRUCT-109f6cb2c3c027c8	0	ambiguous
NA19066	DRB	4	1	DRB-STRUCT-17c329d85af8b93c;DRB-STRUCT-a57eaf455348c3e7	DRB-STRUCT-17c329d85af8b93c;DRB-STRUCT-a57eaf455348c3e7	1	unique
NA19079	RCCX	1	236		RCCX-STRUCT-08dc6d3cd5c804e4;RCCX-STRUCT-b8ca310d36f0396c	0	ambiguous
NA19079	DRB	4	1	DRB-STRUCT-17c329d85af8b93c;DRB-STRUCT-d9e9c983b0b92c6d	DRB-STRUCT-17c329d85af8b93c;DRB-STRUCT-d9e9c983b0b92c6d	1	unique
NA19087	RCCX	1	218		RCCX-STRUCT-08dc6d3cd5c804e4;RCCX-STRUCT-c91a117646c15232	0	ambiguous
NA19087	DRB	4	1	DRB-STRUCT-17c329d85af8b93c;DRB-STRUCT-d9e9c983b0b92c6d	DRB-STRUCT-17c329d85af8b93c;DRB-STRUCT-d9e9c983b0b92c6d	1	unique
NA19088	RCCX	1	129		RCCX-STRUCT-4c34865fcf2a50f9;RCCX-STRUCT-772019bbe8032c14	0	ambiguous
NA19088	DRB	4	1	DRB-STRUCT-17c329d85af8b93c;DRB-STRUCT-d9e9c983b0b92c6d	DRB-STRUCT-17c329d85af8b93c;DRB-STRUCT-d9e9c983b0b92c6d	1	unique
NA19159	RCCX	1	39		RCCX-STRUCT-0c843ef37c4c8a9d;RCCX-STRUCT-43779c00c9747168	0	ambiguous
NA19159	DRB	4	1	DRB-STRUCT-17c329d85af8b93c;DRB-STRUCT-d9e9c983b0b92c6d	DRB-STRUCT-17c329d85af8b93c;DRB-STRUCT-d9e9c983b0b92c6d	1	unique
NA19185	RCCX	1	236		RCCX-STRUCT-08dc6d3cd5c804e4;RCCX-STRUCT-b8ca310d36f0396c	0	ambiguous
NA19185	DRB	4	1	DRB-STRUCT-d9e9c983b0b92c6d;DRB-STRUCT-d9e9c983b0b92c6d	DRB-STRUCT-d9e9c983b0b92c6d;DRB-STRUCT-d9e9c983b0b92c6d	1	unique
NA19338	RCCX	1	236		RCCX-STRUCT-08dc6d3cd5c804e4;RCCX-STRUCT-08dc6d3cd5c804e4	0	ambiguous
NA19338	DRB	4	1	DRB-STRUCT-a57eaf455348c3e7;DRB-STRUCT-d9e9c983b0b92c6d	DRB-STRUCT-a57eaf455348c3e7;DRB-STRUCT-d9e9c983b0b92c6d	1	unique
NA19391	RCCX	1	85		RCCX-STRUCT-08dc6d3cd5c804e4;RCCX-STRUCT-80c1563b57f16898	0	ambiguous
NA19391	DRB	4	1	DRB-STRUCT-d9e9c983b0b92c6d;DRB-STRUCT-d9e9c983b0b92c6d	DRB-STRUCT-d9e9c983b0b92c6d;DRB-STRUCT-d9e9c983b0b92c6d	1	unique
NA19443	RCCX	1	85		RCCX-STRUCT-08dc6d3cd5c804e4;RCCX-STRUCT-80c1563b57f16898	0	ambiguous
NA19443	DRB	4	1	DRB-STRUCT-2e2f348001bcb731;DRB-STRUCT-d9e9c983b0b92c6d	DRB-STRUCT-2e2f348001bcb731;DRB-STRUCT-d9e9c983b0b92c6d	1	unique
NA19468	RCCX	1	218		RCCX-STRUCT-08dc6d3cd5c804e4;RCCX-STRUCT-a002f576cdda62b4	0	ambiguous
NA19468	DRB	4	1	DRB-STRUCT-2e2f348001bcb731;DRB-STRUCT-d9e9c983b0b92c6d	DRB-STRUCT-2e2f348001bcb731;DRB-STRUCT-d9e9c983b0b92c6d	1	unique
NA19682	RCCX	1	236		RCCX-STRUCT-08dc6d3cd5c804e4;RCCX-STRUCT-c91a117646c15232	0	ambiguous
NA19682	DRB	4	1	DRB-STRUCT-d9e9c983b0b92c6d;DRB-STRUCT-d9e9c983b0b92c6d	DRB-STRUCT-d9e9c983b0b92c6d;DRB-STRUCT-d9e9c983b0b92c6d	1	unique
NA19700	RCCX	1	218		RCCX-STRUCT-08dc6d3cd5c804e4;RCCX-STRUCT-80c1563b57f16898	0	ambiguous
NA19700	DRB	4	1	DRB-STRUCT-17c329d85af8b93c;DRB-STRUCT-d9e9c983b0b92c6d	DRB-STRUCT-17c329d85af8b93c;DRB-STRUCT-d9e9c983b0b92c6d	1	unique
NA19776	RCCX	1	236		RCCX-STRUCT-c91a117646c15232;RCCX-STRUCT-c91a117646c15232	0	ambiguous
NA19776	DRB	4	1	DRB-STRUCT-17c329d85af8b93c;DRB-STRUCT-d9e9c983b0b92c6d	DRB-STRUCT-17c329d85af8b93c;DRB-STRUCT-d9e9c983b0b92c6d	1	unique
NA19835	RCCX	1	218		RCCX-STRUCT-08dc6d3cd5c804e4;RCCX-STRUCT-08dc6d3cd5c804e4	0	ambiguous
NA19835	DRB	4	1	DRB-STRUCT-2e2f348001bcb731;DRB-STRUCT-d9e9c983b0b92c6d	DRB-STRUCT-2e2f348001bcb731;DRB-STRUCT-d9e9c983b0b92c6d	1	unique
NA19909	RCCX	1	218		RCCX-STRUCT-b8ca310d36f0396c;RCCX-STRUCT-b8ca310d36f0396c	0	ambiguous
NA19909	DRB	4	1	DRB-STRUCT-d9e9c983b0b92c6d;DRB-STRUCT-d9e9c983b0b92c6d	DRB-STRUCT-d9e9c983b0b92c6d;DRB-STRUCT-d9e9c983b0b92c6d	1	unique
NA20282	RCCX	1	142		RCCX-STRUCT-0c843ef37c4c8a9d;RCCX-STRUCT-b8ca310d36f0396c	0	ambiguous
NA20282	DRB	4	1	DRB-STRUCT-2e2f348001bcb731;DRB-STRUCT-d9e9c983b0b92c6d	DRB-STRUCT-2e2f348001bcb731;DRB-STRUCT-d9e9c983b0b92c6d	1	unique
NA20346	RCCX	1	218		RCCX-STRUCT-08dc6d3cd5c804e4;RCCX-STRUCT-08dc6d3cd5c804e4	0	ambiguous
NA20346	DRB	4	1	DRB-STRUCT-d9e9c983b0b92c6d;DRB-STRUCT-d9e9c983b0b92c6d	DRB-STRUCT-d9e9c983b0b92c6d;DRB-STRUCT-d9e9c983b0b92c6d	1	unique
NA20503	RCCX	1	236		RCCX-STRUCT-109f6cb2c3c027c8;RCCX-STRUCT-c91a117646c15232	0	ambiguous
NA20503	DRB	4	1	DRB-STRUCT-2e2f348001bcb731;DRB-STRUCT-d9e9c983b0b92c6d	DRB-STRUCT-2e2f348001bcb731;DRB-STRUCT-d9e9c983b0b92c6d	1	unique
NA20752	RCCX	1	236		RCCX-STRUCT-08dc6d3cd5c804e4;RCCX-STRUCT-109f6cb2c3c027c8	0	ambiguous
NA20752	DRB	4	1	DRB-STRUCT-17c329d85af8b93c;DRB-STRUCT-2e2f348001bcb731	DRB-STRUCT-17c329d85af8b93c;DRB-STRUCT-2e2f348001bcb731	1	unique
NA20762	RCCX	1	218		RCCX-STRUCT-c91a117646c15232;RCCX-STRUCT-c91a117646c15232	0	ambiguous
NA20762	DRB	4	1	DRB-STRUCT-2e2f348001bcb731;DRB-STRUCT-d9e9c983b0b92c6d	DRB-STRUCT-2e2f348001bcb731;DRB-STRUCT-d9e9c983b0b92c6d	1	unique
NA20799	RCCX	1	218		RCCX-STRUCT-08dc6d3cd5c804e4;RCCX-STRUCT-c91a117646c15232	0	ambiguous
NA20799	DRB	4	1	DRB-STRUCT-2e2f348001bcb731;DRB-STRUCT-d9e9c983b0b92c6d	DRB-STRUCT-2e2f348001bcb731;DRB-STRUCT-d9e9c983b0b92c6d	1	unique
NA20805	RCCX	1	85		RCCX-STRUCT-80c1563b57f16898;RCCX-STRUCT-c91a117646c15232	0	ambiguous
NA20805	DRB	4	1	DRB-STRUCT-d9e9c983b0b92c6d;DRB-STRUCT-d9e9c983b0b92c6d	DRB-STRUCT-d9e9c983b0b92c6d;DRB-STRUCT-d9e9c983b0b92c6d	1	unique
NA20806	RCCX	1	218		RCCX-STRUCT-684f24a39886a3ee;RCCX-STRUCT-c91a117646c15232	0	ambiguous
NA20806	DRB	4	1	DRB-STRUCT-a57eaf455348c3e7;DRB-STRUCT-a57eaf455348c3e7	DRB-STRUCT-a57eaf455348c3e7;DRB-STRUCT-a57eaf455348c3e7	1	unique
NA20809	RCCX	1	236		RCCX-STRUCT-08dc6d3cd5c804e4;RCCX-STRUCT-c91a117646c15232	0	ambiguous
NA20809	DRB	4	1	DRB-STRUCT-17c329d85af8b93c;DRB-STRUCT-2e2f348001bcb731	DRB-STRUCT-17c329d85af8b93c;DRB-STRUCT-2e2f348001bcb731	1	unique
NA20827	RCCX	1	85		RCCX-STRUCT-08dc6d3cd5c804e4;RCCX-STRUCT-80c1563b57f16898	0	ambiguous
NA20827	DRB	4	1	DRB-STRUCT-17c329d85af8b93c;DRB-STRUCT-17c329d85af8b93c	DRB-STRUCT-17c329d85af8b93c;DRB-STRUCT-17c329d85af8b93c	1	unique
NA20850	RCCX	1	236		RCCX-STRUCT-08dc6d3cd5c804e4;RCCX-STRUCT-08dc6d3cd5c804e4	0	ambiguous
NA20850	DRB	4	1	DRB-STRUCT-17c329d85af8b93c;DRB-STRUCT-a57eaf455348c3e7	DRB-STRUCT-17c329d85af8b93c;DRB-STRUCT-a57eaf455348c3e7	1	unique
NA20870	RCCX	1	236		RCCX-STRUCT-08dc6d3cd5c804e4;RCCX-STRUCT-c91a117646c15232	0	ambiguous
NA20870	DRB	4	1	DRB-STRUCT-a57eaf455348c3e7;DRB-STRUCT-d9e9c983b0b92c6d	DRB-STRUCT-a57eaf455348c3e7;DRB-STRUCT-d9e9c983b0b92c6d	1	unique
NA20905	RCCX	1	218		RCCX-STRUCT-109f6cb2c3c027c8;RCCX-STRUCT-80c1563b57f16898	0	ambiguous
NA20905	DRB	4	1	DRB-STRUCT-a57eaf455348c3e7;DRB-STRUCT-d9e9c983b0b92c6d	DRB-STRUCT-a57eaf455348c3e7;DRB-STRUCT-d9e9c983b0b92c6d	1	unique
NA21093	RCCX	1	236		RCCX-STRUCT-08dc6d3cd5c804e4;RCCX-STRUCT-08dc6d3cd5c804e4	0	ambiguous
NA21093	DRB	4	1	DRB-STRUCT-17c329d85af8b93c;DRB-STRUCT-2e2f348001bcb731	DRB-STRUCT-17c329d85af8b93c;DRB-STRUCT-2e2f348001bcb731	1	unique
NA21102	RCCX	1	236		RCCX-STRUCT-804d53b600bb619f;RCCX-STRUCT-f3965b9e0fe6783a	0	ambiguous
NA21102	DRB	4	1	DRB-STRUCT-2e2f348001bcb731;DRB-STRUCT-d9e9c983b0b92c6d	DRB-STRUCT-2e2f348001bcb731;DRB-STRUCT-d9e9c983b0b92c6d	1	unique
NA21106	RCCX	1	218		RCCX-STRUCT-109f6cb2c3c027c8;RCCX-STRUCT-c91a117646c15232	0	ambiguous
NA21106	DRB	4	1	DRB-STRUCT-a57eaf455348c3e7;DRB-STRUCT-a57eaf455348c3e7	DRB-STRUCT-a57eaf455348c3e7;DRB-STRUCT-a57eaf455348c3e7	1	unique
NA21110	RCCX	1	236		RCCX-STRUCT-109f6cb2c3c027c8;RCCX-STRUCT-c91a117646c15232	0	ambiguous
NA21110	DRB	4	1	DRB-STRUCT-a57eaf455348c3e7;DRB-STRUCT-d9e9c983b0b92c6d	DRB-STRUCT-a57eaf455348c3e7;DRB-STRUCT-d9e9c983b0b92c6d	1	unique
NA21144	RCCX	1	201		RCCX-STRUCT-005a3eadf9cf15cd;RCCX-STRUCT-08dc6d3cd5c804e4	0	ambiguous
NA21144	DRB	4	1	DRB-STRUCT-17c329d85af8b93c;DRB-STRUCT-d9e9c983b0b92c6d	DRB-STRUCT-17c329d85af8b93c;DRB-STRUCT-d9e9c983b0b92c6d	1	unique
