locus	structure_id	signature	copy_number	haplotypes	donors	families	sequence_haplotypes	cohorts	truth_status
DRB	DRB-STRUCT-17c329d85af8b93c	HLA-DRA+|HLA-DRB4-|HLA-DRB1-	2	156	129	129	155	APR;HPRC-EastAsian;HPRC-Japanese;HPRC-Jewish;HPRC-Rest;JaSaPaGe-Japanese;JaSaPaGe-Saudi	provisional_annotation_absence_not_confirmed_deletion
DRB	DRB-STRUCT-2e2f348001bcb731	HLA-DRA+|HLA-DRB1-	1	88	80	80	83	APR;HPRC-EastAsian;HPRC-Japanese;HPRC-Jewish;HPRC-Rest;JaSaPaGe-Japanese	provisional_annotation_absence_not_confirmed_deletion
DRB	DRB-STRUCT-a57eaf455348c3e7	HLA-DRA+|HLA-DRB5-|HLA-DRB1-	2	109	87	86	105	APR;HPRC-EastAsian;HPRC-Japanese;HPRC-Rest;JaSaPaGe-Japanese;JaSaPaGe-Saudi	provisional_annotation_absence_not_confirmed_deletion
DRB	DRB-STRUCT-d9e9c983b0b92c6d	HLA-DRA+|HLA-DRB3-|HLA-DRB1-	2	238	179	178	219	APR;HPRC-EastAsian;HPRC-Japanese;HPRC-Rest;JaSaPaGe-Japanese;JaSaPaGe-Saudi	provisional_annotation_absence_not_confirmed_deletion
RCCX	RCCX-STRUCT-005a3eadf9cf15cd	WHR1-like+|C4BL+|CYP21A1P-like+|TNXA-like-|WHR1B-like+|C4BS+|CYP21A2-like+|TNXB-like-	2	1	1	1	1	HPRC-Rest	assembly_homology_and_annotation
RCCX	RCCX-STRUCT-08dc6d3cd5c804e4	WHR1-like+|C4AL+|CYP21A1P-like+|TNXA-like-|WHR1B-like+|C4BS+|CYP21A2-like+|TNXB-like-	2	233	179	178	226	APR;HPRC-EastAsian;HPRC-Japanese;HPRC-Rest;JaSaPaGe-Japanese;JaSaPaGe-Saudi	assembly_homology_and_annotation
RCCX	RCCX-STRUCT-0c843ef37c4c8a9d	WHR1-like+|C4AL+|CYP21A1P-like+|TNXA-like-|WHR1B-like+|C4BS+|CYP21A1P-like+|TNXA-like-|WHR1B-like+|C4BS+|CYP21A2-like+|TNXB-like-	3	11	11	11	11	APR;HPRC-EastAsian;HPRC-Rest	assembly_homology_and_annotation
RCCX	RCCX-STRUCT-109f6cb2c3c027c8	WHR1-like+|C4AL+|CYP21A1P-like+|TNXA-like-|WHR1B-like+|C4AL+|CYP21A2-like+|TNXB-like-	2	27	27	27	26	APR;HPRC-EastAsian;HPRC-Japanese;HPRC-Rest;JaSaPaGe-Japanese;JaSaPaGe-Saudi	assembly_homology_and_annotation
RCCX	RCCX-STRUCT-12355a86c207700e	WHR1-like+|C4AS+|CYP21A2-like+|TNXB-like-	1	1	1	1	1	HPRC-Rest	assembly_homology_and_annotation
RCCX	RCCX-STRUCT-1f022f87af7ce1ed	WHR1-like+|C4AL+|CYP21A1P-like+|TNXA-like-|WHR1B-like+|C4AS+|CYP21A1P-like+|TNXA-like-|WHR1B-like+|C4BS+|CYP21A1P-like+|TNXA-like-|WHR1B-like+|C4BS+|CYP21A2-like+|TNXB-like-	4	1	1	1	1	APR	assembly_homology_and_annotation
RCCX	RCCX-STRUCT-3448b7c309a42550	WHR1-like+|C4AL+|CYP21A1P-like+|TNXA-like-|WHR1B-like+|C4BS+|CYP21A1P-like+|TNXA-like-|WHR1B-like+|C4BL+|CYP21A2-like+|TNXB-like-	3	1	1	1	1	APR	assembly_homology_and_annotation
RCCX	RCCX-STRUCT-3d82c5351ccfb664	WHR1-like+|C4AS+|CYP21A1P-like+|TNXA-like-|WHR1B-like+|C4BS+|CYP21A2-like+|TNXB-like-	2	7	6	6	7	HPRC-Rest	assembly_homology_and_annotation
RCCX	RCCX-STRUCT-42dd7f832dff3c86	WHR1-like+|C4AL+|CYP21A1P-like+|TNXA-like-|WHR1B-like+|C4BS+|CYP21A1P-like+|TNXA-like-|WHR1B-like+|C4AL+|CYP21A2-like+|TNXB-like-	3	1	1	1	1	HPRC-Rest	assembly_homology_and_annotation
RCCX	RCCX-STRUCT-43779c00c9747168	WHR1-like+|C4AL+|CYP21A1P-like+|TNXA-like-|WHR1B-like+|C4AS+|CYP21A1P-like+|TNXA-like-|WHR1B-like+|C4BS+|CYP21A2-like+|TNXB-like-	3	5	5	5	5	HPRC-EastAsian;HPRC-Rest	assembly_homology_and_annotation
RCCX	RCCX-STRUCT-4b4b6e68dd2a2a5d	WHR1-like+|C4AL+|CYP21A1P-like+|TNXA-like-|WHR1B-like+|C4BS+|CYP21A1P-like+|TNXB-like-	2	1	1	1	1	HPRC-EastAsian	assembly_homology_and_annotation
RCCX	RCCX-STRUCT-4c34865fcf2a50f9	WHR1-like+|C4AL+|CYP21A2-like+|TNXA-like-|WHR1B-like+|C4BL+|CYP21A2-like+|TNXB-like-	2	6	6	6	6	HPRC-EastAsian;HPRC-Rest;JaSaPaGe-Japanese	assembly_homology_and_annotation
RCCX	RCCX-STRUCT-5ad6ee42a7b40a00	WHR1-like+|C4BL+|CYP21A1P-like+|TNXA-like-|WHR1B-like+|C4BS+|CYP21A1P-like+|TNXA-like-|WHR1B-like+|C4BS+|CYP21A2-like+|TNXB-like-	3	1	1	1	1	HPRC-Rest	assembly_homology_and_annotation
RCCX	RCCX-STRUCT-6493188f61335fa0	WHR1-like+|C4AL+|CYP21A1P-like+|TNXA-like-|WHR1B-like+|C4BS+|CYP21A2-like+|TNXA-like-	2	5	5	5	3	HPRC-Rest	assembly_homology_and_annotation
RCCX	RCCX-STRUCT-684f24a39886a3ee	WHR1-like+|C4BL+|CYP21A1P-like+|TNXA-like-|WHR1B-like+|C4BL+|CYP21A2-like+|TNXB-like-	2	3	3	3	3	HPRC-Rest	assembly_homology_and_annotation
RCCX	RCCX-STRUCT-716f40e69c45c13d	WHR1-like+|C4AL+|CYP21A1P-like+|TNXA-like-|WHR1B-like+|C4BS+|CYP21A2-like+|TNXA-like-|WHR1B-like+|C4AL+|CYP21A2-like+|TNXA-like-|WHR1B-like+|C4BS+|CYP21A2-like+|TNXB-like-	4	1	1	1	1	HPRC-EastAsian	assembly_homology_and_annotation
RCCX	RCCX-STRUCT-750ba4509b0b305f	WHR1-like+|C4AL+|CYP21A1P-like+|TNXA-like-|WHR1B-like+|C4BL+|CYP21A1P-like+|TNXA-like-|WHR1B-like+|C4BL+|CYP21A2-like+|TNXB-like-	3	7	7	7	7	HPRC-EastAsian;HPRC-Rest	assembly_homology_and_annotation
RCCX	RCCX-STRUCT-772019bbe8032c14	WHR1-like+|C4BL+|CYP21A1P-like+|TNXA-like-|WHR1B-like+|C4BL+|CYP21A1P-like+|TNXA-like-|WHR1B-like+|C4BL+|CYP21A2-like+|TNXB-like-	3	1	1	1	1	JaSaPaGe-Japanese	assembly_homology_and_annotation
RCCX	RCCX-STRUCT-7b1f207074474ef0	WHR1-like+|C4BL+|CYP21A2-like+|TNXB-like-	1	3	3	3	3	HPRC-EastAsian;HPRC-Japanese;HPRC-Rest	assembly_homology_and_annotation
RCCX	RCCX-STRUCT-7ed3bad7d86d2b59	WHR1-like+|C4AS+|CYP21A1P-like+|TNXA-like-|WHR1B-like+|C4BL+|CYP21A2-like+|TNXB-like-	2	1	1	1	1	APR	assembly_homology_and_annotation
RCCX	RCCX-STRUCT-804d53b600bb619f	WHR1-like+|C4AL+|CYP21A2-like+|TNXA-like-|WHR1B-like+|C4BS+|CYP21A2-like+|TNXB-like-	2	20	20	20	17	APR;HPRC-Rest;JaSaPaGe-Saudi	assembly_homology_and_annotation
RCCX	RCCX-STRUCT-80c1563b57f16898	WHR1-like+|C4AL+|CYP21A2-like+|TNXB-like-	1	49	46	46	44	APR;HPRC-EastAsian;HPRC-Japanese;HPRC-Rest;JaSaPaGe-Japanese	assembly_homology_and_annotation
RCCX	RCCX-STRUCT-8904b92121a5f1e8	WHR1-like+|C4BL+|CYP21A1P-like+|TNXA-like-|WHR1B-like+|C4AS+|CYP21A2-like+|TNXA-like-|WHR1B-like+|C4BS+|CYP21A2-like+|TNXB-like-	3	11	11	11	11	APR;HPRC-Rest;JaSaPaGe-Saudi	assembly_homology_and_annotation
RCCX	RCCX-STRUCT-a002f576cdda62b4	WHR1-like+|C4BS+|CYP21A2-like+|TNXB-like-	1	11	10	10	10	APR;HPRC-Rest	assembly_homology_and_annotation
RCCX	RCCX-STRUCT-a672720635c58ced	WHR1-like+|C4BS+|CYP21A1P-like+|TNXA-like-|WHR1B-like+|C4BS+|CYP21A2-like+|TNXB-like-	2	1	1	1	1	HPRC-Rest	assembly_homology_and_annotation
RCCX	RCCX-STRUCT-b8ca310d36f0396c	WHR1-like+|C4AL+|CYP21A1P-like+|TNXA-like-|WHR1B-like+|C4AS+|CYP21A2-like+|TNXB-like-	2	19	18	18	19	APR;HPRC-EastAsian;HPRC-Japanese;HPRC-Rest;JaSaPaGe-Japanese	assembly_homology_and_annotation
RCCX	RCCX-STRUCT-c043bb7aaa1cb89c	WHR1-like+|C4AL+|CYP21A1P-like+|TNXA-like-|WHR1B-like+|C4AL+|CYP21A1P-like+|TNXA-like-|WHR1B-like+|C4AL+|CYP21A1P-like+|TNXA-like-|WHR1B-like+|C4BL+|CYP21A2-like+|TNXB-like-	4	2	2	2	2	HPRC-Japanese	assembly_homology_and_annotation
RCCX	RCCX-STRUCT-c23deea26722f529	WHR1-like+|C4BL+|CYP21A2-like+|TNXA-like-|WHR1B-like+|C4BS+|CYP21A2-like+|TNXB-like-	2	1	1	1	1	HPRC-EastAsian	assembly_homology_and_annotation
RCCX	RCCX-STRUCT-c91a117646c15232	WHR1-like+|C4AL+|CYP21A1P-like+|TNXA-like-|WHR1B-like+|C4BL+|CYP21A2-like+|TNXB-like-	2	135	108	107	134	APR;HPRC-EastAsian;HPRC-Japanese;HPRC-Jewish;HPRC-Rest;JaSaPaGe-Saudi	assembly_homology_and_annotation
RCCX	RCCX-STRUCT-ca928f07d032036f	WHR1-like+|C4AL+|CYP21A1P-like+|TNXA-like-|WHR1B-like+|C4AL+|CYP21A1P-like+|TNXA-like-|WHR1B-like+|C4BL+|CYP21A2-like+|TNXB-like-	3	3	2	2	3	HPRC-Rest;JaSaPaGe-Saudi	assembly_homology_and_annotation
RCCX	RCCX-STRUCT-daf9913a8b810e06	WHR1-like+|C4AL+|CYP21A1P-like+|TNXA-like-|WHR1B-like+|C4AL+|CYP21A1P-like+|TNXA-like-|WHR1B-like+|C4AL+|CYP21A2-like+|TNXB-like-	3	1	1	1	1	HPRC-Rest	assembly_homology_and_annotation
RCCX	RCCX-STRUCT-dcc3d8c1def31e41	WHR1-like+|C4AL+|CYP21A1P-like+|TNXA-like-|WHR1B-like+|C4BS+|CYP21A2-like+|TNXA-like-|WHR1B-like+|C4BS+|CYP21A2-like+|TNXB-like-	3	1	1	1	1	HPRC-Rest	assembly_homology_and_annotation
RCCX	RCCX-STRUCT-ddd7bb6699f86670	WHR1-like+|C4BL+|CYP21A1P-like+|TNXA-like-|WHR1B-like+|C4AL+|CYP21A2-like+|TNXB-like-	2	1	1	1	1	APR	assembly_homology_and_annotation
RCCX	RCCX-STRUCT-e92677dc4f8b8aff	WHR1-like+|C4AL+|CYP21A1P-like+|TNXA-like-|WHR1B-like+|C4AS+|CYP21A1P-like+|TNXA-like-|WHR1B-like+|C4BL+|CYP21A2-like+|TNXB-like-	3	8	7	7	8	APR;HPRC-EastAsian;HPRC-Japanese;HPRC-Rest	assembly_homology_and_annotation
RCCX	RCCX-STRUCT-f110abe9b93df8a5	WHR1-like+|C4BL+|CYP21A1P-like+|TNXA-like-|WHR1B-like+|C4BS+|CYP21A1P-like+|TNXB-like-	2	1	1	1	1	HPRC-EastAsian	assembly_homology_and_annotation
RCCX	RCCX-STRUCT-f3965b9e0fe6783a	WHR1-like+|C4AL+|CYP21A1P-like+|TNXA-like-|WHR1B-like+|C4AL+|CYP21A1P-like+|TNXA-like-|WHR1B-like+|C4BS+|CYP21A2-like+|TNXB-like-	3	5	5	5	4	HPRC-EastAsian;HPRC-Rest	assembly_homology_and_annotation
RCCX	RCCX-STRUCT-f3f0f2d8f59c7414	WHR1-like+|C4AL+|CYP21A1P-like+|TNXB-like-	1	1	1	1	1	HPRC-Rest	assembly_homology_and_annotation
RCCX	RCCX-STRUCT-fc96b32fa448cea2	WHR1-like+|C4BL+|CYP21A1P-like+|TNXA-like-|WHR1B-like+|C4AS+|CYP21A2-like+|TNXB-like-	2	4	4	4	4	APR;JaSaPaGe-Saudi	assembly_homology_and_annotation
