donor	locus	truth	call	correct
HG00097	DRB	4	4	1
HG00099	DRB	4	4	1
HG00126	DRB	4	4	1
HG00128	DRB	3	3	1
HG00133	DRB	4	4	1
HG00140	DRB	3	3	1
HG00146	DRB	3	3	1
HG00232	DRB	4	4	1
HG00235	DRB	4	4	1
HG00253	DRB	4	4	1
HG00272	DRB	4	4	1
HG00280	DRB	4	4	1
HG00290	DRB	2	2	1
HG00320	DRB	2	2	1
HG00321	DRB	3	3	1
HG00323	DRB	4	4	1
HG00329	DRB	3	3	1
HG00344	DRB	4	4	1
HG00350	DRB	3	3	1
HG01167	DRB	4	4	1
HG01530	DRB	3	3	1
HG01784	DRB	4	4	1
HG01786	DRB	4	4	1
HG02040	DRB	3	3	1
HG02155	DRB	4	4	1
HG02165	DRB	4	4	1
HG02178	DRB	4	4	1
HG02391	DRB	4	4	1
HG02392	DRB	4	4	1
HG02583	DRB	2	2	1
HG02922	DRB	3	3	1
HG02976	DRB	4	4	1
HG03130	DRB	3	3	1
HG03139	DRB	2	2	1
HG03195	DRB	3	3	1
HG03209	DRB	3	3	1
HG03225	DRB	3	3	1
HG03270	DRB	4	4	1
HG03369	DRB	4	4	1
HG03470	DRB	3	3	1
HG03521	DRB	4	4	1
HG03583	DRB	3	3	1
HG03742	DRB	3	3	1
HG03784	DRB	4	4	1
HG03874	DRB	4	4	1
NA18505	DRB	4	4	1
NA18508	DRB	4	4	1
NA18522	DRB	4	4	1
NA18565	DRB	4	4	1
NA18570	DRB	4	4	1
NA18608	DRB	4	4	1
NA18620	DRB	4	4	1
NA18747	DRB	4	4	1
NA18879	DRB	4	4	1
NA18940	DRB	3	3	1
NA18943	DRB	2	2	1
NA18944	DRB	3	3	1
NA18945	DRB	4	4	1
NA18948	DRB	3	3	1
NA18952	DRB	4	4	1
NA18959	DRB	4	4	1
NA18960	DRB	4	3	0
NA18967	DRB	4	4	1
NA18970	DRB	4	4	1
NA18971	DRB	4	4	1
NA18974	DRB	4	4	1
NA18976	DRB	4	4	1
NA18982	DRB	4	4	1
NA18983	DRB	4	4	1
NA18990	DRB	4	4	1
NA19007	DRB	3	3	1
NA19036	DRB	4	4	1
NA19043	DRB	4	4	1
NA19066	DRB	4	4	1
NA19079	DRB	4	4	1
NA19087	DRB	4	4	1
NA19088	DRB	4	4	1
NA19159	DRB	4	4	1
NA19185	DRB	4	4	1
NA19338	DRB	4	4	1
NA19391	DRB	4	4	1
NA19443	DRB	3	3	1
NA19468	DRB	3	3	1
NA19682	DRB	4	4	1
NA19700	DRB	4	4	1
NA19776	DRB	4	4	1
NA19835	DRB	3	3	1
NA19909	DRB	4	4	1
NA20282	DRB	3	3	1
NA20346	DRB	4	4	1
NA20503	DRB	3	3	1
NA20752	DRB	3	3	1
NA20762	DRB	3	3	1
NA20799	DRB	3	3	1
NA20805	DRB	4	4	1
NA20806	DRB	4	4	1
NA20809	DRB	3	3	1
NA20827	DRB	4	4	1
NA20850	DRB	4	4	1
NA20870	DRB	4	4	1
NA20905	DRB	4	4	1
NA21093	DRB	3	3	1
NA21102	DRB	3	3	1
NA21106	DRB	4	4	1
NA21110	DRB	4	4	1
NA21144	DRB	4	4	1
