name	cohort	sample	haplotype	contig	start	end	strand	length
apr-f#1#classII	APR	apr-f	1	apr-f#1#h1tg000013l:28359072-33538103	4017721	4572310	+	554590
apr-f#2#classII	APR	apr-f	2	apr-f#2#h2tg000007l:28398267-33550055	3990849	4544859	+	554011
apr-m#1#classII	APR	apr-m	1	apr-m#1#h1tg000024l:27029616-32153356_rc	3988191	4517488	+	529298
apr-m#2#classII	APR	apr-m	2	apr-m#2#h2tg000013l:28339383-33475735	4007859	4530252	+	522394
apr-s#1#classII	APR	apr-s	1	apr-s#1#h1tg000017l:28345655-33481940	4007793	4530187	+	522395
apr-s#2#classII	APR	apr-s	2	apr-s#2#h2tg000009l:138522552-143696180_rc	4012398	4566983	+	554586
apr001#1#classII	APR	apr001	1	apr001#1#h1tg000015l:28434817-33593090	3997097	4552042	+	554946
apr001#2#classII	APR	apr001	2	apr001#2#h2tg000018l:28338056-33431257	3963521	4487142	+	523622
apr002#1#classII	APR	apr002	1	apr002#1#h1tg000010l:28385462-33644194	4003138	4651736	+	648599
apr002#2#classII	APR	apr002	2	apr002#2#h2tg000007l:138255095-143403132_rc	3998927	4541361	+	542435
apr003#1#classII	APR	apr003	1	apr003#1#h1tg000021l:28362599-33558558	3951112	4589156	+	638045
apr003#2#classII	APR	apr003	2	apr003#2#h2tg000014l:28401981-33557950	3994612	4550270	+	555659
apr004#1#classII	APR	apr004	1	apr004#1#h1tg000015l:28405351-33543332	3977795	4531559	+	553765
apr004#2#classII	APR	apr004	2	apr004#2#h2tg000008l:138190707-143268823_rc	3947790	4471412	+	523623
apr005#1#classII	APR	apr005	1	apr005#1#h1tg000024l:25685419-30792368_rc	3977164	4500783	+	523620
apr005#2#classII	APR	apr005	2	apr005#2#h2tg000025l:27505079-32631962_rc	3997098	4520717	+	523620
apr006#1#classII	APR	apr006	1	apr006#1#h1tg000006l:28429612-33564591	4004392	4528000	+	523609
apr006#2#classII	APR	apr006	2	apr006#2#h2tg000002l:27458750-32609940_rc	3990140	4545009	+	554870
apr007#1#classII	APR	apr007	1	apr007#1#h1tg000009l:141020280-146179718_rc	3999329	4553090	+	553762
apr007#2#classII	APR	apr007	2	apr007#2#h2tg000002l:137323480-142462680_rc	3977908	4531676	+	553769
apr008#1#classII	APR	apr008	1	apr008#1#h1tg000006l:138382777-143548816_rc	4021777	4560041	+	538265
apr008#2#classII	APR	apr008	2	apr008#2#h2tg000008l:28356191-33484508	3998181	4521814	+	523634
apr009#1#classII	APR	apr009	1	apr009#1#h1tg000016l:28450181-33709541	4001683	4649803	+	648121
apr009#2#classII	APR	apr009	2	apr009#2#h2tg000041l:28097238-33212102_rc	3953522	4508487	+	554966
apr010#1#classII	APR	apr010	1	apr010#1#h1tg000018l:28446120-33705764	4005158	4653290	+	648133
apr010#2#classII	APR	apr010	2	apr010#2#h2tg000013l:28422940-33602432	4015771	4569573	+	553803
apr011#1#classII	APR	apr011	1	apr011#1#h1tg000019l:138093078-143261017_rc	4039452	4561772	+	522321
apr011#2#classII	APR	apr011	2	apr011#2#h2tg000011l:137856776-142978436_rc	3991621	4515247	+	523627
apr012#1#classII	APR	apr012	1	apr012#1#h1tg000008l:28396959-33512282	3984672	4508298	+	523627
apr012#2#classII	APR	apr012	2	apr012#2#h2tg000016l:138252661-143421402_rc	4038220	4562688	+	524469
apr013#1#classII	APR	apr013	1	apr013#1#h1tg000002l:139940690-145014712_rc	3913460	4467481	+	554022
apr013#2#classII	APR	apr013	2	apr013#2#h2tg000027l:138555153-143729247_rc	4014205	4568612	+	554408
apr014#1#classII	APR	apr014	1	apr014#1#h1tg000020l:28366313-33554706	4058118	4581700	+	523583
apr014#2#classII	APR	apr014	2	apr014#2#h2tg000006l:26691275-31885063_rc	4060224	4589766	+	529543
apr015#1#classII	APR	apr015	1	apr015#1#h1tg000012l:28398223-33522774	3994600	4518152	+	523553
apr015#2#classII	APR	apr015	2	apr015#2#h2tg000018l:138433262-143524291_rc	3961382	4484934	+	523553
apr016#1#classII	APR	apr016	1	apr016#1#h1tg000012l:137906206-143057420_rc	3990175	4545144	+	554970
apr016#2#classII	APR	apr016	2	apr016#2#h2tg000005l:138332729-143447191_rc	3986103	4508290	+	522188
apr018#1#classII	APR	apr018	1	apr018#1#h1tg000018l:28377039-33450879	4000446	4467294	+	466849
apr018#2#classII	APR	apr018	2	apr018#2#h2tg000022l:28395345-33526946	3983033	4525449	+	542417
apr019#1#classII	APR	apr019	1	apr019#1#h1tg000006l:137597617-142800733_rc	3959802	4597182	+	637381
apr019#2#classII	APR	apr019	2	apr019#2#h2tg000009l:25947834-31066127_rc	3966947	4509854	+	542908
apr020#1#classII	APR	apr020	1	apr020#1#h1tg000001l:28463230-33620049	3995731	4550683	+	554953
apr020#2#classII	APR	apr020	2	apr020#2#h2tg000007l:137677150-142774159_rc	3965460	4490449	+	524990
apr021#1#classII	APR	apr021	1	apr021#1#h1tg000013l:137920389-143048373_rc	3998281	4521610	+	523330
apr021#2#classII	APR	apr021	2	apr021#2#h2tg000011l:138901647-144060314_rc	4028129	4552561	+	524433
apr022#1#classII	APR	apr022	1	apr022#1#h1tg000011l:137924391-143077833_rc	3992338	4547296	+	554959
apr022#2#classII	APR	apr022	2	apr022#2#h2tg000013l:138031891-143184813_rc	4022538	4546164	+	523627
apr023#1#classII	APR	apr023	1	apr023#1#h1tg000014l:137929515-143086735_rc	3996272	4550199	+	553928
apr023#2#classII	APR	apr023	2	apr023#2#h2tg000022l:26641068-31656450_rc	3939431	4408684	+	469254
apr024#1#classII	APR	apr024	1	apr024#1#h1tg000001l:137801575-142959579_rc	3996959	4552224	+	555266
apr024#2#classII	APR	apr024	2	apr024#2#h2tg000014l:137766819-142943455_rc	4015131	4570278	+	555148
apr025#1#classII	APR	apr025	1	apr025#1#h1tg000007l:139497787-144647520_rc	4000954	4542913	+	541960
apr025#2#classII	APR	apr025	2	apr025#2#h2tg000006l:138571729-143809751_rc	3991895	4631901	+	640007
apr026#1#classII	APR	apr026	1	apr026#1#h1tg000019l:28393961-33702327	4054355	4702013	+	647659
apr026#2#classII	APR	apr026	2	apr026#2#h2tg000012l:28359568-33574257	3970605	4607989	+	637385
apr027#1#classII	APR	apr027	1	apr027#1#h1tg000004l:28384126-33662392	4023233	4671237	+	648005
apr027#2#classII	APR	apr027	2	apr027#2#h2tg000013l:11085473-16306923_rc	4077845	4614647	+	536803
apr029#1#classII	APR	apr029	1	apr029#1#h1tg000032l:28462821-33705004	3989012	4636624	+	647613
apr029#2#classII	APR	apr029	2	apr029#2#h2tg000012l:28417575-33541972	3994387	4518008	+	523622
apr030#1#classII	APR	apr030	1	apr030#1#h1tg000001l:28446903-33506362	3921457	4453154	+	531698
apr030#2#classII	APR	apr030	2	apr030#2#h2tg000012l:28433288-33581296	3998864	4541286	+	542423
apr031#1#classII	APR	apr031	1	apr031#1#h1tg000019l:26371881-31586781_rc	4071235	4608816	+	537582
apr031#2#classII	APR	apr031	2	apr031#2#h2tg000036l:28402991-33519712	3955367	4510542	+	555176
apr032#1#classII	APR	apr032	1	apr032#1#h1tg000006l:28452318-33694285	3987850	4635056	+	647207
apr032#2#classII	APR	apr032	2	apr032#2#h2tg000014l:28405263-33673740	4013955	4662097	+	648143
apr033#1#classII	APR	apr033	1	apr033#1#h1tg000008l:27149396-32366749_rc	4077660	4611188	+	533529
apr033#2#classII	APR	apr033	2	apr033#2#h2tg000008l:28349631-33452614	3960547	4496806	+	536260
apr034#1#classII	APR	apr034	1	apr034#1#h1tg000032l:26576741-31706138_rc	3985947	4522549	+	536603
apr034#2#classII	APR	apr034	2	apr034#2#h2tg000008l:28434563-33559669	3998677	4520872	+	522196
apr035#1#classII	APR	apr035	1	apr035#1#h1tg000018l:27655502-32798707_rc	4007504	4536967	+	529464
apr035#2#classII	APR	apr035	2	apr035#2#h2tg000011l:27516869-32663681_rc	4009404	4538005	+	528602
apr036#1#classII	APR	apr036	1	apr036#1#h1tg000026l:25218090-30345004_rc	3994816	4520037	+	525222
apr036#2#classII	APR	apr036	2	apr036#2#h2tg000017l:1678659-6817558	4000459	4530033	+	529575
apr037#1#classII	APR	apr037	1	apr037#1#h1tg000004l:138070351-143231345_rc	4017099	4554138	+	537040
apr037#2#classII	APR	apr037	2	apr037#2#h2tg000014l:138095539-143312355_rc	4056922	4610706	+	553785
apr038#1#classII	APR	apr038	1	apr038#1#h1tg000017l:1654472-6798671	4000782	4537332	+	536551
apr038#2#classII	APR	apr038	2	apr038#2#h2tg000022l:127876238-133012041_rc	4001394	4529772	+	528379
apr039#1#classII	APR	apr039	1	apr039#1#h1tg000005l:28445311-33640507	4033345	4588279	+	554935
apr039#2#classII	APR	apr039	2	apr039#2#h2tg000012l:28411824-33614466	4058954	4595927	+	536974
apr040#1#classII	APR	apr040	1	apr040#1#h1tg000032l:25914346-31039269_rc	3963588	4518886	+	555299
apr040#2#classII	APR	apr040	2	apr040#2#h2tg000023l:25605134-30732063_rc	3966732	4519636	+	552905
apr041#1#classII	APR	apr041	1	apr041#1#h1tg000024l:23526305-28655372_rc	3993797	4522233	+	528437
apr041#2#classII	APR	apr041	2	apr041#2#h2tg000015l:28437008-33578583	3981387	4535149	+	553763
apr042#1#classII	APR	apr042	1	apr042#1#h1tg000024l:28343014-33430082	3953501	4480697	+	527197
apr042#2#classII	APR	apr042	2	apr042#2#h2tg000022l:28456692-33606982	4014465	4543884	+	529420
apr043#1#classII	APR	apr043	1	apr043#1#h1tg000012l:139593152-144731880_rc	4002742	4532213	+	529472
apr043#2#classII	APR	apr043	2	apr043#2#h2tg000007l:28374571-33634772	4005073	4653845	+	648773
apr044#1#classII	APR	apr044	1	apr044#1#h1tg000020l:28254023-33444694	4028755	4584150	+	555396
apr044#2#classII	APR	apr044	2	apr044#2#h2tg000019l:138732995-143879453_rc	4016625	4539812	+	523188
apr045#1#classII	APR	apr045	1	apr045#1#h1tg000014l:28436066-33585265	4010818	4540286	+	529469
apr045#2#classII	APR	apr045	2	apr045#2#h2tg000020l:28349553-33649005	4053944	4693458	+	639515
apr046#1#classII	APR	apr046	1	apr046#1#h1tg000020l:28428626-33509292	3945814	4473829	+	528016
apr046#2#classII	APR	apr046	2	apr046#2#h2tg000002l:138874465-144007848_rc	3996592	4527475	+	530884
apr047#1#classII	APR	apr047	1	apr047#1#h1tg000022l:124629191-129940792_rc	4065375	4704917	+	639543
apr047#2#classII	APR	apr047	2	apr047#2#h2tg000009l:28374338-33555921	4021283	4575324	+	554042
apr048#1#classII	APR	apr048	1	apr048#1#h1tg000017l:28263896-33470594	4046175	4600305	+	554131
apr048#2#classII	APR	apr048	2	apr048#2#h2tg000004l:138392377-143552020_rc	3998569	4553523	+	554955
apr049#1#classII	APR	apr049	1	apr049#1#h1tg000006l:28277333-33430073	3991694	4546604	+	554911
apr049#2#classII	APR	apr049	2	apr049#2#h2tg000002l:138418227-143654758_rc	4073975	4630034	+	556060
apr050#1#classII	APR	apr050	1	apr050#1#h1tg000015l:138045880-143321309_rc	4030078	4669385	+	639308
apr050#2#classII	APR	apr050	2	apr050#2#h2tg000017l:28548291-33713388	4033067	4558652	+	525586
apr051#1#classII	APR	apr051	1	apr051#1#h1tg000003l:138076138-143233361_rc	3997642	4551165	+	553524
apr051#2#classII	APR	apr051	2	apr051#2#h2tg000005l:138189744-143327910_rc	3998826	4531441	+	532616
apr52#1#classII	APR	apr52	1	apr52#1#h1tg000012l:138556531-143810417_rc	3999087	4646953	+	647867
apr52#2#classII	APR	apr52	2	apr52#2#h2tg000003l:137805510-143003962_rc	3953848	4591838	+	637991
HIFI032007D#1#classII	CPC-Chinese	HIFI032007D	1	HIFI032007D#1#h1tg000073l_0_0:608286-5760441_rc	4019672	4545673	+	526002
HIFI032007D#2#classII	CPC-Chinese	HIFI032007D	2	HIFI032007D#2#h2tg000455l_0_0:608118-2144059_rc	403887	929696	+	525810
HIFI032018D#1#classII	CPC-Chinese	HIFI032018D	1	HIFI032018D#1#h1tg000037l_0_0:304267-5382862	3946970	4472767	+	525798
HIFI032018D#2#classII	CPC-Chinese	HIFI032018D	2	HIFI032018D#2#h2tg000056l_0_0:307668-5563326	4011051	4649324	+	638274
HIFI032069D#1#classII	CPC-Chinese	HIFI032069D	1	HIFI032069D#1#h1tg000026l_0_0:610788-5743677_rc	4001353	4526461	+	525109
HIFI032069D#2#classII	CPC-Chinese	HIFI032069D	2	HIFI032069D#2#h2tg000171l_0_0:608783-5720475_rc	3948697	4505256	+	556560
HIFI032097D#1#classII	CPC-Chinese	HIFI032097D	1	HIFI032097D#1#h1tg000023l_0_0:611330-5798061_rc	4049844	4580083	+	530240
HIFI032097D#2#classII	CPC-Chinese	HIFI032097D	2	HIFI032097D#2#h2tg000077l_0_0:609524-5764255_rc	3994266	4548412	+	554147
HIFI032103D#1#classII	CPC-Chinese	HIFI032103D	1	HIFI032103D#1#h1tg000059l_0_0:611631-3016887_rc	1256087	1798558	+	542472
HIFI032103D#2#classII	CPC-Chinese	HIFI032103D	2	HIFI032103D#2#h2tg000045l_0_0:303195-5607722	4059893	4698173	+	638281
HIFI032161D#1#classII	CPC-Chinese	HIFI032161D	1	HIFI032161D#1#h1tg000029l_0_0:607863-5752234_rc	4011115	4537569	+	526455
HIFI032161D#2#classII	CPC-Chinese	HIFI032161D	2	HIFI032161D#2#h2tg000024l_0_0:611651-5758120_rc	4007822	4539911	+	532090
HIFI032164D#1#classII	CPC-Chinese	HIFI032164D	1	HIFI032164D#1#h1tg000126l_0_0:607871-5767484_rc	4016990	4554015	+	537026
HIFI032164D#2#classII	CPC-Chinese	HIFI032164D	2	HIFI032164D#2#h2tg000212l_0_0:274-1444462	314858	837220	+	522363
HIFI032167D#1#classII	CPC-Chinese	HIFI032167D	1	HIFI032167D#1#h1tg000006l_0_0:609993-5773840_rc	4031478	4557294	+	525817
HIFI032167D#2#classII	CPC-Chinese	HIFI032167D	2	HIFI032167D#2#h2tg000442l_0_0:609992-1853384_rc	111022	636840	+	525819
HIFI032182D#1#classII	CPC-Chinese	HIFI032182D	1	HIFI032182D#1#h1tg000062l_0_0:608743-5774270_rc	4002748	4559075	+	556328
HIFI032182D#2#classII	CPC-Chinese	HIFI032182D	2	HIFI032182D#2#h2tg000020l_0_0:304162-5451064	3986167	4539918	+	553752
HIFI032289D#1#classII	CPC-Chinese	HIFI032289D	1	HIFI032289D#1#h1tg000057l_0_0:611762-5895636_rc	4039864	4678132	+	638269
HIFI032289D#2#classII	CPC-Chinese	HIFI032289D	2	HIFI032289D#2#h2tg000050l_0_0:302987-5547842	4000263	4639034	+	638772
HIFI032292D#1#classII	CPC-Chinese	HIFI032292D	1	HIFI032292D#1#h1tg000202l_0_0:610779-5026306_rc	3282665	3809141	+	526477
HIFI032292D#2#classII	CPC-Chinese	HIFI032292D	2	HIFI032292D#2#h2tg000202l_0_0:301746-5442974	4008556	4535032	+	526477
HIFI032302D#1#classII	CPC-Chinese	HIFI032302D	1	HIFI032302D#1#h1tg000118l_0_0:546-2591024	1517930	1984667	+	466738
HIFI032302D#2#classII	CPC-Chinese	HIFI032302D	2	HIFI032302D#2#h2tg000125l_0_0:607201-5502153_rc	3765002	4288617	+	523616
HIFI032306D#1#classII	CPC-Chinese	HIFI032306D	1	HIFI032306D#1#h1tg000062l_0_0:611306-5769353_rc	3998182	4551276	+	553095
HIFI032306D#2#classII	CPC-Chinese	HIFI032306D	2	HIFI032306D#2#h2tg000068l_0_0:608736-5852116_rc	3997121	4636540	+	639420
HIFI032335D#1#classII	CPC-Chinese	HIFI032335D	1	HIFI032335D#1#h1tg000010l_0_0:301759-5500911	3945488	4593124	+	647637
HIFI032335D#2#classII	CPC-Chinese	HIFI032335D	2	HIFI032335D#2#h2tg000219l_0_0:2273-2943040	2096029	2626417	+	530389
HIFI032349D#1#classII	CPC-Chinese	HIFI032349D	1	HIFI032349D#1#h1tg000020l_0_0:301733-5566658	4020236	4658510	+	638275
HIFI032349D#2#classII	CPC-Chinese	HIFI032349D	2	HIFI032349D#2#h2tg000060l_0_0:608410-5739806_rc	4003258	4525637	+	522380
HIFI032373D#1#classII	CPC-Chinese	HIFI032373D	1	HIFI032373D#1#h1tg000049l_0_0:608867-5740038_rc	3992624	4524324	+	531701
HIFI032373D#2#classII	CPC-Chinese	HIFI032373D	2	HIFI032373D#2#h2tg000044l_0_0:608973-1945151_rc	172789	729366	+	556578
HIFI032420D#1#classII	CPC-Chinese	HIFI032420D	1	HIFI032420D#1#h1tg000074l_0_0:303007-5500336	3949634	4590261	+	640628
HIFI032420D#2#classII	CPC-Chinese	HIFI032420D	2	HIFI032420D#2#h2tg000028l_0_0:302171-5561704	4014047	4652522	+	638476
HIFI032422D#1#classII	CPC-Chinese	HIFI032422D	1	HIFI032422D#1#h1tg000015l_0_0:303813-5358931	3918577	4449276	+	530700
HIFI032422D#2#classII	CPC-Chinese	HIFI032422D	2	HIFI032422D#2#h2tg000138l_0_0:303022-5459818	4024646	4549944	+	525299
HIFI032429D#1#classII	CPC-Chinese	HIFI032429D	1	HIFI032429D#1#h1tg000176l_0_0:611631-5819632_rc	4046231	4601625	+	555395
HIFI032429D#2#classII	CPC-Chinese	HIFI032429D	2	HIFI032429D#2#h2tg000236l_0_0:366-3775085	2640963	3168332	+	527370
HIFI032440D#1#classII	CPC-Chinese	HIFI032440D	1	HIFI032440D#1#h1tg000035l_0_0:610298-5756202_rc	4008185	4540211	+	532027
HIFI032440D#2#classII	CPC-Chinese	HIFI032440D	2	HIFI032440D#2#h2tg000090l_0_0:301809-5292738	3917176	4384594	+	467419
HIFI032450D#1#classII	CPC-Chinese	HIFI032450D	1	HIFI032450D#1#h1tg000008l_0_0:301757-5443675	4005840	4535295	+	529456
HIFI032453D#1#classII	CPC-Chinese	HIFI032453D	1	HIFI032453D#1#h1tg000016l_0_0:608084-5737533_rc	3999186	4523597	+	524412
HIFI032453D#2#classII	CPC-Chinese	HIFI032453D	2	HIFI032453D#2#h2tg000022l_0_0:611013-5690080_rc	3941468	4472555	+	531088
HIFI032454D#1#classII	CPC-Chinese	HIFI032454D	1	HIFI032454D#1#h1tg000050l_0_0:610949-5688146_rc	3945721	4471511	+	525791
HIFI032454D#2#classII	CPC-Chinese	HIFI032454D	2	HIFI032454D#2#h2tg000014l_0_0:303195-5343983	3910460	4434090	+	523631
HIFI032462D#1#classII	CPC-Chinese	HIFI032462D	1	HIFI032462D#1#h1tg000018l_0_0:608249-5847965_rc	3994621	4633373	+	638753
HIFI032462D#2#classII	CPC-Chinese	HIFI032462D	2	HIFI032462D#2#h2tg000118l_0_0:610290-2116716_rc	367936	899625	+	531690
HIFI032473D#1#classII	CPC-Chinese	HIFI032473D	1	HIFI032473D#1#h1tg000017l_0_0:611279-5848073_rc	3990673	4630150	+	639478
HIFI032473D#2#classII	CPC-Chinese	HIFI032473D	2	HIFI032473D#2#h2tg000041l_0_0:611187-5777378_rc	4004992	4559125	+	554134
HIFI032487D#1#classII	CPC-Chinese	HIFI032487D	1	HIFI032487D#1#h1tg000160l_0_0:610978-5805510_rc	4064583	4588222	+	523640
HIFI032487D#2#classII	CPC-Chinese	HIFI032487D	2	HIFI032487D#2#h2tg000061l_0_0:608057-5671065_rc	3989790	4457179	+	467390
HIFI032501D#1#classII	CPC-Chinese	HIFI032501D	1	HIFI032501D#1#h1tg000023l_0_0:303660-5553387	4005541	4643865	+	638325
HIFI032501D#2#classII	CPC-Chinese	HIFI032501D	2	HIFI032501D#2#h2tg000105l_0_0:441-3022934	1886423	2416799	+	530377
HIFI032510D#1#classII	CPC-Chinese	HIFI032510D	1	HIFI032510D#1#h1tg000002l_0_0:607731-5770322_rc	4003753	4556791	+	553039
HIFI032510D#2#classII	CPC-Chinese	HIFI032510D	2	HIFI032510D#2#h2tg000003l_0_0:608800-5732063_rc	3986852	4517041	+	530190
HIFI032513D#1#classII	CPC-Chinese	HIFI032513D	1	HIFI032513D#1#h1tg000077l_0_0:303957-5592528	4044138	4682185	+	638048
HIFI032513D#2#classII	CPC-Chinese	HIFI032513D	2	HIFI032513D#2#h2tg000054l_0_0:609439-5765230_rc	3997017	4550581	+	553565
HIFI032529D#1#classII	CPC-Chinese	HIFI032529D	1	HIFI032529D#1#h1tg000121l_0_0:607870-5787538_rc	4018709	4573451	+	554743
HIFI032529D#2#classII	CPC-Chinese	HIFI032529D	2	HIFI032529D#2#h2tg000123l_0_0:672-2712603_rc	1732849	2287465	+	554617
HIFI032566D#1#classII	CPC-Chinese	HIFI032566D	1	HIFI032566D#1#h1tg000029l_0_0:611087-5707519_rc	3966510	4490122	+	523613
HIFI032566D#2#classII	CPC-Chinese	HIFI032566D	2	HIFI032566D#2#h2tg000123l_0_0:610347-5693123_rc	3947725	4477176	+	529452
HIFI032567D#1#classII	CPC-Chinese	HIFI032567D	1	HIFI032567D#1#h1tg000065l_0_0:610944-3834657_rc	2093711	2617234	+	523524
HIFI032567D#2#classII	CPC-Chinese	HIFI032567D	2	HIFI032567D#2#h2tg000021l_0_0:303467-5616058	4057038	4705857	+	648820
HIFI032585D#1#classII	CPC-Chinese	HIFI032585D	1	HIFI032585D#1#h1tg000015l_0_0:608714-5788197_rc	4043791	4573911	+	530121
HIFI032585D#2#classII	CPC-Chinese	HIFI032585D	2	HIFI032585D#2#h2tg000251l_0_0:608786-5272448_rc	3503217	4057346	+	554130
HIFI032586D#1#classII	CPC-Chinese	HIFI032586D	1	HIFI032586D#1#h1tg000082l_0_0:608380-5862391_rc	4009746	4648234	+	638489
HIFI032586D#2#classII	CPC-Chinese	HIFI032586D	2	HIFI032586D#2#h2tg000068l_0_0:610961-5682003_rc	3997474	4464176	+	466703
HIFI032591D#1#classII	CPC-Chinese	HIFI032591D	1	HIFI032591D#1#h1tg000008l_0_0:304261-5535645	3985994	4625532	+	639539
HIFI032591D#2#classII	CPC-Chinese	HIFI032591D	2	HIFI032591D#2#h2tg000191l_0_0:608144-5628514_rc	3947791	4414561	+	466771
HIFI032604D#1#classII	CPC-Chinese	HIFI032604D	1	HIFI032604D#1#h1tg000033l_0_0:608804-5838950_rc	3983622	4623091	+	639470
HIFI032604D#2#classII	CPC-Chinese	HIFI032604D	2	HIFI032604D#2#h2tg000003l_0_0:608544-5741103_rc	3999184	4526305	+	527122
HIFI032607D#1#classII	CPC-Chinese	HIFI032607D	1	HIFI032607D#1#h1tg000001l_0_0:304265-5604718	4054481	4693950	+	639470
HIFI032607D#2#classII	CPC-Chinese	HIFI032607D	2	HIFI032607D#2#h2tg000007l_0_0:611122-5743055_rc	3994050	4525877	+	531828
HIFI032662D#1#classII	CPC-Chinese	HIFI032662D	1	HIFI032662D#1#h1tg000154l_0_0:610481-5807545_rc	4063596	4590071	+	526476
HIFI032662D#2#classII	CPC-Chinese	HIFI032662D	2	HIFI032662D#2#h2tg000203l_0_0:478869-5255088_rc	3703302	4169857	+	466556
HIFI032668D#1#classII	CPC-Chinese	HIFI032668D	1	HIFI032668D#1#h1tg000009l_0_0:611120-5919133_rc	4060983	4701645	+	640663
HIFI032668D#2#classII	CPC-Chinese	HIFI032668D	2	HIFI032668D#2#h2tg000066l_0_0:608094-5719634_rc	3951448	4505243	+	553796
HIFI032682D#1#classII	CPC-Chinese	HIFI032682D	1	HIFI032682D#1#h1tg000013l_0_0:608436-5749936_rc	4007524	4534590	+	527067
HIFI032682D#2#classII	CPC-Chinese	HIFI032682D	2	HIFI032682D#2#h2tg000065l_0_0:608744-5741883_rc	3996135	4526275	+	530141
HIFI032685D#1#classII	CPC-Chinese	HIFI032685D	1	HIFI032685D#1#h1tg000048l_0_0:302205-5467452	4032721	4559415	+	526695
HIFI032685D#2#classII	CPC-Chinese	HIFI032685D	2	HIFI032685D#2#h2tg000153l_0_0:301738-5322457	3945243	4413616	+	468374
HIFI032692D#1#classII	CPC-Chinese	HIFI032692D	1	HIFI032692D#1#h1tg000123l_0_0:303312-5470118	4033881	4560199	+	526319
HIFI032692D#2#classII	CPC-Chinese	HIFI032692D	2	HIFI032692D#2#h2tg000020l_0_0:304295-5612497	4053647	4701280	+	647634
HIFI032693D#1#classII	CPC-Chinese	HIFI032693D	1	HIFI032693D#1#h1tg000062l_0_0:608433-5733453_rc	3992194	4518546	+	526353
HIFI032693D#2#classII	CPC-Chinese	HIFI032693D	2	HIFI032693D#2#h2tg000033l_0_0:607815-5813555_rc	4073413	4599413	+	526001
HIFI032698D#1#classII	CPC-Chinese	HIFI032698D	1	HIFI032698D#1#h1tg000101l_0_0:610392-3981084_rc	2233372	2763734	+	530363
HIFI032698D#2#classII	CPC-Chinese	HIFI032698D	2	HIFI032698D#2#h2tg000030l_0_0:608806-5742659_rc	3996571	4528086	+	531516
HIFI032706D#1#classII	CPC-Chinese	HIFI032706D	1	HIFI032706D#1#h1tg000016l_0_0:611062-5619397_rc	3935294	4401517	+	466224
HIFI032706D#2#classII	CPC-Chinese	HIFI032706D	2	HIFI032706D#2#h2tg000095l_0_0:607465-5690513_rc	4010712	4477267	+	466556
HIFI032711D#1#classII	CPC-Chinese	HIFI032711D	1	HIFI032711D#1#h1tg000033l_0_0:609337-5753811_rc	4009792	4538609	+	528818
HIFI032711D#2#classII	CPC-Chinese	HIFI032711D	2	HIFI032711D#2#h2tg000080l_0_0:611264-5763252_rc	4019897	4545235	+	525339
HIFI032731D#1#classII	CPC-Chinese	HIFI032731D	1	HIFI032731D#1#h1tg000273l_0_0:606929-5771846_rc	4002249	4558584	+	556336
HIFI032731D#2#classII	CPC-Chinese	HIFI032731D	2	HIFI032731D#2#h2tg000012l_0_0:303976-5468014	4031224	4557419	+	526196
RY01#1#classII	CPC-Chinese	RY01	1	RY01#1#h1tg000072l_0_0:608808-2720770_rc	979933	1506144	+	526212
RY01#2#classII	CPC-Chinese	RY01	2	RY01#2#h2tg000027l_0_0:608839-5846758_rc	3993036	4632321	+	639286
RY02#1#classII	CPC-Chinese	RY02	1	RY02#1#h1tg000066l_0_0:303777-5460230	4013256	4549689	+	536434
RY02#2#classII	CPC-Chinese	RY02	2	RY02#2#h2tg000029l_0_0:607648-2774751_rc	1006720	1560798	+	554079
RY03#1#classII	CPC-Chinese	RY03	1	RY03#1#h1tg000038l_0_0:610070-5917112_rc	4053896	4701525	+	647630
RY03#2#classII	CPC-Chinese	RY03	2	RY03#2#h2tg000088l_0_0:608725-5740832_rc	3995364	4525546	+	530183
RY04#1#classII	CPC-Chinese	RY04	1	RY04#1#h1tg000045l_0_0:610227-5760897_rc	4021338	4544888	+	523551
RY04#2#classII	CPC-Chinese	RY04	2	RY04#2#h2tg000053l_0_0:304268-5412344	3973750	4501562	+	527813
RY05#1#classII	CPC-Chinese	RY05	1	RY05#1#h1tg000047l_0_0:611110-5457129_rc	3717937	4240154	+	522218
RY05#2#classII	CPC-Chinese	RY05	2	RY05#2#h2tg000014l_0_0:304266-5416626	3969650	4506694	+	537045
RY06#1#classII	CPC-Chinese	RY06	1	RY06#1#h1tg000061l_0_0:607878-5429553_rc	3693193	4215506	+	522314
RY06#2#classII	CPC-Chinese	RY06	2	RY06#2#h2tg000061l_0_0:610637-5774002_rc	4003052	4556787	+	553736
RY07#1#classII	CPC-Chinese	RY07	1	RY07#1#h1tg000003l_0_0:610203-5629754_rc	3944065	4412480	+	468416
RY07#2#classII	CPC-Chinese	RY07	2	RY07#2#h2tg000005l_0_0:608790-5854922_rc	3992996	4640619	+	647624
RY08#1#classII	CPC-Chinese	RY08	1	RY08#1#h1tg000075l_0_0:610655-5777427_rc	4004931	4560366	+	555436
RY08#2#classII	CPC-Chinese	RY08	2	RY08#2#h2tg000087l_0_0:301757-5549861	4000807	4641504	+	640698
RY09#1#classII	CPC-Chinese	RY09	1	RY09#1#h1tg000030l_0_0:608072-5880016_rc	4018520	4665965	+	647446
RY09#2#classII	CPC-Chinese	RY09	2	RY09#2#h2tg000035l_0_0:611090-5918099_rc	4053969	4701496	+	647528
RY10#1#classII	CPC-Chinese	RY10	1	RY10#1#h1tg000024l_0_0:607475-5741963_rc	3973539	4527593	+	554055
RY10#2#classII	CPC-Chinese	RY10	2	RY10#2#h2tg000100l_0_0:608786-5809719_rc	3955890	4595196	+	639307
RY11#1#classII	CPC-Chinese	RY11	1	RY11#1#h1tg000032l_0_0:461-4925741	3680893	4319404	+	638512
RY11#2#classII	CPC-Chinese	RY11	2	RY11#2#h2tg000061l_0_0:303495-5531509	3982850	4621626	+	638777
HG00408#1#classII	HPRC-EastAsian	HG00408	1	HG00408#1#CM085956.1:28367209-33537812	4032509	4564210	+	531702
HG00408#2#classII	HPRC-EastAsian	HG00408	2	HG00408#2#CM085969.1:28371022-33519581	3987994	4541462	+	553469
HG00423#1#classII	HPRC-EastAsian	HG00423	1	HG00423#1#CM089400.1:28362185-33602188	3992729	4633431	+	640703
HG00423#2#classII	HPRC-EastAsian	HG00423	2	HG00423#2#CM089416.1:28353255-33428495	4002630	4469339	+	466710
HG00438#1#classII	HPRC-EastAsian	HG00438	1	HG00438#1#CM089172.1:28419975-33475943	3918754	4448956	+	530203
HG00438#2#classII	HPRC-EastAsian	HG00438	2	HG00438#2#CM089191.1:28355071-33575312	3976092	4614375	+	638284
HG005#1#classII	HPRC-EastAsian	HG005	1	HG005#1#CM099986.1:28343337-33540760	3952928	4591083	+	638156
HG005#2#classII	HPRC-EastAsian	HG005	2	HG005#2#CM099975.1:28427209-33625676	3953348	4592604	+	639257
HG00544#1#classII	HPRC-EastAsian	HG00544	1	HG00544#1#CM089373.1:28382951-33635750	4005754	4646452	+	640699
HG00544#2#classII	HPRC-EastAsian	HG00544	2	HG00544#2#CM089387.1:28377663-33617357	3992691	4633389	+	640699
HG00558#1#classII	HPRC-EastAsian	HG00558	1	HG00558#1#CM088495.1:28611632-33843761	3987403	4626230	+	638828
HG00558#2#classII	HPRC-EastAsian	HG00558	2	HG00558#2#CM088524.1:28472433-33604465	3983276	4525696	+	542421
HG00597#1#classII	HPRC-EastAsian	HG00597	1	HG00597#1#JBHDUU010000003.1:28248152-33413616	4032783	4558564	+	525782
HG00597#2#classII	HPRC-EastAsian	HG00597	2	HG00597#2#CM085784.1:28381176-33466863	3956930	4479119	+	522190
HG00609#1#classII	HPRC-EastAsian	HG00609	1	HG00609#1#CM086351.1:28557002-33710805	3994488	4547536	+	553049
HG00609#2#classII	HPRC-EastAsian	HG00609	2	HG00609#2#CM086361.1:28373908-33563607	3945411	4584057	+	638647
HG00621#1#classII	HPRC-EastAsian	HG00621	1	HG00621#1#CM087851.1:28412809-33652212	3994475	4633744	+	639270
HG00621#2#classII	HPRC-EastAsian	HG00621	2	HG00621#2#CM087865.1:28365619-33503852	4009541	4531905	+	522365
HG00658#1#classII	HPRC-EastAsian	HG00658	1	HG00658#1#CM088776.1:28382214-33455895	4001064	4467806	+	466743
HG00658#2#classII	HPRC-EastAsian	HG00658	2	HG00658#2#CM088798.1:28345511-33527662	4043119	4575815	+	532697
HG00673#1#classII	HPRC-EastAsian	HG00673	1	HG00673#1#CM089145.1:28380395-33412996	3904390	4426754	+	522365
HG00673#2#classII	HPRC-EastAsian	HG00673	2	HG00673#2#CM089157.1:28378967-33442230	3989917	4456927	+	467011
HG00706#1#classII	HPRC-EastAsian	HG00706	1	HG00706#1#CM100016.1:28396497-33554012	3996801	4550946	+	554146
HG00706#2#classII	HPRC-EastAsian	HG00706	2	HG00706#2#CM100060.1:28411727-33571906	4000554	4553772	+	553219
HG02015#1#classII	HPRC-EastAsian	HG02015	1	HG02015#1#CM085893.1:28402846-33586394	4021629	4577096	+	555468
HG02015#2#classII	HPRC-EastAsian	HG02015	2	HG02015#2#CM085899.1:28383446-33717143	4090170	4727802	+	637633
HG02027#1#classII	HPRC-EastAsian	HG02027	1	HG02027#1#JBHDTX010000002.1:1623368-6786940	4031183	4556977	+	525795
HG02027#2#classII	HPRC-EastAsian	HG02027	2	HG02027#2#JBHDTY010000008.1:1623003-6755193	3996386	4526332	+	529947
HG02040#1#classII	HPRC-EastAsian	HG02040	1	HG02040#1#CM087376.1:28407779-33615862	4059848	4601534	+	541687
HG02040#2#classII	HPRC-EastAsian	HG02040	2	HG02040#2#CM087404.1:28421077-33661960	3994297	4634999	+	640703
HG02056#1#classII	HPRC-EastAsian	HG02056	1	HG02056#1#JBHDVC010000047.1:28415946-33618338	4069458	4595885	+	526428
HG02056#2#classII	HPRC-EastAsian	HG02056	2	HG02056#2#JBHDVD010000050.1:28353386-33462193	3976415	4502842	+	526428
HG02071#1#classII	HPRC-EastAsian	HG02071	1	HG02071#1#CM088260.1:28423541-33557862	4001858	4527864	+	526007
HG02071#2#classII	HPRC-EastAsian	HG02071	2	HG02071#2#CM088283.1:28360932-33442152	3947688	4474830	+	527143
HG02074#1#classII	HPRC-EastAsian	HG02074	1	HG02074#1#JBHIGK010000076.1:28344776-33475569	3993158	4524868	+	531711
HG02074#2#classII	HPRC-EastAsian	HG02074	2	HG02074#2#JBHIGL010000008.1:28378730-33632643	4007313	4648005	+	640693
HG02080#1#classII	HPRC-EastAsian	HG02080	1	HG02080#1#CM092061.1:28425542-33593192	4038201	4561821	+	523621
HG02080#2#classII	HPRC-EastAsian	HG02080	2	HG02080#2#CM092047.1:28460929-33706794	3991630	4639514	+	647885
HG02083#1#classII	HPRC-EastAsian	HG02083	1	HG02083#1#JBHDTV010000048.1:28371858-33537852	4033404	4559409	+	526006
HG02083#2#classII	HPRC-EastAsian	HG02083	2	HG02083#2#CM086965.1:28472527-33711689	3992742	4633325	+	640584
HG02129#1#classII	HPRC-EastAsian	HG02129	1	HG02129#1#CM085849.1:28352001-33545967	4058228	4587384	+	529157
HG02129#2#classII	HPRC-EastAsian	HG02129	2	HG02129#2#CM085860.1:28366606-33493917	3968569	4521436	+	552868
HG02132#1#classII	HPRC-EastAsian	HG02132	1	HG02132#1#CM086897.1:28372349-33619790	4000367	4641001	+	640635
HG02132#2#classII	HPRC-EastAsian	HG02132	2	HG02132#2#CM086908.1:28367828-33688656	4076682	4715202	+	638521
HG02135#1#classII	HPRC-EastAsian	HG02135	1	HG02135#1#CM088309.1:28410959-33520604	3948653	4503070	+	554418
HG02135#2#classII	HPRC-EastAsian	HG02135	2	HG02135#2#CM088319.1:28377765-33615244	3991773	4631208	+	639436
HG02155#1#classII	HPRC-EastAsian	HG02155	1	HG02155#1#JBIECB010000043.1:28423029-33561929	3978957	4533091	+	554135
HG02155#2#classII	HPRC-EastAsian	HG02155	2	HG02155#2#CM091924.1:28362729-33591130	4066892	4622089	+	555198
HG02165#1#classII	HPRC-EastAsian	HG02165	1	HG02165#1#CM087444.1:28424290-33561901	3995703	4531065	+	535363
HG02165#2#classII	HPRC-EastAsian	HG02165	2	HG02165#2#JBHDWX010000045.1:28431174-33561779	3992994	4524699	+	531706
HG02178#1#classII	HPRC-EastAsian	HG02178	1	HG02178#1#CM089925.1:28399752-33646110	3999783	4640484	+	640702
HG02178#2#classII	HPRC-EastAsian	HG02178	2	HG02178#2#CM089938.1:28370915-33566694	4036217	4590021	+	553805
HG02391#1#classII	HPRC-EastAsian	HG02391	1	HG02391#1#CM087584.1:28379784-33548956	4007623	4562608	+	554986
HG02391#2#classII	HPRC-EastAsian	HG02391	2	HG02391#2#CM087613.1:28373481-33549853	4012914	4569539	+	556626
HG02392#1#classII	HPRC-EastAsian	HG02392	1	HG02392#1#CM099882.1:28340512-33566823	4066775	4620572	+	553798
HG02392#2#classII	HPRC-EastAsian	HG02392	2	HG02392#2#CM099892.1:28378060-33485526	3946152	4501631	+	555480
HG02514#1#classII	HPRC-EastAsian	HG02514	1	HG02514#1#CM098732.1:28373958-33711051	4081766	4730466	+	648701
HG02514#2#classII	HPRC-EastAsian	HG02514	2	HG02514#2#CM098748.1:28370171-33533737	4031257	4557056	+	525800
HG02523#1#classII	HPRC-EastAsian	HG02523	1	HG02523#1#CM086922.1:28564085-33712113	3999872	4541570	+	541699
HG02523#2#classII	HPRC-EastAsian	HG02523	2	HG02523#2#CM086938.1:28380315-33619374	3992485	4633184	+	640700
NA18565#1#classII	HPRC-EastAsian	NA18565	1	NA18565#1#CM094320.1:28406009-33589453	3935955	4576597	+	640643
NA18565#2#classII	HPRC-EastAsian	NA18565	2	NA18565#2#CM094342.1:28359389-33490962	3999689	4525698	+	526010
NA18570#1#classII	HPRC-EastAsian	NA18570	1	NA18570#1#CM087659.1:28377747-33503647	3997266	4519387	+	522122
NA18570#2#classII	HPRC-EastAsian	NA18570	2	NA18570#2#JBHDXO010000039.1:12253641-17492124	3993974	4632769	+	638796
NA18608#1#classII	HPRC-EastAsian	NA18608	1	NA18608#1#JBHIJW010000005.1:28379380-33466928	3952847	4481662	+	528816
NA18608#2#classII	HPRC-EastAsian	NA18608	2	NA18608#2#JBHIJX010000014.1:28375523-33585552	4073576	4603163	+	529588
NA18620#1#classII	HPRC-EastAsian	NA18620	1	NA18620#1#JBHIJU010000014.1:28371273-33496778	3993873	4519155	+	525283
NA18620#2#classII	HPRC-EastAsian	NA18620	2	NA18620#2#JBHIJV010000064.1:28361084-33404871	3912320	4437601	+	525282
NA18747#1#classII	HPRC-EastAsian	NA18747	1	NA18747#1#CM087202.1:28424227-33559019	3999357	4528940	+	529584
NA18747#2#classII	HPRC-EastAsian	NA18747	2	NA18747#2#CM087242.1:28408784-33568848	4000603	4553607	+	553005
NA18940#1#classII	HPRC-Japanese	NA18940	1	NA18940#1#CM101704.1:28361445-33495650	3973261	4527315	+	554055
NA18940#2#classII	HPRC-Japanese	NA18940	2	NA18940#2#CM101718.1:28384276-33404776	3947632	4414178	+	466547
NA18943#1#classII	HPRC-Japanese	NA18943	1	NA18943#1#CM101660.1:28426731-33491938	3992642	4459347	+	466706
NA18943#2#classII	HPRC-Japanese	NA18943	2	NA18943#2#CM101689.1:28413016-33476747	3990106	4456836	+	466731
NA18944#1#classII	HPRC-Japanese	NA18944	1	NA18944#1#CM101645.1:28385561-33526630	4003746	4535474	+	531729
NA18944#2#classII	HPRC-Japanese	NA18944	2	NA18944#2#CM101674.1:28358440-33385619	3953005	4420304	+	467300
NA18945#1#classII	HPRC-Japanese	NA18945	1	NA18945#1#CM101613.1:28368965-33555846	4049775	4580006	+	530232
NA18945#2#classII	HPRC-Japanese	NA18945	2	NA18945#2#CM101630.1:28394844-33694406	4054156	4693651	+	639496
NA18948#1#classII	HPRC-Japanese	NA18948	1	NA18948#1#CM101600.1:28387406-33694585	4054054	4701633	+	647580
NA18948#2#classII	HPRC-Japanese	NA18948	2	NA18948#2#CM101588.1:28449833-33675773	4082193	4619228	+	537036
NA18952#1#classII	HPRC-Japanese	NA18952	1	NA18952#1#JBHIJS010000065.1:28372748-33544581	4035789	4565964	+	530176
NA18952#2#classII	HPRC-Japanese	NA18952	2	NA18952#2#JBHIJT010000011.1:27989065-33294169	4059736	4699228	+	639493
NA18959#1#classII	HPRC-Japanese	NA18959	1	NA18959#1#CM101546.1:28370803-33504249	3973263	4527313	+	554051
NA18959#2#classII	HPRC-Japanese	NA18959	2	NA18959#2#CM101574.1:28371257-33493892	3963056	4516181	+	553126
NA18960#1#classII	HPRC-Japanese	NA18960	1	NA18960#1#CM101531.1:28387298-33581139	3948515	4588010	+	639496
NA18960#2#classII	HPRC-Japanese	NA18960	2	NA18960#2#CM101559.1:28352755-33558459	3961326	4599848	+	638523
NA18967#1#classII	HPRC-Japanese	NA18967	1	NA18967#1#CM101498.1:28415274-33499907	3948914	4477774	+	528861
NA18967#2#classII	HPRC-Japanese	NA18967	2	NA18967#2#JBKABX010000006.1:28395404-33553508	3912274	4551827	+	639554
NA18970#1#classII	HPRC-Japanese	NA18970	1	NA18970#1#CM101469.1:28338191-33472849	3999284	4528824	+	529541
NA18970#2#classII	HPRC-Japanese	NA18970	2	NA18970#2#CM101481.1:28437781-33628491	3947059	4584576	+	637518
NA18971#1#classII	HPRC-Japanese	NA18971	1	NA18971#1#JBHDWK010000075.1:28353861-33541047	3942005	4581276	+	639272
NA18971#2#classII	HPRC-Japanese	NA18971	2	NA18971#2#CM087282.1:28370956-33557710	4051831	4580899	+	529069
NA18974#1#classII	HPRC-Japanese	NA18974	1	NA18974#1#JBHIJQ010000061.1:28438445-33702152	4016364	4656859	+	640496
NA18974#2#classII	HPRC-Japanese	NA18974	2	NA18974#2#JBHIJR010000002.1:28446464-33624399	4018077	4571124	+	553048
NA18976#1#classII	HPRC-Japanese	NA18976	1	NA18976#1#CM089753.1:28424712-33611473	4049798	4580044	+	530247
NA18976#2#classII	HPRC-Japanese	NA18976	2	NA18976#2#CM089763.1:28447335-33634097	4049795	4580041	+	530247
NA18982#1#classII	HPRC-Japanese	NA18982	1	NA18982#1#CM101421.1:28415467-33548909	3973257	4527306	+	554050
NA18982#2#classII	HPRC-Japanese	NA18982	2	NA18982#2#JBKABT010000006.1:28433660-33435400	3849355	4395419	+	546065
NA18983#1#classII	HPRC-Japanese	NA18983	1	NA18983#1#CM087420.1:28378465-33528221	4020326	4542686	+	522361
NA18983#2#classII	HPRC-Japanese	NA18983	2	NA18983#2#CM087432.1:28420692-33672818	4007717	4646506	+	638790
NA19087#1#classII	HPRC-Japanese	NA19087	1	NA19087#1#CM087696.1:28331338-33576082	3999224	4638323	+	639100
NA19087#2#classII	HPRC-Japanese	NA19087	2	NA19087#2#JBHDXQ010000012.1:23681967-28867579	4049799	4580040	+	530242
hg002#1#classII	HPRC-Jewish	hg002	1	hg002#1#chr6:28367269-33609101	3996661	4635390	+	638730
hg002#2#classII	HPRC-Jewish	hg002	2	hg002#2#chr6:28364349-33511960	3998602	4540695	+	542094
HG00097#1#classII	HPRC-Rest	HG00097	1	HG00097#1#JBIRDD010000044.1:28461910-33634610	4012399	4566181	+	553783
HG00097#2#classII	HPRC-Rest	HG00097	2	HG00097#2#JBIRDE010000007.1:28438526-33548333	3973728	4503205	+	529478
HG00099#1#classII	HPRC-Rest	HG00099	1	HG00099#1#JBHDWO010000057.1:28378111-33500321	3992970	4515515	+	522546
HG00099#2#classII	HPRC-Rest	HG00099	2	HG00099#2#CM087361.1:28397166-33493833	3962226	4490045	+	527820
HG00126#1#classII	HPRC-Rest	HG00126	1	HG00126#1#CM090112.1:28356760-33437962	3946366	4474379	+	528014
HG00126#2#classII	HPRC-Rest	HG00126	2	HG00126#2#CM090124.1:28373995-33623206	3994875	4643453	+	648579
HG00128#1#classII	HPRC-Rest	HG00128	1	HG00128#1#CM090080.1:28391628-33572064	4037262	4573492	+	536231
HG00128#2#classII	HPRC-Rest	HG00128	2	HG00128#2#CM090096.1:28379634-33499179	3984937	4513342	+	528406
HG00133#1#classII	HPRC-Rest	HG00133	1	HG00133#1#CM090050.1:28455191-33589633	3997926	4527555	+	529630
HG00133#2#classII	HPRC-Rest	HG00133	2	HG00133#2#CM090065.1:28391702-33637176	4000177	4638523	+	638347
HG00140#1#classII	HPRC-Rest	HG00140	1	HG00140#1#CM087111.1:28362821-33594371	4087730	4625416	+	537687
HG00140#2#classII	HPRC-Rest	HG00140	2	HG00140#2#CM087137.1:28381998-33511941	3993747	4522980	+	529234
HG00146#1#classII	HPRC-Rest	HG00146	1	HG00146#1#CM090015.1:28391294-33489055	3962235	4490777	+	528543
HG00146#2#classII	HPRC-Rest	HG00146	2	HG00146#2#JBHIKP010000006.1:28398454-33526840	3985324	4522366	+	537043
HG00232#1#classII	HPRC-Rest	HG00232	1	HG00232#1#JBHIKM010000014.1:28302939-33474178	4011013	4564202	+	553190
HG00232#2#classII	HPRC-Rest	HG00232	2	HG00232#2#JBHIKN010000040.1:28366410-33541603	4040397	4568642	+	528246
HG00235#1#classII	HPRC-Rest	HG00235	1	HG00235#1#JBIRED010000015.1:28430445-33672471	3996751	4635500	+	638750
HG00235#2#classII	HPRC-Rest	HG00235	2	HG00235#2#JBIREE010000012.1:28440799-33687305	4001319	4640358	+	639040
HG00253#1#classII	HPRC-Rest	HG00253	1	HG00253#1#CM094460.1:28362997-33511495	4013479	4542692	+	529214
HG00253#2#classII	HPRC-Rest	HG00253	2	HG00253#2#CM094482.1:28362559-33525998	4002703	4556493	+	553791
HG00272#1#classII	HPRC-Rest	HG00272	1	HG00272#1#CM094189.1:28268096-33422158	4015588	4547410	+	531823
HG00272#2#classII	HPRC-Rest	HG00272	2	HG00272#2#CM094216.1:28400431-33497055	3962194	4490012	+	527819
HG00280#1#classII	HPRC-Rest	HG00280	1	HG00280#1#CM087149.1:28404965-33542525	4001515	4531001	+	529487
HG00280#2#classII	HPRC-Rest	HG00280	2	HG00280#2#CM087160.1:28390542-33496389	3971440	4499257	+	527818
HG00290#1#classII	HPRC-Rest	HG00290	1	HG00290#1#CM089982.1:28384478-33524366	3996075	4533108	+	537034
HG00290#2#classII	HPRC-Rest	HG00290	2	HG00290#2#CM090006.1:28396532-33558743	4019171	4556212	+	537042
HG00320#1#classII	HPRC-Rest	HG00320	1	HG00320#1#CM089951.1:28434922-33547606	4038852	4505702	+	466851
HG00320#2#classII	HPRC-Rest	HG00320	2	HG00320#2#CM089965.1:28395668-33476154	4006974	4473517	+	466544
HG00321#1#classII	HPRC-Rest	HG00321	1	HG00321#1#CM089541.1:28422537-33579208	3997630	4549716	+	552087
HG00321#2#classII	HPRC-Rest	HG00321	2	HG00321#2#CM089572.1:28378789-33420293	3967761	4434602	+	466842
HG00323#1#classII	HPRC-Rest	HG00323	1	HG00323#1#CM087306.1:28385818-33469846	3947181	4477593	+	530413
HG00323#2#classII	HPRC-Rest	HG00323	2	HG00323#2#CM087331.1:28400279-33501006	3940176	4493942	+	553767
HG00329#1#classII	HPRC-Rest	HG00329	1	HG00329#1#CM094227.1:28398918-33572031	4037682	4566145	+	528464
HG00329#2#classII	HPRC-Rest	HG00329	2	HG00329#2#JBIRDQ010000006.1:28383055-33548759	4022584	4559484	+	536901
HG00344#1#classII	HPRC-Rest	HG00344	1	HG00344#1#JBIREN010000005.1:28404553-33569861	4006483	4559473	+	552991
HG00344#2#classII	HPRC-Rest	HG00344	2	HG00344#2#JBIREO010000046.1:28507887-33680519	4012419	4566190	+	553772
HG00350#1#classII	HPRC-Rest	HG00350	1	HG00350#1#JBIREL010000054.1:28392042-33553743	4018677	4555714	+	537038
HG00350#2#classII	HPRC-Rest	HG00350	2	HG00350#2#JBIREM010000045.1:28412158-33655472	3999248	4636686	+	637439
HG00639#1#classII	HPRC-Rest	HG00639	1	HG00639#1#CM088540.1:28385584-33628081	3996811	4635575	+	638765
HG00639#2#classII	HPRC-Rest	HG00639	2	HG00639#2#CM088555.1:28389308-33644836	4011509	4648671	+	637163
HG00642#1#classII	HPRC-Rest	HG00642	1	HG00642#1#JBHDST010000009.1:28352295-33459982	3975633	4500697	+	525065
HG00642#2#classII	HPRC-Rest	HG00642	2	HG00642#2#CM086622.1:28408489-33506502	3961802	4490819	+	529018
HG00733#1#classII	HPRC-Rest	HG00733	1	HG00733#1#JAHEPQ020000004.1:28448883-33531506	3953676	4475841	+	522166
HG00733#2#classII	HPRC-Rest	HG00733	2	HG00733#2#JAHEPP020000013.1:28389728-33496160	3975615	4500654	+	525040
HG00735#1#classII	HPRC-Rest	HG00735	1	HG00735#1#CM087879.1:28400157-33626272	4082694	4619250	+	536557
HG00735#2#classII	HPRC-Rest	HG00735	2	HG00735#2#CM087888.1:28407279-33712571	4060089	4698889	+	638801
HG00738#1#classII	HPRC-Rest	HG00738	1	HG00738#1#CM086647.1:28420303-33517291	3962260	4490076	+	527817
HG00738#2#classII	HPRC-Rest	HG00738	2	HG00738#2#CM086684.1:28399019-33553590	4016714	4548531	+	531818
HG00741#1#classII	HPRC-Rest	HG00741	1	HG00741#1#CM087899.1:28395234-33528259	4003702	4525940	+	522239
HG00741#2#classII	HPRC-Rest	HG00741	2	HG00741#2#CM087911.1:28428150-33619756	4059044	4584950	+	525907
HG01071#1#classII	HPRC-Rest	HG01071	1	HG01071#1#CM089116.1:28400399-33605490	3949507	4598162	+	648656
HG01071#2#classII	HPRC-Rest	HG01071	2	HG01071#2#JAHBCE020000004.1:28353469-33512869	4029337	4552934	+	523598
HG01074#1#classII	HPRC-Rest	HG01074	1	HG01074#1#CM088786.1:28385433-33531927	3986417	4539413	+	552997
HG01074#2#classII	HPRC-Rest	HG01074	2	HG01074#2#CM088812.1:28367163-33616085	3994616	4643146	+	648531
HG01081#1#classII	HPRC-Rest	HG01081	1	HG01081#1#CM088567.1:28461361-33570671	3980962	4502866	+	521905
HG01081#2#classII	HPRC-Rest	HG01081	2	HG01081#2#CM088583.1:28313947-33411923	3961777	4490792	+	529016
HG01099#1#classII	HPRC-Rest	HG01099	1	HG01099#1#CM086260.1:28473499-33727222	3999456	4648024	+	648569
HG01099#2#classII	HPRC-Rest	HG01099	2	HG01099#2#CM086271.1:28372897-33623240	3994919	4643466	+	648548
HG01106#1#classII	HPRC-Rest	HG01106	1	HG01106#1#CM087952.1:28365981-33527455	4030343	4555356	+	525014
HG01106#2#classII	HPRC-Rest	HG01106	2	HG01106#2#CM087965.1:28447447-33606093	4026835	4551697	+	524863
HG01109#1#classII	HPRC-Rest	HG01109	1	HG01109#1#CM092087.1:28385979-33527092	4067333	4534920	+	467588
HG01109#2#classII	HPRC-Rest	HG01109	2	HG01109#2#CM092075.1:28375676-33512099	3993405	4529932	+	536528
HG01123#1#classII	HPRC-Rest	HG01123	1	HG01123#1#CM089083.1:28404843-33659990	4001807	4648602	+	646796
HG01123#2#classII	HPRC-Rest	HG01123	2	HG01123#2#CM089098.1:28415807-33563460	4008833	4541663	+	532831
HG01150#1#classII	HPRC-Rest	HG01150	1	HG01150#1#CM088598.1:28377562-33536105	3997165	4552461	+	555297
HG01150#2#classII	HPRC-Rest	HG01150	2	HG01150#2#CM088614.1:28600391-33807062	4069420	4600365	+	530946
HG01167#1#classII	HPRC-Rest	HG01167	1	HG01167#1#CM094528.1:28408993-33550950	3896540	4535348	+	638809
HG01167#2#classII	HPRC-Rest	HG01167	2	HG01167#2#CM094543.1:28383235-33548638	4005204	4558968	+	553765
HG01175#1#classII	HPRC-Rest	HG01175	1	HG01175#1#CM087925.1:28388857-33560219	4010671	4564454	+	553784
HG01175#2#classII	HPRC-Rest	HG01175	2	HG01175#2#CM087940.1:28426263-33594671	4025350	4562394	+	537045
HG01192#1#classII	HPRC-Rest	HG01192	1	HG01192#1#JBHDVI010000008.1:28423245-33497113	4000444	4466996	+	466553
HG01192#2#classII	HPRC-Rest	HG01192	2	HG01192#2#JBHDVJ010000035.1:28425182-33556403	4001238	4524853	+	523616
HG01243#1#classII	HPRC-Rest	HG01243	1	HG01243#1#JAHEOY020000051.1:28395858-33529902	3996600	4526727	+	530128
HG01243#2#classII	HPRC-Rest	HG01243	2	HG01243#2#JAHEOX020000061.1:28429017-33652180	4085089	4616959	+	531871
HG01252#1#classII	HPRC-Rest	HG01252	1	HG01252#1#CM088824.1:28394713-33593325	3953525	4592292	+	638768
HG01252#2#classII	HPRC-Rest	HG01252	2	HG01252#2#CM088855.1:28339611-33537772	3953284	4591514	+	638231
HG01255#1#classII	HPRC-Rest	HG01255	1	HG01255#1#CM086707.1:28387912-33538917	4012346	4544189	+	531844
HG01255#2#classII	HPRC-Rest	HG01255	2	HG01255#2#CM086721.1:28434597-33610529	4016301	4569085	+	552785
HG01258#1#classII	HPRC-Rest	HG01258	1	HG01258#1#CM088113.1:28436863-33569447	3997736	4526108	+	528373
HG01258#2#classII	HPRC-Rest	HG01258	2	HG01258#2#JAGYYU020000010.1:28495340-33647216	4003280	4545937	+	542658
HG01261#1#classII	HPRC-Rest	HG01261	1	HG01261#1#JBHDVG010000007.1:28479273-33732193	4007380	4646657	+	639278
HG01261#2#classII	HPRC-Rest	HG01261	2	HG01261#2#JBHDVH010000044.1:28397284-33514117	4043804	4510483	+	466680
HG01346#1#classII	HPRC-Rest	HG01346	1	HG01346#1#CM086588.1:28433990-33540363	3969376	4499527	+	530152
HG01346#2#classII	HPRC-Rest	HG01346	2	HG01346#2#JBHDSS010000002.1:28289708-33434702	4008196	4537993	+	529798
HG01358#1#classII	HPRC-Rest	HG01358	1	HG01358#1#CM089055.1:28447322-33645210	3953281	4591501	+	638221
HG01358#2#classII	HPRC-Rest	HG01358	2	HG01358#2#CM089068.1:28448274-33504819	3918820	4449669	+	530850
HG01361#1#classII	HPRC-Rest	HG01361	1	HG01361#1#CM089024.1:28417386-33535858	3986909	4511888	+	524980
HG01361#2#classII	HPRC-Rest	HG01361	2	HG01361#2#CM089040.1:28439662-33687433	3993547	4642115	+	648569
HG01433#1#classII	HPRC-Rest	HG01433	1	HG01433#1#CM086483.1:28472310-33714767	3997270	4636049	+	638780
HG01433#2#classII	HPRC-Rest	HG01433	2	HG01433#2#CM086511.1:28432606-33680115	3993156	4641161	+	648006
HG01496#1#classII	HPRC-Rest	HG01496	1	HG01496#1#CM086373.1:28374305-33527298	4010828	4547255	+	536428
HG01496#2#classII	HPRC-Rest	HG01496	2	HG01496#2#CM086388.1:28388376-33615208	3981679	4620467	+	638789
HG01530#1#classII	HPRC-Rest	HG01530	1	HG01530#1#CM087536.1:28292231-33446470	4010914	4547338	+	536425
HG01530#2#classII	HPRC-Rest	HG01530	2	HG01530#2#CM087560.1:28372601-33566242	3939173	4587124	+	647952
HG01784#1#classII	HPRC-Rest	HG01784	1	HG01784#1#CM087570.1:28443802-33693813	4001675	4643359	+	641685
HG01784#2#classII	HPRC-Rest	HG01784	2	HG01784#2#CM087597.1:28389780-33578100	3943309	4581876	+	638568
HG01786#1#classII	HPRC-Rest	HG01786	1	HG01786#1#CM089504.1:28430581-33555976	3997285	4518883	+	521599
HG01786#2#classII	HPRC-Rest	HG01786	2	HG01786#2#JBHIIX010000001.1:28291277-33427374	4000353	4529458	+	529106
HG01884#1#classII	HPRC-Rest	HG01884	1	HG01884#1#JBHDSB010000050.1:28364997-33565662	4066286	4591286	+	525001
HG01884#2#classII	HPRC-Rest	HG01884	2	HG01884#2#CM086422.1:28486017-33727367	4105169	4634503	+	529335
HG01891#1#classII	HPRC-Rest	HG01891	1	HG01891#1#JAGYVO020000076.1:2900811-8125517	4062190	4616010	+	553821
HG01891#2#classII	HPRC-Rest	HG01891	2	HG01891#2#JAGYVN020000007.1:1681129-6883010	4059124	4595650	+	536527
HG01928#1#classII	HPRC-Rest	HG01928	1	HG01928#1#CM088988.1:28420054-33667363	4002148	4640911	+	638764
HG01928#2#classII	HPRC-Rest	HG01928	2	HG01928#2#CM089004.1:28358676-33609094	4002585	4643384	+	640800
HG01934#1#classII	HPRC-Rest	HG01934	1	HG01934#1#CM088840.1:28381638-33543037	4001209	4554989	+	553781
HG01934#2#classII	HPRC-Rest	HG01934	2	HG01934#2#CM088881.1:28393788-33621610	3982618	4621361	+	638744
HG01940#1#classII	HPRC-Rest	HG01940	1	HG01940#1#CM088633.1:28416533-33550847	3997610	4527951	+	530342
HG01940#2#classII	HPRC-Rest	HG01940	2	HG01940#2#JBHIHL010000009.1:28391811-33519262	3989770	4520979	+	531210
HG01943#1#classII	HPRC-Rest	HG01943	1	HG01943#1#JBHIIK010000008.1:28388608-33634739	4000903	4639122	+	638220
HG01943#2#classII	HPRC-Rest	HG01943	2	HG01943#2#JBHIIL010000059.1:28384336-33527821	3896521	4537132	+	640612
HG01952#1#classII	HPRC-Rest	HG01952	1	HG01952#1#JAHAME020000003.1:28509779-33725990	4077686	4609210	+	531525
HG01952#2#classII	HPRC-Rest	HG01952	2	HG01952#2#CM087999.1:28438146-33670995	3987740	4626546	+	638807
HG01960#1#classII	HPRC-Rest	HG01960	1	HG01960#1#JBHIHM010000013.1:28299727-33553963	3999612	4647644	+	648033
HG01960#2#classII	HPRC-Rest	HG01960	2	HG01960#2#JBHIHN010000011.1:28515170-33644789	3993585	4522776	+	529192
HG01969#1#classII	HPRC-Rest	HG01969	1	HG01969#1#CM088687.1:28438493-33684979	3992131	4640709	+	648579
HG01969#2#classII	HPRC-Rest	HG01969	2	HG01969#2#CM088699.1:28424697-33581502	4013412	4549891	+	536480
HG01975#1#classII	HPRC-Rest	HG01975	1	HG01975#1#JBJUVS010000062.1:28446168-33791199	4100608	4739403	+	638796
HG01975#2#classII	HPRC-Rest	HG01975	2	HG01975#2#CM099812.1:28391516-33619784	3982508	4621923	+	639416
HG01978#1#classII	HPRC-Rest	HG01978	1	HG01978#1#CM089247.1:28385214-33602216	4061553	4610645	+	549093
HG01978#2#classII	HPRC-Rest	HG01978	2	HG01978#2#CM089273.1:28354032-33630223	4029480	4669889	+	640410
HG01981#1#classII	HPRC-Rest	HG01981	1	HG01981#1#JBHDRV010000009.1:28410315-33655950	4000292	4639062	+	638771
HG01981#2#classII	HPRC-Rest	HG01981	2	HG01981#2#JBHDRW010000010.1:28410780-33681446	4025469	4664245	+	638777
HG01993#1#classII	HPRC-Rest	HG01993	1	HG01993#1#JBHDSL010000047.1:28406826-33615858	4053633	4602588	+	548956
HG01993#2#classII	HPRC-Rest	HG01993	2	HG01993#2#JBHDSM010000062.1:28431770-33594269	4019198	4555620	+	536423
HG02004#1#classII	HPRC-Rest	HG02004	1	HG02004#1#JBHDRT010000003.1:28425702-33656904	3985198	4624735	+	639538
HG02004#2#classII	HPRC-Rest	HG02004	2	HG02004#2#JBHDRU010000054.1:28359862-33635123	4029100	4669424	+	640325
HG02055#1#classII	HPRC-Rest	HG02055	1	HG02055#1#JAHEPK020000065.1:28422841-33550861	4059973	4521358	+	461386
HG02055#2#classII	HPRC-Rest	HG02055	2	HG02055#2#JAHEPJ020000062.1:28297948-33346879	3919764	4444846	+	525083
HG02109#1#classII	HPRC-Rest	HG02109	1	HG02109#1#CM092161.1:28294553-33395631	3961753	4491630	+	529878
HG02109#2#classII	HPRC-Rest	HG02109	2	HG02109#2#CM092147.1:28420239-33580817	4092467	4557422	+	464956
HG02145#1#classII	HPRC-Rest	HG02145	1	HG02145#1#CM099672.1:28303733-33469758	4009223	4561963	+	552741
HG02145#2#classII	HPRC-Rest	HG02145	2	HG02145#2#CM099657.1:28376784-33593129	4076806	4609614	+	532809
HG02148#1#classII	HPRC-Rest	HG02148	1	HG02148#1#JAHAMG020000062.1:28379085-33505835	3989110	4520674	+	531565
HG02148#2#classII	HPRC-Rest	HG02148	2	HG02148#2#JAHAMF020000005.1:28427628-33536175	3976494	4501557	+	525064
HG02257#1#classII	HPRC-Rest	HG02257	1	HG02257#1#CM089221.1:28424772-33551966	3998109	4521028	+	522920
HG02257#2#classII	HPRC-Rest	HG02257	2	HG02257#2#CM089260.1:28471160-33602067	3988549	4526823	+	538275
HG02258#1#classII	HPRC-Rest	HG02258	1	HG02258#1#CM085826.1:28431405-33595237	4000119	4553947	+	553829
HG02258#2#classII	HPRC-Rest	HG02258	2	HG02258#2#CM085837.1:28401788-33525465	3963114	4516512	+	553399
HG02273#1#classII	HPRC-Rest	HG02273	1	HG02273#1#JBHDVQ010000050.1:28386453-33633535	4001577	4640681	+	639105
HG02273#2#classII	HPRC-Rest	HG02273	2	HG02273#2#CM087034.1:28375859-33514787	4002108	4532505	+	530398
HG02280#1#classII	HPRC-Rest	HG02280	1	HG02280#1#JBHDRR010000050.1:28462941-33680751	4081310	4609957	+	528648
HG02280#2#classII	HPRC-Rest	HG02280	2	HG02280#2#JBHDRS010000063.1:28438025-33473174	3890581	4428209	+	537629
HG02293#1#classII	HPRC-Rest	HG02293	1	HG02293#1#CM086249.1:28376541-33683950	4061382	4700921	+	639540
HG02293#2#classII	HPRC-Rest	HG02293	2	HG02293#2#CM086237.1:28436443-33671517	3990465	4628632	+	638168
HG02300#1#classII	HPRC-Rest	HG02300	1	HG02300#1#JBHDSD010000065.1:28384265-33632330	4002836	4641612	+	638777
HG02300#2#classII	HPRC-Rest	HG02300	2	HG02300#2#JBHDSE010000015.1:28383936-33525808	3896004	4535416	+	639413
HG02451#1#classII	HPRC-Rest	HG02451	1	HG02451#1#CM086202.1:28416438-33496141	3943401	4473225	+	529825
HG02451#2#classII	HPRC-Rest	HG02451	2	HG02451#2#CM086226.1:28455260-33610103	3992310	4546120	+	553811
HG02486#1#classII	HPRC-Rest	HG02486	1	HG02486#1#CM088195.1:28400032-33557891	3996228	4550014	+	553787
HG02486#2#classII	HPRC-Rest	HG02486	2	HG02486#2#CM088219.1:28305765-33500079	4060684	4590235	+	529552
HG02559#1#classII	HPRC-Rest	HG02559	1	HG02559#1#CM088234.1:28438650-33681676	3998654	4636091	+	637438
HG02559#2#classII	HPRC-Rest	HG02559	2	HG02559#2#CM088248.1:28392101-33544670	4015712	4544734	+	529023
HG02572#1#classII	HPRC-Rest	HG02572	1	HG02572#1#CM088155.1:28443542-33635020	4059249	4584550	+	525302
HG02572#2#classII	HPRC-Rest	HG02572	2	HG02572#2#CM088173.1:28510650-33610925	3963890	4493568	+	529679
HG02583#1#classII	HPRC-Rest	HG02583	1	HG02583#1#CM089490.1:28310454-33519991	4060269	4603121	+	542853
HG02583#2#classII	HPRC-Rest	HG02583	2	HG02583#2#JBHIIV010000002.1:28450971-33556797	3963323	4500939	+	537617
HG02602#1#classII	HPRC-Rest	HG02602	1	HG02602#1#CM099687.1:28473876-33718939	3990734	4638612	+	647879
HG02602#2#classII	HPRC-Rest	HG02602	2	HG02602#2#CM099701.1:28378684-33507166	3992389	4521598	+	529210
HG02615#1#classII	HPRC-Rest	HG02615	1	HG02615#1#JBHDSZ010000007.1:28292880-33505607	4076487	4607189	+	530703
HG02615#2#classII	HPRC-Rest	HG02615	2	HG02615#2#JBHDTA010000044.1:28450215-33517590	3930832	4460932	+	530101
HG02622#1#classII	HPRC-Rest	HG02622	1	HG02622#1#JAHAOO020000001.1:28509085-33851733	4088338	4735750	+	647413
HG02622#2#classII	HPRC-Rest	HG02622	2	HG02622#2#CM088099.1:28439700-33655942	3970478	4609418	+	638941
HG02630#1#classII	HPRC-Rest	HG02630	1	HG02630#1#CM091809.1:28389334-33629412	3990486	4634418	+	643933
HG02630#2#classII	HPRC-Rest	HG02630	2	HG02630#2#CM091740.1:28323618-33574655	4002657	4644525	+	641869
HG02647#1#classII	HPRC-Rest	HG02647	1	HG02647#1#CM086559.1:28392022-33525944	3995556	4528268	+	532713
HG02647#2#classII	HPRC-Rest	HG02647	2	HG02647#2#JBHDSQ010000039.1:28453965-33628541	3917298	4565889	+	648592
HG02668#1#classII	HPRC-Rest	HG02668	1	HG02668#1#JBHIIC010000010.1:28453356-33594908	4007504	4537455	+	529952
HG02668#2#classII	HPRC-Rest	HG02668	2	HG02668#2#JBHIID010000047.1:28501762-33634486	3995413	4526130	+	530718
HG02698#1#classII	HPRC-Rest	HG02698	1	HG02698#1#CM086825.1:28387663-33565022	4016375	4571117	+	554743
HG02698#2#classII	HPRC-Rest	HG02698	2	HG02698#2#CM086846.1:28436213-33571880	3999833	4529087	+	529255
HG02717#1#classII	HPRC-Rest	HG02717	1	HG02717#1#JAHAOS020000006.1:28453373-33608309	4016065	4546432	+	530368
HG02717#2#classII	HPRC-Rest	HG02717	2	HG02717#2#JAHAOR020000010.1:28390930-33657668	4019103	4660967	+	641865
HG02723#1#classII	HPRC-Rest	HG02723	1	HG02723#1#CM092031.1:28492941-33618283	3993629	4518626	+	524998
HG02723#2#classII	HPRC-Rest	HG02723	2	HG02723#2#JAHEOT020000028.1:24121290-29433497	4058853	4706228	+	647376
HG02735#1#classII	HPRC-Rest	HG02735	1	HG02735#1#JBHIII010000062.1:28453541-33709307	3999286	4646771	+	647486
HG02735#2#classII	HPRC-Rest	HG02735	2	HG02735#2#JBHIIJ010000060.1:28392355-33560534	4038164	4561779	+	523616
HG02738#1#classII	HPRC-Rest	HG02738	1	HG02738#1#JBJXQJ010000012.1:28448720-33571060	3991913	4516353	+	524441
HG02738#2#classII	HPRC-Rest	HG02738	2	HG02738#2#JBJXQK010000005.1:28378589-33465078	3956792	4480421	+	523630
HG02809#1#classII	HPRC-Rest	HG02809	1	HG02809#1#CM088345.1:28415797-33540379	3992851	4517846	+	524996
HG02809#2#classII	HPRC-Rest	HG02809	2	HG02809#2#CM088363.1:28447535-33684835	3992727	4630904	+	638178
HG02818#1#classII	HPRC-Rest	HG02818	1	HG02818#1#JAHEOS020000050.1:28390726-33610396	4080291	4613114	+	532824
HG02818#2#classII	HPRC-Rest	HG02818	2	HG02818#2#JAHEOR020000002.1:28395424-33521433	3992687	4519145	+	526459
HG02841#1#classII	HPRC-Rest	HG02841	1	HG02841#1#JBJKOG010000054.1:28472700-33602015	3991884	4523814	+	531931
HG02841#2#classII	HPRC-Rest	HG02841	2	HG02841#2#JBJKOH010000051.1:28480911-33779808	4053915	4692649	+	638735
HG02886#1#classII	HPRC-Rest	HG02886	1	HG02886#1#CM088086.1:28449049-33579727	3995002	4524561	+	529560
HG02886#2#classII	HPRC-Rest	HG02886	2	HG02886#2#CM088127.1:28408235-33704386	4044801	4686657	+	641857
HG02922#1#classII	HPRC-Rest	HG02922	1	HG02922#1#JBHDVO010000050.1:28463778-33607859	4007978	4538688	+	530711
HG02922#2#classII	HPRC-Rest	HG02922	2	HG02922#2#JBHDVP010000048.1:28393533-33529937	4064224	4529863	+	465640
HG02965#1#classII	HPRC-Rest	HG02965	1	HG02965#1#CM087346.1:28413853-33616010	4063750	4593302	+	529553
HG02965#2#classII	HPRC-Rest	HG02965	2	HG02965#2#CM087389.1:28497212-33562374	3992929	4458587	+	465659
HG02976#1#classII	HPRC-Rest	HG02976	1	HG02976#1#JBHDVW010000052.1:28458918-33596444	3977648	4531187	+	553540
HG02976#2#classII	HPRC-Rest	HG02976	2	HG02976#2#JBHDVX010000061.1:28449910-33601091	4014526	4544856	+	530331
HG02984#1#classII	HPRC-Rest	HG02984	1	HG02984#1#CM098791.1:28424082-33554288	3991137	4523395	+	532259
HG02984#2#classII	HPRC-Rest	HG02984	2	HG02984#2#CM098805.1:28288416-33435352	3997106	4540588	+	543483
HG03017#1#classII	HPRC-Rest	HG03017	1	HG03017#1#CM088912.1:28366322-33354914	3915853	4382396	+	466544
HG03017#2#classII	HPRC-Rest	HG03017	2	HG03017#2#CM088928.1:28386890-33518406	3971116	4525427	+	554312
HG03041#1#classII	HPRC-Rest	HG03041	1	HG03041#1#JBHIHQ010000010.1:28523162-33664914	4069521	4535183	+	465663
HG03041#2#classII	HPRC-Rest	HG03041	2	HG03041#2#JBHIHR010000035.1:28469379-33626082	3997557	4551421	+	553865
HG03050#1#classII	HPRC-Rest	HG03050	1	HG03050#1#CM098763.1:28357910-33541888	3935241	4577540	+	642300
HG03050#2#classII	HPRC-Rest	HG03050	2	HG03050#2#CM098777.1:28436251-33634749	4060324	4589873	+	529550
HG03098#1#classII	HPRC-Rest	HG03098	1	HG03098#1#CM092231.1:28431361-33758681	4077833	4720756	+	642924
HG03098#2#classII	HPRC-Rest	HG03098	2	HG03098#2#CM092219.1:28417176-33625650	3964189	4602906	+	638718
HG03130#1#classII	HPRC-Rest	HG03130	1	HG03130#1#JBHDWI010000052.1:28368259-33497302	3987333	4524957	+	537625
HG03130#2#classII	HPRC-Rest	HG03130	2	HG03130#2#JBHDWJ010000015.1:28300492-33501344	4061832	4595155	+	533324
HG03139#1#classII	HPRC-Rest	HG03139	1	HG03139#1#JBIEBX010000038.1:1708286-6750584	3967591	4433507	+	465917
HG03139#2#classII	HPRC-Rest	HG03139	2	HG03139#2#JBIEBY010000006.1:1675799-6810645	3988908	4529108	+	540201
HG03195#1#classII	HPRC-Rest	HG03195	1	HG03195#1#JBHDVU010000053.1:28475373-33604548	3987415	4525065	+	537651
HG03195#2#classII	HPRC-Rest	HG03195	2	HG03195#2#JBHDVV010000014.1:28451324-33606358	3995692	4549234	+	553543
HG03209#1#classII	HPRC-Rest	HG03209	1	HG03209#1#CM087213.1:28462168-33702122	3995501	4634204	+	638704
HG03209#2#classII	HPRC-Rest	HG03209	2	HG03209#2#CM087231.1:28521401-33595827	4003278	4472541	+	469264
HG03225#1#classII	HPRC-Rest	HG03225	1	HG03225#1#CM089301.1:28387857-33521155	3998986	4527595	+	528610
HG03225#2#classII	HPRC-Rest	HG03225	2	HG03225#2#CM089317.1:28460302-33665041	4061768	4598292	+	536525
HG03239#1#classII	HPRC-Rest	HG03239	1	HG03239#1#CM088748.1:28379983-33543593	3919151	4557396	+	638246
HG03239#2#classII	HPRC-Rest	HG03239	2	HG03239#2#CM088761.1:28289569-33563315	4019099	4667479	+	648381
HG03270#1#classII	HPRC-Rest	HG03270	1	HG03270#1#CM089901.1:28457303-33619918	4001910	4555452	+	553543
HG03270#2#classII	HPRC-Rest	HG03270	2	HG03270#2#CM089913.1:28461664-33600109	4002301	4531321	+	529021
HG03369#1#classII	HPRC-Rest	HG03369	1	HG03369#1#CM094384.1:28448143-33595830	4008236	4541261	+	533026
HG03369#2#classII	HPRC-Rest	HG03369	2	HG03369#2#CM094359.1:28412805-33626591	4076480	4609719	+	533240
HG03453#1#classII	HPRC-Rest	HG03453	1	HG03453#1#JAGYVW020000075.1:28403120-33611389	3960238	4602801	+	642564
HG03453#2#classII	HPRC-Rest	HG03453	2	HG03453#2#JAGYVV020000081.1:28470880-33567163	3964382	4489331	+	524950
HG03470#1#classII	HPRC-Rest	HG03470	1	HG03470#1#CM091822.1:28475508-33736647	4005553	4655671	+	650119
HG03470#2#classII	HPRC-Rest	HG03470	2	HG03470#2#CM091870.1:28404010-33497478	3952482	4489375	+	536894
HG03471#1#classII	HPRC-Rest	HG03471	1	HG03471#1#CM087523.1:28468339-33683868	3960462	4608659	+	648198
HG03471#2#classII	HPRC-Rest	HG03471	2	HG03471#2#CM087546.1:28512656-33707046	4060767	4590314	+	529548
HG03486#1#classII	HPRC-Rest	HG03486	1	HG03486#1#CM091974.1:28459101-33585338	3992605	4522156	+	529552
HG03486#2#classII	HPRC-Rest	HG03486	2	HG03486#2#CM091960.1:28459830-33596099	3997298	4527438	+	530141
HG03516#1#classII	HPRC-Rest	HG03516	1	HG03516#1#JAGYYS020000049.1:28451043-33589535	4002193	4532013	+	529821
HG03516#2#classII	HPRC-Rest	HG03516	2	HG03516#2#JAGYYT020000030.1:28478688-33696340	4077205	4610427	+	533223
HG03521#1#classII	HPRC-Rest	HG03521	1	HG03521#1#JBIREF010000004.1:28517918-33642180	3990097	4519344	+	529248
HG03521#2#classII	HPRC-Rest	HG03521	2	HG03521#2#JBIREG010000058.1:28429727-33569421	3991221	4531979	+	540759
HG03540#1#classII	HPRC-Rest	HG03540	1	HG03540#1#CM088050.1:28448847-33686414	4089470	4631510	+	542041
HG03540#2#classII	HPRC-Rest	HG03540	2	HG03540#2#CM088063.1:28474762-33566125	4018434	4485128	+	466695
HG03579#1#classII	HPRC-Rest	HG03579	1	HG03579#1#CM088945.1:28415698-33501766	3952452	4481995	+	529544
HG03579#2#classII	HPRC-Rest	HG03579	2	HG03579#2#CM089288.1:28450187-33638583	4049912	4579459	+	529548
HG03583#1#classII	HPRC-Rest	HG03583	1	HG03583#1#CM089881.1:28309910-33645117	4086250	4729502	+	643253
HG03583#2#classII	HPRC-Rest	HG03583	2	HG03583#2#CM089891.1:28443100-33514916	3994892	4467745	+	472854
HG03654#1#classII	HPRC-Rest	HG03654	1	HG03654#1#CM086836.1:28373117-33516554	4008213	4537199	+	528987
HG03654#2#classII	HPRC-Rest	HG03654	2	HG03654#2#JBHDTO010000045.1:28372677-33498093	3994632	4519104	+	524473
HG03669#1#classII	HPRC-Rest	HG03669	1	HG03669#1#JBHDTD010000072.1:28410266-33591784	4021120	4575153	+	554034
HG03669#2#classII	HPRC-Rest	HG03669	2	HG03669#2#JBHDTE010000046.1:28389062-33618253	3984715	4622696	+	637982
HG03688#1#classII	HPRC-Rest	HG03688	1	HG03688#1#JBHDTJ010000054.1:28390921-33637286	4002402	4640027	+	637626
HG03688#2#classII	HPRC-Rest	HG03688	2	HG03688#2#JBHDTK010000054.1:28442317-33604941	4001519	4556103	+	554585
HG03704#1#classII	HPRC-Rest	HG03704	1	HG03704#1#JBHDRL010000035.1:28385510-33544273	4020605	4552445	+	531841
HG03704#2#classII	HPRC-Rest	HG03704	2	HG03704#2#CM086190.1:28367307-33613199	3991778	4639667	+	647890
HG03710#1#classII	HPRC-Rest	HG03710	1	HG03710#1#CM086869.1:28406453-33664140	4002106	4650794	+	648689
HG03710#2#classII	HPRC-Rest	HG03710	2	HG03710#2#CM086882.1:28406463-33546644	4005857	4534093	+	528237
HG03742#1#classII	HPRC-Rest	HG03742	1	HG03742#1#CM087628.1:28422273-33665592	3997930	4636719	+	638790
HG03742#2#classII	HPRC-Rest	HG03742	2	HG03742#2#JBHDXM010000003.1:28462365-33593791	3982044	4524580	+	542537
HG03784#1#classII	HPRC-Rest	HG03784	1	HG03784#1#CM094174.1:28377153-33515338	4003768	4532190	+	528423
HG03784#2#classII	HPRC-Rest	HG03784	2	HG03784#2#CM094203.1:28433118-33600593	4032212	4560645	+	528434
HG03804#1#classII	HPRC-Rest	HG03804	1	HG03804#1#CM088331.1:28384562-33565798	4019310	4574235	+	554926
HG03804#2#classII	HPRC-Rest	HG03804	2	HG03804#2#CM088379.1:28362365-33467265	3943011	4498278	+	555268
HG03816#1#classII	HPRC-Rest	HG03816	1	HG03816#1#JBJXWF010000049.1:28427684-33714593	4031401	4680074	+	648674
HG03816#2#classII	HPRC-Rest	HG03816	2	HG03816#2#JBJXWG010000046.1:28406441-33636019	4086521	4623562	+	537042
HG03831#1#classII	HPRC-Rest	HG03831	1	HG03831#1#JBHDSN010000045.1:28374864-33602539	4065629	4621114	+	555486
HG03831#2#classII	HPRC-Rest	HG03831	2	HG03831#2#JBHDSO010000065.1:28430318-33704666	4113645	4667721	+	554077
HG03834#1#classII	HPRC-Rest	HG03834	1	HG03834#1#CM085797.1:28395320-33703328	4054286	4701908	+	647623
HG03834#2#classII	HPRC-Rest	HG03834	2	HG03834#2#CM085813.1:28455324-33598071	3999404	4536444	+	537041
HG03874#1#classII	HPRC-Rest	HG03874	1	HG03874#1#CM089432.1:28353581-33507962	4025525	4547835	+	522311
HG03874#2#classII	HPRC-Rest	HG03874	2	HG03874#2#CM089475.1:28434562-33680043	3991544	4639413	+	647870
HG03927#1#classII	HPRC-Rest	HG03927	1	HG03927#1#CM086636.1:28465203-33551033	3950689	4479128	+	528440
HG03927#2#classII	HPRC-Rest	HG03927	2	HG03927#2#CM086659.1:28395712-33710667	4059998	4707881	+	647884
HG03942#1#classII	HPRC-Rest	HG03942	1	HG03942#1#CM088393.1:28271517-33427607	3995078	4549670	+	554593
HG03942#2#classII	HPRC-Rest	HG03942	2	HG03942#2#CM088404.1:29036351-34210946	4012974	4567568	+	554595
HG04115#1#classII	HPRC-Rest	HG04115	1	HG04115#1#JBHDTF010000057.1:28438850-33586926	3999258	4541348	+	542091
HG04115#2#classII	HPRC-Rest	HG04115	2	HG04115#2#JBHDTG010000049.1:28423339-33670470	3992898	4640762	+	647865
HG04157#1#classII	HPRC-Rest	HG04157	1	HG04157#1#CM088414.1:28397949-33735050	4083264	4730757	+	647494
HG04157#2#classII	HPRC-Rest	HG04157	2	HG04157#2#CM088438.1:28355512-33488875	3971235	4526484	+	555250
HG04160#1#classII	HPRC-Rest	HG04160	1	HG04160#1#JBHIGW010000016.1:28356435-33564314	4059784	4601468	+	541685
HG04160#2#classII	HPRC-Rest	HG04160	2	HG04160#2#JBHIGX010000055.1:28422741-33644744	4060194	4615463	+	555270
HG04184#1#classII	HPRC-Rest	HG04184	1	HG04184#1#CM086460.1:28371226-33616523	3991019	4638896	+	647878
HG04184#2#classII	HPRC-Rest	HG04184	2	HG04184#2#CM086472.1:28433511-33770331	4081757	4730408	+	648652
HG04187#1#classII	HPRC-Rest	HG04187	1	HG04187#1#CM099742.1:28415864-33609347	4062701	4587165	+	524465
HG04187#2#classII	HPRC-Rest	HG04187	2	HG04187#2#CM099756.1:28400738-33533288	4004050	4526399	+	522350
HG04199#1#classII	HPRC-Rest	HG04199	1	HG04199#1#JBHDTH010000059.1:28382492-33668076	4037890	4676552	+	638663
HG04199#2#classII	HPRC-Rest	HG04199	2	HG04199#2#JBHDTI010000015.1:28378462-33549536	4028305	4564582	+	536278
HG04204#1#classII	HPRC-Rest	HG04204	1	HG04204#1#JBHIGY010000015.1:28376780-33510758	3973069	4527122	+	554054
HG04204#2#classII	HPRC-Rest	HG04204	2	HG04204#2#JBHIGZ010000014.1:28378310-33624751	3991592	4640260	+	648669
HG04228#1#classII	HPRC-Rest	HG04228	1	HG04228#1#CM088480.1:28407255-33566968	3999020	4552768	+	553749
HG04228#2#classII	HPRC-Rest	HG04228	2	HG04228#2#CM088508.1:28466048-33622943	3996770	4550761	+	553992
HG06807#1#classII	HPRC-Rest	HG06807	1	HG06807#1#CM101400.1:28463683-33619551	3995502	4549310	+	553809
HG06807#2#classII	HPRC-Rest	HG06807	2	HG06807#2#CM101434.1:28441503-33631596	4029632	4582343	+	552712
NA18505#1#classII	HPRC-Rest	NA18505	1	NA18505#1#JBHIJY010000048.1:28445967-33542979	3968000	4492950	+	524951
NA18505#2#classII	HPRC-Rest	NA18505	2	NA18505#2#JBHIJZ010000041.1:28452551-33607869	3995759	4549562	+	553804
NA18508#1#classII	HPRC-Rest	NA18508	1	NA18508#1#CM089650.1:28440826-33645342	4066999	4598015	+	531017
NA18508#2#classII	HPRC-Rest	NA18508	2	NA18508#2#JBHIJH010000001.1:28282775-33492562	4062533	4603046	+	540514
NA18522#1#classII	HPRC-Rest	NA18522	1	NA18522#1#CM087176.1:28457728-33607889	4013381	4543060	+	529680
NA18522#2#classII	HPRC-Rest	NA18522	2	NA18522#2#CM087191.1:28461290-33621227	4019765	4553359	+	533595
NA18879#1#classII	HPRC-Rest	NA18879	1	NA18879#1#CM099716.1:28474558-33526652	3914446	4448011	+	533566
NA18879#2#classII	HPRC-Rest	NA18879	2	NA18879#2#JBJUVN010000057.1:28495776-33652599	4019945	4552755	+	532811
NA18906#1#classII	HPRC-Rest	NA18906	1	NA18906#1#JAHEOO020000008.1:28476372-33613648	4002142	4531958	+	529817
NA18906#2#classII	HPRC-Rest	NA18906	2	NA18906#2#JAHEON020000009.1:28400633-33549040	4009897	4542023	+	532127
NA19036#1#classII	HPRC-Rest	NA19036	1	NA19036#1#JBHIJM010000039.1:28463923-33608059	4005370	4540067	+	534698
NA19036#2#classII	HPRC-Rest	NA19036	2	NA19036#2#CM089740.1:28304850-33443783	4002306	4532128	+	529823
NA19043#1#classII	HPRC-Rest	NA19043	1	NA19043#1#CM087046.1:28457117-33603533	4009170	4539879	+	530710
NA19043#2#classII	HPRC-Rest	NA19043	2	NA19043#2#CM087072.1:28298892-33447476	4011819	4542517	+	530699
NA19159#1#classII	HPRC-Rest	NA19159	1	NA19159#1#JBJXQL010000007.1:28425942-33548809	3985942	4518779	+	532838
NA19159#2#classII	HPRC-Rest	NA19159	2	NA19159#2#JBJXQM010000009.1:28479051-33767425	4035087	4681697	+	646611
NA19185#1#classII	HPRC-Rest	NA19185	1	NA19185#1#CM087724.1:28452686-33600537	4010200	4543428	+	533229
NA19185#2#classII	HPRC-Rest	NA19185	2	NA19185#2#CM087740.1:28365127-33559133	4060371	4589921	+	529551
NA19240#1#classII	HPRC-Rest	NA19240	1	NA19240#1#JAHEOM020000002.1:28462857-33656907	4061510	4589973	+	528464
NA19240#2#classII	HPRC-Rest	NA19240	2	NA19240#2#CM099616.1:28279408-33546879	4106354	4660679	+	554326
NA19338#1#classII	HPRC-Rest	NA19338	1	NA19338#1#CM087758.1:28448969-33579906	3991858	4522415	+	530558
NA19338#2#classII	HPRC-Rest	NA19338	2	NA19338#2#CM087775.1:28453026-33605437	3991662	4545458	+	553797
NA19391#1#classII	HPRC-Rest	NA19391	1	NA19391#1#CM087790.1:28288674-33392322	3963023	4495129	+	532107
NA19391#2#classII	HPRC-Rest	NA19391	2	NA19391#2#CM087804.1:28295746-33396359	3968161	4493177	+	525017
NA19443#1#classII	HPRC-Rest	NA19443	1	NA19443#1#CM089448.1:28448109-33623879	4039577	4569260	+	529684
NA19443#2#classII	HPRC-Rest	NA19443	2	NA19443#2#CM089461.1:28435491-33566565	4062789	4524169	+	461381
NA19468#1#classII	HPRC-Rest	NA19468	1	NA19468#1#JBHDXX010000056.1:28478972-33624126	3995129	4538479	+	543351
NA19468#2#classII	HPRC-Rest	NA19468	2	NA19468#2#JBHDXY010000045.1:28382628-33499947	3980499	4508572	+	528074
NA19682#1#classII	HPRC-Rest	NA19682	1	NA19682#1#CM094150.1:28411407-33568676	4020420	4550900	+	530481
NA19682#2#classII	HPRC-Rest	NA19682	2	NA19682#2#CM094164.1:28463959-33644888	4050458	4574488	+	524031
NA19700#1#classII	HPRC-Rest	NA19700	1	NA19700#1#CM089621.1:28376765-33517479	4000699	4533385	+	532687
NA19700#2#classII	HPRC-Rest	NA19700	2	NA19700#2#CM089638.1:28426616-33709243	4033836	4676102	+	642267
NA19776#1#classII	HPRC-Rest	NA19776	1	NA19776#1#CM094012.1:28385884-33702873	4072363	4710635	+	638273
NA19776#2#classII	HPRC-Rest	NA19776	2	NA19776#2#CM094049.1:28416676-33523673	3970091	4500620	+	530530
NA19835#1#classII	HPRC-Rest	NA19835	1	NA19835#1#CM094026.1:28418644-33486956	3995478	4461133	+	465656
NA19835#2#classII	HPRC-Rest	NA19835	2	NA19835#2#CM094035.1:28457594-33528933	3929976	4464045	+	534070
NA19909#1#classII	HPRC-Rest	NA19909	1	NA19909#1#JBIRDH010000012.1:28412877-33619076	4072577	4602128	+	529552
NA19909#2#classII	HPRC-Rest	NA19909	2	NA19909#2#JBIRDI010000053.1:28451896-33658066	4072551	4602102	+	529552
NA20129#1#classII	HPRC-Rest	NA20129	1	NA20129#1#JAHEPE020000006.1:162-4816795	3681239	4210207	+	528969
NA20129#2#classII	HPRC-Rest	NA20129	2	NA20129#2#CM092121.1:28370806-33473927	3965850	4496176	+	530327
NA20282#1#classII	HPRC-Rest	NA20282	1	NA20282#1#JBIRDT010000005.1:1683408-6782988	4032333	4493333	+	461001
NA20282#2#classII	HPRC-Rest	NA20282	2	NA20282#2#JBIRDU010000003.1:1683297-6763868	3946950	4476499	+	529550
NA20346#1#classII	HPRC-Rest	NA20346	1	NA20346#1#CM094251.1:28457185-33666384	4062256	4602762	+	540507
NA20346#2#classII	HPRC-Rest	NA20346	2	NA20346#2#CM094262.1:28410681-33542038	3995676	4525885	+	530210
NA20503#1#classII	HPRC-Rest	NA20503	1	NA20503#1#CM102459.1:28379297-33541270	4018782	4555651	+	536870
NA20503#2#classII	HPRC-Rest	NA20503	2	NA20503#2#CM102476.1:28357590-33489275	4002451	4524742	+	522292
NA20752#1#classII	HPRC-Rest	NA20752	1	NA20752#1#CM099770.1:28378820-33526332	4004512	4540779	+	536268
NA20752#2#classII	HPRC-Rest	NA20752	2	NA20752#2#CM099783.1:28398107-33586251	3936681	4581648	+	644968
NA20762#1#classII	HPRC-Rest	NA20762	1	NA20762#1#CM102512.1:28400125-33568157	4022944	4561160	+	538217
NA20762#2#classII	HPRC-Rest	NA20762	2	NA20762#2#CM102528.1:28437013-33575799	4002423	4531992	+	529570
NA20799#1#classII	HPRC-Rest	NA20799	1	NA20799#1#CM098688.1:28368547-33505653	4008751	4530914	+	522164
NA20799#2#classII	HPRC-Rest	NA20799	2	NA20799#2#CM098717.1:28381748-33532360	4007521	4544058	+	536538
NA20805#1#classII	HPRC-Rest	NA20805	1	NA20805#1#CM091887.1:28444744-33554804	3975556	4503000	+	527445
NA20805#2#classII	HPRC-Rest	NA20805	2	NA20805#2#CM091899.1:28375930-33456966	3952406	4474553	+	522148
NA20806#1#classII	HPRC-Rest	NA20806	1	NA20806#1#CM102442.1:28404226-33564454	3999573	4553340	+	553768
NA20806#2#classII	HPRC-Rest	NA20806	2	NA20806#2#CM102496.1:28385854-33548009	4001975	4555711	+	553737
NA20809#1#classII	HPRC-Rest	NA20809	1	NA20809#1#CM094332.1:28435710-33676068	3994616	4633449	+	638834
NA20809#2#classII	HPRC-Rest	NA20809	2	NA20809#2#CM094351.1:28373506-33544564	4027172	4564211	+	537040
NA20827#1#classII	HPRC-Rest	NA20827	1	NA20827#1#CM102544.1:28306620-33546886	3987177	4634750	+	647574
NA20827#2#classII	HPRC-Rest	NA20827	2	NA20827#2#CM102564.1:28454949-33740832	4031935	4679517	+	647583
NA20850#1#classII	HPRC-Rest	NA20850	1	NA20850#1#CM094293.1:28390909-33636624	3991466	4639309	+	647844
NA20850#2#classII	HPRC-Rest	NA20850	2	NA20850#2#CM094307.1:28446289-33597788	3988823	4545145	+	556323
NA20870#1#classII	HPRC-Rest	NA20870	1	NA20870#1#JBHIJK010000014.1:28358726-33487328	3991590	4521731	+	530142
NA20870#2#classII	HPRC-Rest	NA20870	2	NA20870#2#JBHIJL010000043.1:28382928-33533945	3990011	4544602	+	554592
NA20905#1#classII	HPRC-Rest	NA20905	1	NA20905#1#CM087474.1:28381582-33489243	3978670	4501053	+	522384
NA20905#2#classII	HPRC-Rest	NA20905	2	NA20905#2#CM087508.1:28378316-33558408	4019705	4573773	+	554069
NA21093#1#classII	HPRC-Rest	NA21093	1	NA21093#1#JBHIJC010000009.1:28380468-33627383	3992179	4640050	+	647872
NA21093#2#classII	HPRC-Rest	NA21093	2	NA21093#2#JBHIJD010000010.1:28371658-33502471	3981830	4523956	+	542127
NA21102#1#classII	HPRC-Rest	NA21102	1	NA21102#1#CM094427.1:28372690-33545460	4024192	4566614	+	542423
NA21102#2#classII	HPRC-Rest	NA21102	2	NA21102#2#CM094447.1:28385953-33511436	3994640	4519134	+	524495
NA21106#1#classII	HPRC-Rest	NA21106	1	NA21106#1#JBHIJA010000045.1:28388869-33551331	4000940	4555551	+	554612
NA21106#2#classII	HPRC-Rest	NA21106	2	NA21106#2#CM089587.1:28353662-33542210	4027418	4581692	+	554275
NA21110#1#classII	HPRC-Rest	NA21110	1	NA21110#1#CM089667.1:28379039-33461462	3953649	4475918	+	522270
NA21110#2#classII	HPRC-Rest	NA21110	2	NA21110#2#CM089683.1:28365916-33548287	4021246	4575514	+	554269
NA21144#1#classII	HPRC-Rest	NA21144	1	NA21144#1#JBIRDF010000052.1:22531832-27777573	3991705	4639586	+	647882
NA21144#2#classII	HPRC-Rest	NA21144	2	NA21144#2#JBIRDG010000005.1:14666330-19853787	4057453	4581072	+	523620
NA21309#1#classII	HPRC-Rest	NA21309	1	NA21309#1#CM092109.1:28406600-33562487	3994913	4548672	+	553760
NA21309#2#classII	HPRC-Rest	NA21309	2	NA21309#2#CM092100.1:28345467-33471001	3987959	4518208	+	530250
NA18940.JaSaPaGe#1#classII	JaSaPaGe-Japanese	NA18940.JaSaPaGe	1	NA18940.JaSaPaGe#1#h1tg000082l:22521073-27655405_rc	3973413	4527480	+	554068
NA18940.JaSaPaGe#2#classII	JaSaPaGe-Japanese	NA18940.JaSaPaGe	2	NA18940.JaSaPaGe#2#h2tg000159l:514-4713306	3639906	4106455	+	466550
NA18943.JaSaPaGe#1#classII	JaSaPaGe-Japanese	NA18943.JaSaPaGe	1	NA18943.JaSaPaGe#1#CM101660.1:28426731-33491938	3992642	4459347	+	466706
NA18943.JaSaPaGe#2#classII	JaSaPaGe-Japanese	NA18943.JaSaPaGe	2	NA18943.JaSaPaGe#2#CM101689.1:28413016-33476747	3990106	4456836	+	466731
NA18945.JaSaPaGe#1#classII	JaSaPaGe-Japanese	NA18945.JaSaPaGe	1	NA18945.JaSaPaGe#1#h1tg000007l:25526793-30826391_rc	4054236	4693733	+	639498
NA18945.JaSaPaGe#2#classII	JaSaPaGe-Japanese	NA18945.JaSaPaGe	2	NA18945.JaSaPaGe#2#h2tg000002l:28368005-33554919	4049796	4580027	+	530232
NA18952.JaSaPaGe#1#classII	JaSaPaGe-Japanese	NA18952.JaSaPaGe	1	NA18952.JaSaPaGe#1#h1tg000063l:25586722-30891845_rc	4059805	4699297	+	639493
NA18952.JaSaPaGe#2#classII	JaSaPaGe-Japanese	NA18952.JaSaPaGe	2	NA18952.JaSaPaGe#2#JBHIJT010000011.1:27989065-33294169	4059736	4699228	+	639493
NA18970.JaSaPaGe#1#classII	JaSaPaGe-Japanese	NA18970.JaSaPaGe	1	NA18970.JaSaPaGe#1#CM101469.1:28338191-33472849	3999284	4528824	+	529541
NA18970.JaSaPaGe#2#classII	JaSaPaGe-Japanese	NA18970.JaSaPaGe	2	NA18970.JaSaPaGe#2#CM101481.1:28437781-33628491	3947059	4584576	+	637518
NA18990#1#classII	JaSaPaGe-Japanese	NA18990	1	NA18990#1#h1tg000053l:1684255-6870690	4049870	4580120	+	530251
NA18990#2#classII	JaSaPaGe-Japanese	NA18990	2	NA18990#2#h2tg000012l:28380706-33571283	3943375	4583988	+	640614
NA19007#1#classII	JaSaPaGe-Japanese	NA19007	1	NA19007#1#h1tg000006l:27239246-32454334_rc	3969460	4608687	+	639228
NA19007#2#classII	JaSaPaGe-Japanese	NA19007	2	NA19007#2#h2tg000001l:28406882-33472999	3992841	4459542	+	466702
NA19066#1#classII	JaSaPaGe-Japanese	NA19066	1	NA19066#1#h1tg000041l:28321019-33454057	3973121	4527160	+	554040
NA19066#2#classII	JaSaPaGe-Japanese	NA19066	2	NA19066#2#h2tg000023l:28379592-33689338	4056603	4704194	+	647592
NA19079#1#classII	JaSaPaGe-Japanese	NA19079	1	NA19079#1#h1tg000041l:25967753-30989063_rc	3776697	4414911	+	638215
NA19079#2#classII	JaSaPaGe-Japanese	NA19079	2	NA19079#2#h2tg000002l:1677209-6863053	4049888	4580133	+	530246
NA19088#1#classII	JaSaPaGe-Japanese	NA19088	1	NA19088#1#h1tg000014l:26283350-31418977_rc	3998376	4528693	+	530318
NA19088#2#classII	JaSaPaGe-Japanese	NA19088	2	NA19088#2#h2tg000004l:139364569-144598705_rc	3988328	4627133	+	638806
ksa001#1#classII	JaSaPaGe-Saudi	ksa001	1	ksa001#1#P01_compress.k30.hapmer-0000008:28390148-33635536	3999759	4638493	+	638735
ksa001#2#classII	JaSaPaGe-Saudi	ksa001	2	ksa001#2#P02_compress.k30.hapmer-0000137:138158892-143358025_rc	4070047	4592250	+	522204
ksa002#1#classII	JaSaPaGe-Saudi	ksa002	1	ksa002#1#h1tg000032l:22528800-27353974_rc	3680758	4218775	+	538018
ksa002#2#classII	JaSaPaGe-Saudi	ksa002	2	ksa002#2#h2tg000047l:28364582-33489388	3991672	4515254	+	523583
ksa003#1#classII	JaSaPaGe-Saudi	ksa003	1	ksa003#1#h1tg000003l:26282372-31531568_rc	4004202	4642218	+	638017
ksa003#2#classII	JaSaPaGe-Saudi	ksa003	2	ksa003#2#h2tg000004l:28111634-33359120_rc	4002487	4641604	+	639118
ksa004#1#classII	JaSaPaGe-Saudi	ksa004	1	ksa004#1#h1tg000606l:1559-2019480_rc	929975	1462096	+	532122
ksa004#2#classII	JaSaPaGe-Saudi	ksa004	2	ksa004#2#h2tg000267l:728-1057414_rc	252898	783748	+	530851
ksa005#1#classII	JaSaPaGe-Saudi	ksa005	1	ksa005#1#h1tg000012l:28289164-33471875	4043782	4575840	+	532059
ksa005#2#classII	JaSaPaGe-Saudi	ksa005	2	ksa005#2#h2tg000015l:28455196-33802696	4102676	4740657	+	637982
ksa006#1#classII	JaSaPaGe-Saudi	ksa006	1	ksa006#1#h1tg000023l:24976893-30234320_rc	4001750	4650935	+	649186
ksa006#2#classII	JaSaPaGe-Saudi	ksa006	2	ksa006#2#h2tg000156l:3140686-4857840_rc	472844	1110228	+	637385
ksa007#1#classII	JaSaPaGe-Saudi	ksa007	1	ksa007#1#h1tg000051l:6349428-11505741_rc	4017405	4549498	+	532094
ksa007#2#classII	JaSaPaGe-Saudi	ksa007	2	ksa007#2#h2tg000027l:3344535-8478308	3973083	4527158	+	554076
ksa008#1#classII	JaSaPaGe-Saudi	ksa008	1	ksa008#1#h1tg000006l:28325815-33557944	3976747	4625281	+	648535
ksa008#2#classII	JaSaPaGe-Saudi	ksa008	2	ksa008#2#h2tg000040l:26875251-31991332_rc	3980981	4510263	+	529283
ksa009#1#classII	JaSaPaGe-Saudi	ksa009	1	ksa009#1#h1tg000085l:13174598-14754728_rc	334844	974059	+	639216
ksa009#2#classII	JaSaPaGe-Saudi	ksa009	2	ksa009#2#h2tg000180l:126-2719313_rc	1602417	2124596	+	522180
KOREF1#1#classII	KPanRef-Korean	KOREF1	1	KOREF1#1#chr6_85671:28288069-33527843	3993183	4633857	+	640675
KOREF1#2#classII	KPanRef-Korean	KOREF1	2	KOREF1#2#chr6_93216:28299861-33486856	4049806	4580061	+	530256
KOREF2#1#classII	KPanRef-Korean	KOREF2	1	KOREF2#1#Unplaced_h1tg000017l_2237953:24965590-30159345_rc	4057559	4586985	+	529427
KOREF2#2#classII	KPanRef-Korean	KOREF2	2	KOREF2#2#Unplaced_h2tg000026l_88481:28271060-33401074	4000764	4522949	+	522186
KPanRef-071#1#classII	KPanRef-Korean	KPanRef-071	1	KPanRef-071#1#Unplaced_h1tg000003l_114042770:24917513-29983750_rc	3993053	4459740	+	466688
KPanRef-071#2#classII	KPanRef-Korean	KPanRef-071	2	KPanRef-071#2#Unplaced_h2tg000014l_93768:28304957-33536275	4071182	4624928	+	553747
KPanRef-072#1#classII	KPanRef-Korean	KPanRef-072	1	KPanRef-072#1#Unplaced_h1tg000009l_150514:28287169-33594415	4054101	4701694	+	647594
KPanRef-072#2#classII	KPanRef-Korean	KPanRef-072	2	KPanRef-072#2#Unplaced_h2tg000010l_88675:28260606-33499306	3992159	4632857	+	640699
KPanRef-073#1#classII	KPanRef-Korean	KPanRef-073	1	KPanRef-073#1#Unplaced_h1tg000024l_134765:28276974-33409736	3983345	4525758	+	542414
KPanRef-073#2#classII	KPanRef-Korean	KPanRef-073	2	KPanRef-073#2#Unplaced_h2tg000022l_97593:28283212-33436845	4025379	4547765	+	522387
KPanRef-074#1#classII	KPanRef-Korean	KPanRef-074	1	KPanRef-074#1#Unplaced_h1tg000001l_114533789:24969372-30048015_rc	3944613	4472990	+	528378
KPanRef-074#2#classII	KPanRef-Korean	KPanRef-074	2	KPanRef-074#2#Unplaced_h2tg000011l_115279241:24957451-30204750_rc	4003262	4641526	+	638265
KPanRef-075#1#classII	KPanRef-Korean	KPanRef-075	1	KPanRef-075#1#Unplaced_h1tg000004l_92225:28285449-33448865	4003510	4556579	+	553070
KPanRef-075#2#classII	KPanRef-Korean	KPanRef-075	2	KPanRef-075#2#Unplaced_h2tg000001l_113483410:24951192-30017318_rc	3992606	4460549	+	467944
KPanRef-076#1#classII	KPanRef-Korean	KPanRef-076	1	KPanRef-076#1#Unplaced_h1tg000013l_113155204:24959153-30136228_rc	4017451	4570290	+	552840
KPanRef-076#2#classII	KPanRef-Korean	KPanRef-076	2	KPanRef-076#2#Unplaced_h2tg000010l_154444:28276223-33472018	3952643	4590249	+	637607
KPanRef-076-M#1#classII	KPanRef-Korean	KPanRef-076-M	1	KPanRef-076-M#1#Unplaced_h1tg000027l_2825028:24973969-30280824_rc	4053787	4701367	+	647581
KPanRef-076-M#2#classII	KPanRef-Korean	KPanRef-076-M	2	KPanRef-076-M#2#Unplaced_h2tg000025l_2760357:24964198-30160929_rc	3952714	4589987	+	637274
KPanRef-076-P#1#classII	KPanRef-Korean	KPanRef-076-P	1	KPanRef-076-P#1#Unplaced_h1tg000017l_88124:28282601-33357961	4002108	4468866	+	466759
KPanRef-076-P#2#classII	KPanRef-Korean	KPanRef-076-P	2	KPanRef-076-P#2#Unplaced_h2tg000017l_137908:28277062-33454172	4017418	4570263	+	552846
KPanRef-077#1#classII	KPanRef-Korean	KPanRef-077	1	KPanRef-077#1#Unplaced_h1tg000001l_137091:28284173-33492210	3960240	4600926	+	640687
KPanRef-077#2#classII	KPanRef-Korean	KPanRef-077	2	KPanRef-077#2#Unplaced_h2tg000012l_78944:28291410-33360216	3996161	4462917	+	466757
KPanRef-078#1#classII	KPanRef-Korean	KPanRef-078	1	KPanRef-078#1#Unplaced_h1tg000001l_114758335:24960658-30030886_rc	3932974	4464664	+	531691
KPanRef-078#2#classII	KPanRef-Korean	KPanRef-078	2	KPanRef-078#2#Unplaced_h2tg000009l_0:3358197-8522429	4033970	4557563	+	523594
KPanRef-079#1#classII	KPanRef-Korean	KPanRef-079	1	KPanRef-079#1#Unplaced_h1tg000005l_91609:28264818-33599109	4080476	4727962	+	647487
KPanRef-079#2#classII	KPanRef-Korean	KPanRef-079	2	KPanRef-079#2#Unplaced_h2tg000026l_4253567:24954773-30064329_rc	3972945	4503765	+	530821
KPanRef-080#1#classII	KPanRef-Korean	KPanRef-080	1	KPanRef-080#1#Unplaced_h1tg000006l_134640:28341348-33585111	3999137	4637922	+	638786
KPanRef-080#2#classII	KPanRef-Korean	KPanRef-080	2	KPanRef-080#2#Unplaced_h2tg000008l_103230300:24952389-30156782_rc	3957487	4598153	+	640667
GRCh38#0#classII	REF	GRCh38	0	GRCh38#0#chr6:28410701-33580488	4008892	4562672	+	553781
chm13#0#classII	REF	chm13	0	chm13#0#chr6:28282159-33401678	3990358	4512532	+	522175
