#ctg	length	repeat_bundle_count	repeat_bundle_sum	repeat_bundle_percentage	repeat_bundle_mean	repeat_bundle_min	repeat_bundle_max	non_repeat_bundle_count	non_repeat_bundle_sum	non_repeat_bundle_percentage	non_repeat_bundle_mean	non_repeat_bundle_min	non_repeat_bundle_max	total_bundle_count	total_bundle_coverage_percentage
GRCh38#0#classII	553781	0	0	0	NA	NA	NA	243	456128	82.366135	1877.07	503	46165	243	82.366135
HG00097#1#classII	553783	0	0	0	NA	NA	NA	243	455910	82.32647	1876.1729	503	46183	243	82.32647
HG00097#2#classII	529478	0	0	0	NA	NA	NA	202	408002	77.0574	2019.8119	502	46181	202	77.0574
HG00099#1#classII	522546	0	0	0	NA	NA	NA	214	415034	79.425354	1939.4113	502	46180	214	79.425354
HG00099#2#classII	527820	0	0	0	NA	NA	NA	210	399601	75.70782	1902.8619	502	46180	210	75.70782
HG00126#1#classII	528014	0	0	0	NA	NA	NA	201	398818	75.53171	1984.1692	503	46178	201	75.53171
HG00126#2#classII	648579	0	0	0	NA	NA	NA	271	509299	78.52536	1879.3322	502	46108	271	78.52536
HG00128#1#classII	536231	0	0	0	NA	NA	NA	218	420962	78.50385	1931.0183	502	46092	218	78.50385
HG00128#2#classII	528406	0	0	0	NA	NA	NA	201	404305	76.514084	2011.4677	502	46184	201	76.514084
HG00133#1#classII	529630	0	0	0	NA	NA	NA	198	391547	73.928406	1977.5101	503	46185	198	73.928406
HG00133#2#classII	638347	0	0	0	NA	NA	NA	258	518275	81.19017	2008.8179	503	46166	258	81.19017
HG00140#1#classII	537687	0	0	0	NA	NA	NA	221	419570	78.03239	1898.5068	502	46184	221	78.03239
HG00140#2#classII	529234	0	0	0	NA	NA	NA	214	402039	75.96621	1878.6869	502	46166	214	75.96621
HG00146#1#classII	528543	0	0	0	NA	NA	NA	213	408018	77.19675	1915.5775	502	46174	213	77.19675
HG00146#2#classII	537043	0	0	0	NA	NA	NA	222	429470	79.96939	1934.5496	502	46183	222	79.96939
HG00232#1#classII	553190	0	0	0	NA	NA	NA	239	454305	82.12459	1900.8578	503	46181	239	82.12459
HG00232#2#classII	528246	0	0	0	NA	NA	NA	203	400205	75.7611	1971.4532	502	46179	203	75.7611
HG00235#1#classII	638750	0	0	0	NA	NA	NA	263	518428	81.162895	1971.2091	503	46100	263	81.162895
HG00235#2#classII	639040	0	0	0	NA	NA	NA	265	518333	81.1112	1955.9736	503	46179	265	81.1112
HG00253#1#classII	529214	0	0	0	NA	NA	NA	201	405137	76.554474	2015.6069	502	46180	201	76.554474
HG00253#2#classII	553791	0	0	0	NA	NA	NA	243	456139	82.36663	1877.1152	503	46166	243	82.36663
HG00272#1#classII	531823	0	0	0	NA	NA	NA	207	397307	74.70662	1919.3575	501	46183	207	74.70662
HG00272#2#classII	527819	0	0	0	NA	NA	NA	210	399650	75.71725	1903.0952	502	46180	210	75.71725
HG00280#1#classII	529487	0	0	0	NA	NA	NA	202	404599	76.4134	2002.9653	502	46179	202	76.4134
HG00280#2#classII	527818	0	0	0	NA	NA	NA	209	398963	75.58723	1908.9138	502	46180	209	75.58723
HG00290#1#classII	537034	0	0	0	NA	NA	NA	222	429347	79.94782	1933.9955	502	46183	222	79.94782
HG00290#2#classII	537042	0	0	0	NA	NA	NA	222	429471	79.96973	1934.5541	502	46182	222	79.96973
HG00320#1#classII	466851	0	0	0	NA	NA	NA	166	346378	74.19455	2086.6145	503	46177	166	74.19455
HG00320#2#classII	466544	0	0	0	NA	NA	NA	166	344256	73.788536	2073.8313	503	46164	166	73.788536
HG00321#1#classII	552087	0	0	0	NA	NA	NA	229	445661	80.72297	1946.1179	503	46169	229	80.72297
HG00321#2#classII	466842	0	0	0	NA	NA	NA	169	347238	74.380196	2054.6628	503	46183	169	74.380196
HG00323#1#classII	530413	0	0	0	NA	NA	NA	202	392974	74.0883	1945.4159	503	46180	202	74.0883
HG00323#2#classII	553767	0	0	0	NA	NA	NA	243	455988	82.34293	1876.4938	503	46113	243	82.34293
HG00329#1#classII	528464	0	0	0	NA	NA	NA	210	399301	75.55879	1901.4333	503	46177	210	75.55879
HG00329#2#classII	536901	0	0	0	NA	NA	NA	218	423450	78.869286	1942.4312	502	46176	218	78.869286
HG00344#1#classII	552991	0	0	0	NA	NA	NA	237	451935	81.72556	1906.8987	503	46177	237	81.72556
HG00344#2#classII	553772	0	0	0	NA	NA	NA	243	455837	82.314926	1875.8724	503	46113	243	82.314926
HG00350#1#classII	537038	0	0	0	NA	NA	NA	222	429462	79.96864	1934.5135	502	46182	222	79.96864
HG00350#2#classII	637439	0	0	0	NA	NA	NA	264	520102	81.59244	1970.0834	503	46186	264	81.59244
HG00408#1#classII	531702	0	0	0	NA	NA	NA	209	420766	79.13568	2013.2345	501	46166	209	79.13568
HG00408#2#classII	553469	0	0	0	NA	NA	NA	233	446070	80.5953	1914.4635	503	46165	233	80.5953
HG00423#1#classII	640703	0	0	0	NA	NA	NA	269	525005	81.942024	1951.6914	503	46179	269	81.942024
HG00423#2#classII	466710	0	0	0	NA	NA	NA	163	345172	73.958565	2117.6196	502	46166	163	73.958565
HG00438#1#classII	530203	0	0	0	NA	NA	NA	212	409002	77.14064	1929.2548	502	46164	212	77.14064
HG00438#2#classII	638284	0	0	0	NA	NA	NA	259	516103	80.857895	1992.6757	503	46167	259	80.857895
HG005#1#classII	638156	0	0	0	NA	NA	NA	259	514161	80.5698	1985.1776	503	46179	259	80.5698
HG005#2#classII	639257	0	0	0	NA	NA	NA	266	523943	81.96124	1969.7106	503	46165	266	81.96124
HG00544#1#classII	640699	0	0	0	NA	NA	NA	269	525455	82.01277	1953.3643	503	46167	269	82.01277
HG00544#2#classII	640699	0	0	0	NA	NA	NA	269	525455	82.01277	1953.3643	503	46167	269	82.01277
HG00558#1#classII	638828	0	0	0	NA	NA	NA	262	519417	81.3078	1982.5077	503	46164	262	81.3078
HG00558#2#classII	542421	0	0	0	NA	NA	NA	208	417624	76.99259	2007.8077	504	46166	208	76.99259
HG00597#1#classII	525782	0	0	0	NA	NA	NA	196	394478	75.02691	2012.6428	501	46095	196	75.02691
HG00597#2#classII	522190	0	0	0	NA	NA	NA	213	413890	79.26042	1943.1455	501	46157	213	79.26042
HG00609#1#classII	553049	0	0	0	NA	NA	NA	240	455670	82.392334	1898.625	503	46179	240	82.392334
HG00609#2#classII	638647	0	0	0	NA	NA	NA	262	516861	80.930626	1972.752	503	46189	262	80.930626
HG00621#1#classII	639270	0	0	0	NA	NA	NA	266	524002	81.96881	1969.9324	503	46180	266	81.96881
HG00621#2#classII	522365	0	0	0	NA	NA	NA	213	415553	79.55223	1950.953	502	46182	213	79.55223
HG00639#1#classII	638765	0	0	0	NA	NA	NA	262	517806	81.063614	1976.3588	503	46182	262	81.063614
HG00639#2#classII	637163	0	0	0	NA	NA	NA	264	526718	82.66613	1995.1439	503	46176	264	82.66613
HG00642#1#classII	525065	0	0	0	NA	NA	NA	221	405266	77.18397	1833.7828	502	46184	221	77.18397
HG00642#2#classII	529018	0	0	0	NA	NA	NA	214	409366	77.38224	1912.9253	502	46106	214	77.38224
HG00658#1#classII	466743	0	0	0	NA	NA	NA	164	345508	74.02532	2106.756	502	46165	164	74.02532
HG00658#2#classII	532697	0	0	0	NA	NA	NA	207	408237	76.63587	1972.1594	503	46177	207	76.63587
HG00673#1#classII	522365	0	0	0	NA	NA	NA	215	416560	79.745	1937.4884	501	46167	215	79.745
HG00673#2#classII	467011	0	0	0	NA	NA	NA	163	346194	74.12973	2123.8896	503	46096	163	74.12973
HG00706#1#classII	554146	0	0	0	NA	NA	NA	233	451604	81.49549	1938.2146	502	46178	233	81.49549
HG00706#2#classII	553219	0	0	0	NA	NA	NA	239	456032	82.43246	1908.0837	503	46177	239	82.43246
HG00733#1#classII	522166	0	0	0	NA	NA	NA	213	412906	79.07562	1938.5259	502	46183	213	79.07562
HG00733#2#classII	525040	0	0	0	NA	NA	NA	221	405393	77.21183	1834.3574	501	46189	221	77.21183
HG00735#1#classII	536557	0	0	0	NA	NA	NA	217	421151	78.49138	1940.788	502	46180	217	78.49138
HG00735#2#classII	638801	0	0	0	NA	NA	NA	265	519920	81.38998	1961.9623	503	46166	265	81.38998
HG00738#1#classII	527817	0	0	0	NA	NA	NA	210	399654	75.71829	1903.1143	502	46178	210	75.71829
HG00738#2#classII	531818	0	0	0	NA	NA	NA	206	396584	74.57137	1925.165	501	46184	206	74.57137
HG00741#1#classII	522239	0	0	0	NA	NA	NA	210	411153	78.7289	1957.8715	502	46175	210	78.7289
HG00741#2#classII	525907	0	0	0	NA	NA	NA	208	401707	76.38366	1931.2837	503	46184	208	76.38366
HG01071#1#classII	648656	0	0	0	NA	NA	NA	271	509232	78.50571	1879.0848	502	46177	271	78.50571
HG01071#2#classII	523598	0	0	0	NA	NA	NA	216	404159	77.1888	1871.1064	501	46181	216	77.1888
HG01074#1#classII	552997	0	0	0	NA	NA	NA	237	452134	81.76066	1907.7384	503	46180	237	81.76066
HG01074#2#classII	648531	0	0	0	NA	NA	NA	271	509252	78.523926	1879.1587	502	46108	271	78.523926
HG01081#1#classII	521905	0	0	0	NA	NA	NA	210	406289	77.84731	1934.7095	503	46183	210	77.84731
HG01081#2#classII	529016	0	0	0	NA	NA	NA	214	409364	77.38216	1912.9159	502	46106	214	77.38216
HG01099#1#classII	648569	0	0	0	NA	NA	NA	271	509093	78.49481	1878.5719	502	46191	271	78.49481
HG01099#2#classII	648548	0	0	0	NA	NA	NA	271	509132	78.503365	1878.7158	502	46181	271	78.503365
HG01106#1#classII	525014	0	0	0	NA	NA	NA	221	405180	77.17509	1833.3937	502	46183	221	77.17509
HG01106#2#classII	524863	0	0	0	NA	NA	NA	213	412438	78.580124	1936.3286	501	46104	213	78.580124
HG01109#1#classII	467588	0	0	0	NA	NA	NA	165	342963	73.34726	2078.5637	503	46166	165	73.34726
HG01109#2#classII	536528	0	0	0	NA	NA	NA	219	416023	77.53985	1899.6484	502	46182	219	77.53985
HG01123#1#classII	646796	0	0	0	NA	NA	NA	277	526741	81.43851	1901.592	503	46105	277	81.43851
HG01123#2#classII	532831	0	0	0	NA	NA	NA	213	405101	76.028046	1901.8826	501	46180	213	76.028046
HG01150#1#classII	555297	0	0	0	NA	NA	NA	230	458602	82.5868	1993.9218	503	46183	230	82.5868
HG01150#2#classII	530946	0	0	0	NA	NA	NA	209	414833	78.13092	1984.8469	502	46181	209	78.13092
HG01167#1#classII	638809	0	0	0	NA	NA	NA	264	519178	81.272804	1966.5834	503	46181	264	81.272804
HG01167#2#classII	553765	0	0	0	NA	NA	NA	244	456507	82.43695	1870.9303	503	46113	244	82.43695
HG01175#1#classII	553784	0	0	0	NA	NA	NA	243	456132	82.36641	1877.0864	503	46166	243	82.36641
HG01175#2#classII	537045	0	0	0	NA	NA	NA	222	429356	79.94786	1934.036	502	46183	222	79.94786
HG01192#1#classII	466553	0	0	0	NA	NA	NA	168	345882	74.13563	2058.8215	503	46178	168	74.13563
HG01192#2#classII	523616	0	0	0	NA	NA	NA	220	410091	78.31904	1864.05	501	46178	220	78.31904
HG01243#1#classII	530128	0	0	0	NA	NA	NA	200	389716	73.513565	1948.58	503	46109	200	73.513565
HG01243#2#classII	531871	0	0	0	NA	NA	NA	207	397368	74.71135	1919.6522	501	46179	207	74.71135
HG01252#1#classII	638768	0	0	0	NA	NA	NA	263	518465	81.166405	1971.3499	503	46178	263	81.166405
HG01252#2#classII	638231	0	0	0	NA	NA	NA	260	518639	81.261955	1994.7654	503	46164	260	81.261955
HG01255#1#classII	531844	0	0	0	NA	NA	NA	207	397312	74.70461	1919.3816	501	46185	207	74.70461
HG01255#2#classII	552785	0	0	0	NA	NA	NA	237	449107	81.24442	1894.9662	503	46105	237	81.24442
HG01258#1#classII	528373	0	0	0	NA	NA	NA	209	398807	75.47831	1908.1675	503	46181	209	75.47831
HG01258#2#classII	542658	0	0	0	NA	NA	NA	209	423476	78.03736	2026.2009	504	46176	209	78.03736
HG01261#1#classII	639278	0	0	0	NA	NA	NA	263	520353	81.39698	1978.5286	503	46182	263	81.39698
HG01261#2#classII	466680	0	0	0	NA	NA	NA	167	346571	74.26309	2075.2754	503	46095	167	74.26309
HG01346#1#classII	530152	0	0	0	NA	NA	NA	205	412267	77.76392	2011.0586	502	46180	205	77.76392
HG01346#2#classII	529798	0	0	0	NA	NA	NA	196	389901	73.59428	1989.2908	503	46184	196	73.59428
HG01358#1#classII	638221	0	0	0	NA	NA	NA	260	518833	81.293625	1995.5116	503	46177	260	81.293625
HG01358#2#classII	530850	0	0	0	NA	NA	NA	200	391873	73.81991	1959.365	503	46186	200	73.81991
HG01361#1#classII	524980	0	0	0	NA	NA	NA	211	411355	78.356316	1949.5498	502	46108	211	78.356316
HG01361#2#classII	648569	0	0	0	NA	NA	NA	271	509055	78.48895	1878.4318	502	46180	271	78.48895
HG01433#1#classII	638780	0	0	0	NA	NA	NA	263	518360	81.14844	1970.9506	503	46180	263	81.14844
HG01433#2#classII	648006	0	0	0	NA	NA	NA	272	518611	80.03182	1906.6581	502	46178	272	80.03182
HG01496#1#classII	536428	0	0	0	NA	NA	NA	217	420984	78.479126	1940.0184	502	46180	217	78.479126
HG01496#2#classII	638789	0	0	0	NA	NA	NA	263	518163	81.116455	1970.2015	503	46178	263	81.116455
HG01530#1#classII	536425	0	0	0	NA	NA	NA	217	420984	78.47956	1940.0184	502	46180	217	78.47956
HG01530#2#classII	647952	0	0	0	NA	NA	NA	272	518261	79.984474	1905.3713	502	46180	272	79.984474
HG01784#1#classII	641685	0	0	0	NA	NA	NA	264	528789	82.40632	2002.9886	503	46180	264	82.40632
HG01784#2#classII	638568	0	0	0	NA	NA	NA	259	523805	82.02807	2022.4131	503	46181	259	82.02807
HG01786#1#classII	521599	0	0	0	NA	NA	NA	209	404609	77.57089	1935.9282	502	46105	209	77.57089
HG01786#2#classII	529106	0	0	0	NA	NA	NA	191	384372	72.64555	2012.4188	503	46173	191	72.64555
HG01884#1#classII	525001	0	0	0	NA	NA	NA	212	412288	78.5309	1944.7548	501	46184	212	78.5309
HG01884#2#classII	529335	0	0	0	NA	NA	NA	200	396244	74.85694	1981.22	503	46179	200	74.85694
HG01891#1#classII	553821	0	0	0	NA	NA	NA	242	455581	82.26141	1882.5662	503	46185	242	82.26141
HG01891#2#classII	536527	0	0	0	NA	NA	NA	219	416263	77.584724	1900.7443	502	46110	219	77.584724
HG01928#1#classII	638764	0	0	0	NA	NA	NA	264	519143	81.273056	1966.4508	503	46178	264	81.273056
HG01928#2#classII	640800	0	0	0	NA	NA	NA	269	527241	82.27856	1960.0037	503	46180	269	82.27856
HG01934#1#classII	553781	0	0	0	NA	NA	NA	244	456520	82.43692	1870.9836	503	46113	244	82.43692
HG01934#2#classII	638744	0	0	0	NA	NA	NA	265	517654	81.04248	1953.4114	503	46179	265	81.04248
HG01940#1#classII	530342	0	0	0	NA	NA	NA	207	415871	78.41563	2009.0387	502	46091	207	78.41563
HG01940#2#classII	531210	0	0	0	NA	NA	NA	205	413364	77.81555	2016.4098	502	46179	205	77.81555
HG01943#1#classII	638220	0	0	0	NA	NA	NA	261	519567	81.40876	1990.6781	503	46178	261	81.40876
HG01943#2#classII	640612	0	0	0	NA	NA	NA	269	524579	81.88716	1950.1078	503	46166	269	81.88716
HG01952#1#classII	531525	0	0	0	NA	NA	NA	209	414374	77.95946	1982.6508	502	46180	209	77.95946
HG01952#2#classII	638807	0	0	0	NA	NA	NA	265	519366	81.30249	1959.8717	503	46181	265	81.30249
HG01960#1#classII	648033	0	0	0	NA	NA	NA	281	528669	81.58057	1881.3844	503	46182	281	81.58057
HG01960#2#classII	529192	0	0	0	NA	NA	NA	195	389421	73.587845	1997.0308	503	46179	195	73.587845
HG01969#1#classII	648579	0	0	0	NA	NA	NA	271	509300	78.52551	1879.3358	502	46108	271	78.52551
HG01969#2#classII	536480	0	0	0	NA	NA	NA	217	420940	78.46332	1939.8157	502	46181	217	78.46332
HG01975#1#classII	638796	0	0	0	NA	NA	NA	264	519143	81.26898	1966.4508	503	46181	264	81.26898
HG01975#2#classII	639416	0	0	0	NA	NA	NA	268	527215	82.45258	1967.2201	503	46095	268	82.45258
HG01978#1#classII	549093	0	0	0	NA	NA	NA	222	441614	80.42609	1989.2522	502	46178	222	80.42609
HG01978#2#classII	640410	0	0	0	NA	NA	NA	266	525936	82.124886	1977.203	503	46179	266	82.124886
HG01981#1#classII	638771	0	0	0	NA	NA	NA	263	518508	81.17275	1971.5133	503	46183	263	81.17275
HG01981#2#classII	638777	0	0	0	NA	NA	NA	263	518501	81.17089	1971.4867	503	46164	263	81.17089
HG01993#1#classII	548956	0	0	0	NA	NA	NA	222	441271	80.383675	1987.7072	501	46164	222	80.383675
HG01993#2#classII	536423	0	0	0	NA	NA	NA	217	420837	78.45245	1939.3411	502	46180	217	78.45245
HG02004#1#classII	639538	0	0	0	NA	NA	NA	267	528632	82.65842	1979.8951	503	46095	267	82.65842
HG02004#2#classII	640325	0	0	0	NA	NA	NA	267	524050	81.841255	1962.7341	503	46181	267	81.841255
HG02015#1#classII	555468	0	0	0	NA	NA	NA	215	438089	78.86845	2037.6233	503	46179	215	78.86845
HG02015#2#classII	637633	0	0	0	NA	NA	NA	260	516287	80.96931	1985.7192	502	46165	260	80.96931
HG02027#1#classII	525795	0	0	0	NA	NA	NA	188	387838	73.76221	2062.968	503	46178	188	73.76221
HG02027#2#classII	529947	0	0	0	NA	NA	NA	205	411272	77.606255	2006.2048	501	46179	205	77.606255
HG02040#1#classII	541687	0	0	0	NA	NA	NA	206	423984	78.271034	2058.1748	504	46181	206	78.271034
HG02040#2#classII	640703	0	0	0	NA	NA	NA	269	525469	82.01444	1953.4164	503	46180	269	82.01444
HG02055#1#classII	461386	0	0	0	NA	NA	NA	169	354524	76.83891	2097.7751	502	46184	169	76.83891
HG02055#2#classII	525083	0	0	0	NA	NA	NA	211	411627	78.392746	1950.8389	501	46102	211	78.392746
HG02056#1#classII	526428	0	0	0	NA	NA	NA	214	418325	79.464806	1954.7897	502	46180	214	79.464806
HG02056#2#classII	526428	0	0	0	NA	NA	NA	214	418325	79.464806	1954.7897	502	46180	214	79.464806
HG02071#1#classII	526007	0	0	0	NA	NA	NA	188	389085	73.96955	2069.601	503	46179	188	73.96955
HG02071#2#classII	527143	0	0	0	NA	NA	NA	190	388483	73.695946	2044.6473	503	46183	190	73.695946
HG02074#1#classII	531711	0	0	0	NA	NA	NA	208	420088	79.00683	2019.6538	501	46167	208	79.00683
HG02074#2#classII	640693	0	0	0	NA	NA	NA	269	525252	81.98186	1952.6096	503	46180	269	81.98186
HG02080#1#classII	523621	0	0	0	NA	NA	NA	216	404183	77.18999	1871.2177	501	46189	216	77.18999
HG02080#2#classII	647885	0	0	0	NA	NA	NA	278	537732	82.99806	1934.2877	503	46179	278	82.99806
HG02083#1#classII	526006	0	0	0	NA	NA	NA	188	389600	74.0676	2072.3403	503	46179	188	74.0676
HG02083#2#classII	640584	0	0	0	NA	NA	NA	270	525475	82.03062	1946.2037	503	46182	270	82.03062
HG02109#1#classII	529878	0	0	0	NA	NA	NA	203	403356	76.12243	1986.9753	502	46183	203	76.12243
HG02109#2#classII	464956	0	0	0	NA	NA	NA	168	353794	76.091934	2105.9167	502	46173	168	76.091934
HG02129#1#classII	529157	0	0	0	NA	NA	NA	194	385000	72.75723	1984.5361	503	46178	194	72.75723
HG02129#2#classII	552868	0	0	0	NA	NA	NA	227	440681	79.708176	1941.326	502	46180	227	79.708176
HG02132#1#classII	640635	0	0	0	NA	NA	NA	270	525484	82.02549	1946.237	503	46177	270	82.02549
HG02132#2#classII	638521	0	0	0	NA	NA	NA	260	516700	80.92138	1987.3077	503	46181	260	80.92138
HG02135#1#classII	554418	0	0	0	NA	NA	NA	241	454944	82.057945	1887.7345	503	46180	241	82.057945
HG02135#2#classII	639436	0	0	0	NA	NA	NA	266	525742	82.21964	1976.4736	503	46180	266	82.21964
HG02145#1#classII	552741	0	0	0	NA	NA	NA	236	448480	81.13746	1900.339	503	46177	236	81.13746
HG02145#2#classII	532809	0	0	0	NA	NA	NA	212	403994	75.82342	1905.6321	501	46181	212	75.82342
HG02148#1#classII	531565	0	0	0	NA	NA	NA	210	415445	78.15507	1978.3096	502	46181	210	78.15507
HG02148#2#classII	525064	0	0	0	NA	NA	NA	221	405264	77.18373	1833.7738	501	46184	221	77.18373
HG02155#1#classII	554135	0	0	0	NA	NA	NA	233	451606	81.49747	1938.2231	502	46179	233	81.49747
HG02155#2#classII	555198	0	0	0	NA	NA	NA	231	446197	80.36719	1931.5887	502	46165	231	80.36719
HG02165#1#classII	535363	0	0	0	NA	NA	NA	206	420405	78.52709	2040.801	501	46166	206	78.52709
HG02165#2#classII	531706	0	0	0	NA	NA	NA	208	420086	79.007195	2019.6443	501	46166	208	79.007195
HG02178#1#classII	640702	0	0	0	NA	NA	NA	269	525468	82.01441	1953.4126	503	46180	269	82.01441
HG02178#2#classII	553805	0	0	0	NA	NA	NA	228	438753	79.22518	1924.3552	502	46091	228	79.22518
HG02257#1#classII	522920	0	0	0	NA	NA	NA	218	416419	79.63341	1910.179	502	46166	218	79.63341
HG02257#2#classII	538275	0	0	0	NA	NA	NA	219	421060	78.22395	1922.6484	502	46177	219	78.22395
HG02258#1#classII	553829	0	0	0	NA	NA	NA	242	454916	82.14015	1879.8182	503	46176	242	82.14015
HG02258#2#classII	553399	0	0	0	NA	NA	NA	237	452840	81.82884	1910.7173	503	46176	237	81.82884
HG02273#1#classII	639105	0	0	0	NA	NA	NA	258	515349	80.63605	1997.4767	503	46179	258	80.63605
HG02273#2#classII	530398	0	0	0	NA	NA	NA	206	416558	78.53687	2022.1262	502	46179	206	78.53687
HG02280#1#classII	528648	0	0	0	NA	NA	NA	201	404353	76.48814	2011.7064	502	46107	201	76.48814
HG02280#2#classII	537629	0	0	0	NA	NA	NA	222	418767	77.89145	1886.3379	502	46107	222	77.89145
HG02293#1#classII	639540	0	0	0	NA	NA	NA	267	528630	82.657845	1979.8877	503	46095	267	82.657845
HG02293#2#classII	638168	0	0	0	NA	NA	NA	261	519823	81.45551	1991.659	503	46179	261	81.45551
HG02300#1#classII	638777	0	0	0	NA	NA	NA	264	519155	81.27328	1966.4962	503	46179	264	81.27328
HG02300#2#classII	639413	0	0	0	NA	NA	NA	268	527155	82.44359	1966.9962	503	46095	268	82.44359
HG02391#1#classII	554986	0	0	0	NA	NA	NA	221	447512	80.63483	2024.9412	503	46179	221	80.63483
HG02391#2#classII	556626	0	0	0	NA	NA	NA	234	460929	82.80766	1969.7821	503	46164	234	82.80766
HG02392#1#classII	553798	0	0	0	NA	NA	NA	228	438751	79.22582	1924.3464	502	46091	228	79.22582
HG02392#2#classII	555480	0	0	0	NA	NA	NA	229	458373	82.518364	2001.6288	503	46188	229	82.518364
HG02451#1#classII	529825	0	0	0	NA	NA	NA	215	413154	77.97933	1921.6465	503	46179	215	77.97933
HG02451#2#classII	553811	0	0	0	NA	NA	NA	242	455508	82.24972	1882.2644	503	46106	242	82.24972
HG02486#1#classII	553787	0	0	0	NA	NA	NA	242	455369	82.22819	1881.6901	503	46107	242	82.22819
HG02486#2#classII	529552	0	0	0	NA	NA	NA	205	402382	75.98536	1962.839	503	46184	205	75.98536
HG02514#1#classII	648701	0	0	0	NA	NA	NA	280	528723	81.50488	1888.2964	503	46179	280	81.50488
HG02514#2#classII	525800	0	0	0	NA	NA	NA	188	387845	73.76284	2063.0054	503	46178	188	73.76284
HG02523#1#classII	541699	0	0	0	NA	NA	NA	206	424002	78.27262	2058.2622	504	46181	206	78.27262
HG02523#2#classII	640700	0	0	0	NA	NA	NA	269	525360	81.99782	1953.0111	503	46180	269	81.99782
HG02559#1#classII	637438	0	0	0	NA	NA	NA	264	519937	81.56668	1969.4584	503	46186	264	81.56668
HG02559#2#classII	529023	0	0	0	NA	NA	NA	205	410847	77.66146	2004.1317	502	46173	205	77.66146
HG02572#1#classII	525302	0	0	0	NA	NA	NA	224	407852	77.64143	1820.7678	502	46105	224	77.64143
HG02572#2#classII	529679	0	0	0	NA	NA	NA	198	391572	73.926285	1977.6364	503	46172	198	73.926285
HG02583#1#classII	542853	0	0	0	NA	NA	NA	211	426765	78.615204	2022.5829	504	46180	211	78.615204
HG02583#2#classII	537617	0	0	0	NA	NA	NA	222	418635	77.86863	1885.7433	502	46183	222	77.86863
HG02602#1#classII	647879	0	0	0	NA	NA	NA	278	537829	83.0138	1934.6367	503	46179	278	83.0138
HG02602#2#classII	529210	0	0	0	NA	NA	NA	209	409823	77.44052	1960.8756	501	46176	209	77.44052
HG02615#1#classII	530703	0	0	0	NA	NA	NA	203	395054	74.43975	1946.0789	503	46104	203	74.43975
HG02615#2#classII	530101	0	0	0	NA	NA	NA	200	388429	73.27453	1942.145	503	46103	200	73.27453
HG02622#1#classII	647413	0	0	0	NA	NA	NA	276	526436	81.31378	1907.3768	503	46179	276	81.31378
HG02622#2#classII	638941	0	0	0	NA	NA	NA	257	506503	79.27226	1970.8287	503	46178	257	79.27226
HG02630#1#classII	643933	0	0	0	NA	NA	NA	260	514102	79.83781	1977.3154	503	46187	260	79.83781
HG02630#2#classII	641869	0	0	0	NA	NA	NA	256	511667	79.71517	1998.6992	503	46178	256	79.71517
HG02647#1#classII	532713	0	0	0	NA	NA	NA	204	406770	76.35819	1993.9706	502	46103	204	76.35819
HG02647#2#classII	648592	0	0	0	NA	NA	NA	271	509091	78.491714	1878.5646	502	46181	271	78.491714
HG02668#1#classII	529952	0	0	0	NA	NA	NA	204	405338	76.485794	1986.9509	502	46180	204	76.485794
HG02668#2#classII	530718	0	0	0	NA	NA	NA	216	412037	77.63765	1907.5787	503	46182	216	77.63765
HG02698#1#classII	554743	0	0	0	NA	NA	NA	236	459539	82.83818	1947.1991	503	46098	236	82.83818
HG02698#2#classII	529255	0	0	0	NA	NA	NA	199	399180	75.423	2005.9297	503	46172	199	75.423
HG02717#1#classII	530368	0	0	0	NA	NA	NA	207	400306	75.47703	1933.8455	502	46182	207	75.47703
HG02717#2#classII	641865	0	0	0	NA	NA	NA	254	505979	78.829506	1992.0433	503	46090	254	78.829506
HG02723#1#classII	524998	0	0	0	NA	NA	NA	212	412293	78.5323	1944.7783	501	46184	212	78.5323
HG02723#2#classII	647376	0	0	0	NA	NA	NA	274	524642	81.04131	1914.7518	503	46104	274	81.04131
HG02735#1#classII	647486	0	0	0	NA	NA	NA	278	530123	81.87405	1906.9172	503	46181	278	81.87405
HG02735#2#classII	523616	0	0	0	NA	NA	NA	216	404179	77.189964	1871.1991	501	46189	216	77.189964
HG02738#1#classII	524441	0	0	0	NA	NA	NA	221	413335	78.81439	1870.2941	502	46181	221	78.81439
HG02738#2#classII	523630	0	0	0	NA	NA	NA	216	404192	77.190384	1871.2593	502	46189	216	77.190384
HG02809#1#classII	524996	0	0	0	NA	NA	NA	212	412281	78.53031	1944.7217	501	46184	212	78.53031
HG02809#2#classII	638178	0	0	0	NA	NA	NA	262	518698	81.277954	1979.7633	501	46108	262	81.277954
HG02818#1#classII	532824	0	0	0	NA	NA	NA	211	402356	75.51386	1906.9005	501	46106	211	75.51386
HG02818#2#classII	526459	0	0	0	NA	NA	NA	214	412710	78.39357	1928.5514	502	46175	214	78.39357
HG02841#1#classII	531931	0	0	0	NA	NA	NA	212	398827	74.9772	1881.2594	501	46110	212	74.9772
HG02841#2#classII	638735	0	0	0	NA	NA	NA	261	510974	79.99781	1957.7548	503	46103	261	79.99781
HG02886#1#classII	529560	0	0	0	NA	NA	NA	205	402380	75.98383	1962.8292	503	46184	205	75.98383
HG02886#2#classII	641857	0	0	0	NA	NA	NA	259	513661	80.02733	1983.2471	501	46100	259	80.02733
HG02922#1#classII	530711	0	0	0	NA	NA	NA	218	413986	78.00592	1899.0183	503	46188	218	78.00592
HG02922#2#classII	465640	0	0	0	NA	NA	NA	165	349389	75.03415	2117.509	503	46182	165	75.03415
HG02965#1#classII	529553	0	0	0	NA	NA	NA	205	402274	75.96482	1962.3123	503	46183	205	75.96482
HG02965#2#classII	465659	0	0	0	NA	NA	NA	165	349513	75.05772	2118.2605	503	46182	165	75.05772
HG02976#1#classII	553540	0	0	0	NA	NA	NA	242	456779	82.5196	1887.5165	503	46092	242	82.5196
HG02976#2#classII	530331	0	0	0	NA	NA	NA	219	410576	77.41882	1874.7762	503	46103	219	77.41882
HG02984#1#classII	532259	0	0	0	NA	NA	NA	192	400044	75.15965	2083.5625	503	46181	192	75.15965
HG02984#2#classII	543483	0	0	0	NA	NA	NA	208	416073	76.55676	2000.351	504	46183	208	76.55676
HG03017#1#classII	466544	0	0	0	NA	NA	NA	163	341796	73.26126	2096.908	503	46181	163	73.26126
HG03017#2#classII	554312	0	0	0	NA	NA	NA	228	450363	81.2472	1975.2764	503	46177	228	81.2472
HG03041#1#classII	465663	0	0	0	NA	NA	NA	165	349198	74.989426	2116.3516	503	46182	165	74.989426
HG03041#2#classII	553865	0	0	0	NA	NA	NA	241	455331	82.20975	1889.3402	503	46181	241	82.20975
HG03050#1#classII	642300	0	0	0	NA	NA	NA	257	508364	79.14744	1978.0701	503	46186	257	79.14744
HG03050#2#classII	529550	0	0	0	NA	NA	NA	205	402383	75.98584	1962.8439	503	46184	205	75.98584
HG03098#1#classII	642924	0	0	0	NA	NA	NA	261	516210	80.290985	1977.816	502	46105	261	80.290985
HG03098#2#classII	638718	0	0	0	NA	NA	NA	268	520669	81.51782	1942.7948	503	46182	268	81.51782
HG03130#1#classII	537625	0	0	0	NA	NA	NA	222	418761	77.89091	1886.3108	502	46101	222	77.89091
HG03130#2#classII	533324	0	0	0	NA	NA	NA	207	410229	76.91928	1981.7826	503	46104	207	76.91928
HG03139#1#classII	465917	0	0	0	NA	NA	NA	166	351376	75.41601	2116.723	503	46184	166	75.41601
HG03139#2#classII	540201	0	0	0	NA	NA	NA	227	432008	79.97172	1903.1189	503	46105	227	79.97172
HG03195#1#classII	537651	0	0	0	NA	NA	NA	222	418845	77.90276	1886.6892	502	46185	222	77.90276
HG03195#2#classII	553543	0	0	0	NA	NA	NA	242	456995	82.558174	1888.409	503	46092	242	82.558174
HG03209#1#classII	638704	0	0	0	NA	NA	NA	268	520662	81.51851	1942.7687	503	46183	268	81.51851
HG03209#2#classII	469264	0	0	0	NA	NA	NA	178	356941	76.064	2005.2865	503	46176	178	76.064
HG03225#1#classII	528610	0	0	0	NA	NA	NA	223	413833	78.28702	1855.7534	502	46190	223	78.28702
HG03225#2#classII	536525	0	0	0	NA	NA	NA	219	416008	77.53748	1899.58	502	46181	219	77.53748
HG03239#1#classII	638246	0	0	0	NA	NA	NA	261	519998	81.47298	1992.3295	503	46182	261	81.47298
HG03239#2#classII	648381	0	0	0	NA	NA	NA	278	528769	81.55221	1902.0468	503	46164	278	81.55221
HG03270#1#classII	553543	0	0	0	NA	NA	NA	242	457084	82.57426	1888.7769	503	46178	242	82.57426
HG03270#2#classII	529021	0	0	0	NA	NA	NA	214	409346	77.37802	1912.8318	503	46107	214	77.37802
HG03369#1#classII	533026	0	0	0	NA	NA	NA	180	384759	72.18391	2137.55	503	46094	180	72.18391
HG03369#2#classII	533240	0	0	0	NA	NA	NA	209	399116	74.84735	1909.6459	501	46184	209	74.84735
HG03453#1#classII	642564	0	0	0	NA	NA	NA	258	511965	79.67533	1984.3605	503	46104	258	79.67533
HG03453#2#classII	524950	0	0	0	NA	NA	NA	225	413385	78.7475	1837.2667	501	46180	225	78.7475
HG03470#1#classII	650119	0	0	0	NA	NA	NA	270	513241	78.9457	1900.8926	503	46182	270	78.9457
HG03470#2#classII	536894	0	0	0	NA	NA	NA	220	425532	79.2581	1934.2363	502	46175	220	79.2581
HG03471#1#classII	648198	0	0	0	NA	NA	NA	277	520934	80.36649	1880.6282	503	46107	277	80.36649
HG03471#2#classII	529548	0	0	0	NA	NA	NA	205	402379	75.98537	1962.8243	503	46185	205	75.98537
HG03486#1#classII	529552	0	0	0	NA	NA	NA	205	402383	75.98555	1962.8439	503	46184	205	75.98555
HG03486#2#classII	530141	0	0	0	NA	NA	NA	200	389603	73.49045	1948.015	503	46184	200	73.49045
HG03516#1#classII	529821	0	0	0	NA	NA	NA	215	413149	77.97898	1921.6233	503	46179	215	77.97898
HG03516#2#classII	533223	0	0	0	NA	NA	NA	209	399039	74.8353	1909.2775	501	46107	209	74.8353
HG03521#1#classII	529248	0	0	0	NA	NA	NA	215	402384	76.02939	1871.5535	503	46178	215	76.02939
HG03521#2#classII	540759	0	0	0	NA	NA	NA	216	410856	75.97765	1902.1111	503	46182	216	75.97765
HG03540#1#classII	542041	0	0	0	NA	NA	NA	209	422376	77.923256	2020.9377	504	46101	209	77.923256
HG03540#2#classII	466695	0	0	0	NA	NA	NA	169	353488	75.74283	2091.645	503	46106	169	75.74283
HG03579#1#classII	529544	0	0	0	NA	NA	NA	205	402374	75.985	1962.8	503	46184	205	75.985
HG03579#2#classII	529548	0	0	0	NA	NA	NA	205	402378	75.985176	1962.8195	503	46184	205	75.985176
HG03583#1#classII	643253	0	0	0	NA	NA	NA	253	506318	78.712105	2001.257	503	46179	253	78.712105
HG03583#2#classII	472854	0	0	0	NA	NA	NA	156	340103	71.92558	2180.1475	503	46192	156	71.92558
HG03654#1#classII	528987	0	0	0	NA	NA	NA	206	406354	76.81739	1972.5923	503	46162	206	76.81739
HG03654#2#classII	524473	0	0	0	NA	NA	NA	221	413202	78.784225	1869.6923	501	46107	221	78.784225
HG03669#1#classII	554034	0	0	0	NA	NA	NA	221	443269	80.007545	2005.7421	503	46178	221	80.007545
HG03669#2#classII	637982	0	0	0	NA	NA	NA	261	516947	81.028465	1980.6399	501	46179	261	81.028465
HG03688#1#classII	637626	0	0	0	NA	NA	NA	261	519874	81.532745	1991.8544	503	46180	261	81.532745
HG03688#2#classII	554585	0	0	0	NA	NA	NA	229	452318	81.55972	1975.1877	503	46094	229	81.55972
HG03704#1#classII	531841	0	0	0	NA	NA	NA	207	397300	74.702774	1919.3237	501	46181	207	74.702774
HG03704#2#classII	647890	0	0	0	NA	NA	NA	278	537845	83.01486	1934.6942	503	46179	278	83.01486
HG03710#1#classII	648689	0	0	0	NA	NA	NA	280	528708	81.50408	1888.2428	503	46178	280	81.50408
HG03710#2#classII	528237	0	0	0	NA	NA	NA	204	400694	75.854965	1964.1863	501	46179	204	75.854965
HG03742#1#classII	638790	0	0	0	NA	NA	NA	264	519091	81.261604	1966.2538	503	46113	264	81.261604
HG03742#2#classII	542537	0	0	0	NA	NA	NA	209	420127	77.437485	2010.177	504	46182	209	77.437485
HG03784#1#classII	528423	0	0	0	NA	NA	NA	201	403856	76.42665	2009.2339	502	46178	201	76.42665
HG03784#2#classII	528434	0	0	0	NA	NA	NA	205	403086	76.27934	1966.2732	501	46180	205	76.27934
HG03804#1#classII	554926	0	0	0	NA	NA	NA	236	459814	82.86042	1948.3644	503	46104	236	82.86042
HG03804#2#classII	555268	0	0	0	NA	NA	NA	230	459573	82.765976	1998.1434	503	46166	230	82.765976
HG03816#1#classII	648674	0	0	0	NA	NA	NA	279	528124	81.41593	1892.9176	503	46184	279	81.41593
HG03816#2#classII	537042	0	0	0	NA	NA	NA	222	429467	79.96898	1934.536	502	46184	222	79.96898
HG03831#1#classII	555486	0	0	0	NA	NA	NA	233	462687	83.29409	1985.7811	503	46181	233	83.29409
HG03831#2#classII	554077	0	0	0	NA	NA	NA	219	442109	79.79198	2018.7626	503	46180	219	79.79198
HG03834#1#classII	647623	0	0	0	NA	NA	NA	279	530712	81.94768	1902.1936	503	46176	279	81.94768
HG03834#2#classII	537041	0	0	0	NA	NA	NA	222	429467	79.969124	1934.536	502	46183	222	79.969124
HG03874#1#classII	522311	0	0	0	NA	NA	NA	212	413823	79.22923	1951.9952	502	46180	212	79.22923
HG03874#2#classII	647870	0	0	0	NA	NA	NA	278	537824	83.01418	1934.6187	503	46180	278	83.01418
HG03927#1#classII	528440	0	0	0	NA	NA	NA	205	403091	76.27943	1966.2976	501	46181	205	76.27943
HG03927#2#classII	647884	0	0	0	NA	NA	NA	278	537722	82.99665	1934.2518	503	46180	278	82.99665
HG03942#1#classII	554593	0	0	0	NA	NA	NA	229	452476	81.587036	1975.8777	503	46179	229	81.587036
HG03942#2#classII	554595	0	0	0	NA	NA	NA	229	452478	81.587105	1975.8865	503	46181	229	81.587105
HG04115#1#classII	542091	0	0	0	NA	NA	NA	208	422661	77.96864	2032.024	504	46181	208	77.96864
HG04115#2#classII	647865	0	0	0	NA	NA	NA	278	537816	83.01359	1934.59	503	46179	278	83.01359
HG04157#1#classII	647494	0	0	0	NA	NA	NA	278	530066	81.864235	1906.7123	503	46179	278	81.864235
HG04157#2#classII	555250	0	0	0	NA	NA	NA	224	450020	81.04818	2009.0178	503	46176	224	81.04818
HG04160#1#classII	541685	0	0	0	NA	NA	NA	206	423986	78.27169	2058.1846	504	46181	206	78.27169
HG04160#2#classII	555270	0	0	0	NA	NA	NA	231	460411	82.916595	1993.1212	503	46180	231	82.916595
HG04184#1#classII	647878	0	0	0	NA	NA	NA	278	537828	83.01378	1934.633	503	46179	278	83.01378
HG04184#2#classII	648652	0	0	0	NA	NA	NA	280	528619	81.49501	1887.925	503	46183	280	81.49501
HG04187#1#classII	524465	0	0	0	NA	NA	NA	221	413195	78.784096	1869.6606	501	46107	221	78.784096
HG04187#2#classII	522350	0	0	0	NA	NA	NA	214	415851	79.611565	1943.229	502	46179	214	79.611565
HG04199#1#classII	638663	0	0	0	NA	NA	NA	266	519555	81.35042	1953.2142	503	46177	266	81.35042
HG04199#2#classII	536278	0	0	0	NA	NA	NA	216	419320	78.19079	1941.2963	502	46180	216	78.19079
HG04204#1#classII	554054	0	0	0	NA	NA	NA	220	442438	79.85467	2011.0818	503	46181	220	79.85467
HG04204#2#classII	648669	0	0	0	NA	NA	NA	280	528680	81.50227	1888.1428	503	46166	280	81.50227
HG04228#1#classII	553749	0	0	0	NA	NA	NA	243	455903	82.33026	1876.144	503	46183	243	82.33026
HG04228#2#classII	553992	0	0	0	NA	NA	NA	227	449399	81.120125	1979.7313	503	46181	227	81.120125
HG06807#1#classII	553809	0	0	0	NA	NA	NA	243	456036	82.34536	1876.6914	503	46182	243	82.34536
HG06807#2#classII	552712	0	0	0	NA	NA	NA	238	449937	81.40533	1890.4916	503	46179	238	81.40533
HIFI032007D#1#classII	526002	0	0	0	NA	NA	NA	189	389725	74.09193	2062.037	503	46180	189	74.09193
HIFI032007D#2#classII	525810	0	0	0	NA	NA	NA	187	387281	73.654175	2071.0215	503	46178	187	73.654175
HIFI032018D#1#classII	525798	0	0	0	NA	NA	NA	184	384763	73.17696	2091.1033	503	46180	184	73.17696
HIFI032018D#2#classII	638274	0	0	0	NA	NA	NA	258	512342	80.26991	1985.8217	503	46183	258	80.26991
HIFI032069D#1#classII	525109	0	0	0	NA	NA	NA	184	384421	73.20785	2089.2446	502	46176	184	73.20785
HIFI032069D#2#classII	556560	0	0	0	NA	NA	NA	224	450949	81.02433	2013.1652	503	46179	224	81.02433
HIFI032097D#1#classII	530240	0	0	0	NA	NA	NA	202	393100	74.13624	1946.0396	503	46174	202	74.13624
HIFI032097D#2#classII	554147	0	0	0	NA	NA	NA	233	451345	81.44861	1937.103	502	46178	233	81.44861
HIFI032103D#1#classII	542472	0	0	0	NA	NA	NA	208	426591	78.63834	2050.9182	504	46176	208	78.63834
HIFI032103D#2#classII	638281	0	0	0	NA	NA	NA	260	516742	80.95839	1987.4692	503	46181	260	80.95839
HIFI032161D#1#classII	526455	0	0	0	NA	NA	NA	188	384537	73.04271	2045.4095	502	46175	188	73.04271
HIFI032161D#2#classII	532090	0	0	0	NA	NA	NA	192	402742	75.69058	2097.6145	503	46181	192	75.69058
HIFI032164D#1#classII	537026	0	0	0	NA	NA	NA	219	424528	79.05167	1938.484	502	46169	219	79.05167
HIFI032164D#2#classII	522363	0	0	0	NA	NA	NA	212	414344	79.32108	1954.4529	502	46183	212	79.32108
HIFI032167D#1#classII	525817	0	0	0	NA	NA	NA	188	387846	73.76064	2063.0107	503	46179	188	73.76064
HIFI032167D#2#classII	525819	0	0	0	NA	NA	NA	188	387846	73.76036	2063.0107	503	46179	188	73.76036
HIFI032182D#1#classII	556328	0	0	0	NA	NA	NA	233	461552	82.964005	1980.9099	503	46182	233	82.964005
HIFI032182D#2#classII	553752	0	0	0	NA	NA	NA	241	454065	81.997894	1884.0872	503	46178	241	81.997894
HIFI032289D#1#classII	638269	0	0	0	NA	NA	NA	259	515846	80.81953	1991.6833	503	46180	259	80.81953
HIFI032289D#2#classII	638772	0	0	0	NA	NA	NA	264	518946	81.241196	1965.7046	503	46178	264	81.241196
HIFI032292D#1#classII	526477	0	0	0	NA	NA	NA	189	386541	73.4203	2045.1904	502	46177	189	73.4203
HIFI032292D#2#classII	526477	0	0	0	NA	NA	NA	189	386541	73.4203	2045.1904	502	46177	189	73.4203
HIFI032302D#1#classII	466738	0	0	0	NA	NA	NA	164	345648	74.05611	2107.6099	502	46178	164	74.05611
HIFI032302D#2#classII	523616	0	0	0	NA	NA	NA	215	403524	77.06487	1876.8558	501	46189	215	77.06487
HIFI032306D#1#classII	553095	0	0	0	NA	NA	NA	239	449578	81.28405	1881.0795	503	46175	239	81.28405
HIFI032306D#2#classII	639420	0	0	0	NA	NA	NA	262	517596	80.94773	1975.5573	503	46095	262	80.94773
HIFI032335D#1#classII	647637	0	0	0	NA	NA	NA	279	530296	81.88167	1900.7025	503	46167	279	81.88167
HIFI032335D#2#classII	530389	0	0	0	NA	NA	NA	204	413119	77.88982	2025.0931	502	46176	204	77.88982
HIFI032349D#1#classII	638275	0	0	0	NA	NA	NA	255	513801	80.498375	2014.9059	503	46182	255	80.498375
HIFI032349D#2#classII	522380	0	0	0	NA	NA	NA	206	407433	77.99552	1977.8301	502	46180	206	77.99552
HIFI032373D#1#classII	531701	0	0	0	NA	NA	NA	207	419389	78.87685	2026.0338	501	46166	207	78.87685
HIFI032373D#2#classII	556578	0	0	0	NA	NA	NA	234	460969	82.82199	1969.953	503	46164	234	82.82199
HIFI032420D#1#classII	640628	0	0	0	NA	NA	NA	270	525443	82.01999	1946.0852	503	46164	270	82.01999
HIFI032420D#2#classII	638476	0	0	0	NA	NA	NA	253	505778	79.216446	1999.1226	503	46165	253	79.216446
HIFI032422D#1#classII	530700	0	0	0	NA	NA	NA	206	413130	77.84624	2005.4855	502	46182	206	77.84624
HIFI032422D#2#classII	525299	0	0	0	NA	NA	NA	202	404854	77.07115	2004.2278	502	46182	202	77.07115
HIFI032429D#1#classII	555395	0	0	0	NA	NA	NA	221	450139	81.04845	2036.828	501	46182	221	81.04845
HIFI032429D#2#classII	527370	0	0	0	NA	NA	NA	199	399408	75.735825	2007.0753	503	46168	199	75.735825
HIFI032440D#1#classII	532027	0	0	0	NA	NA	NA	192	402653	75.682816	2097.1511	503	46180	192	75.682816
HIFI032440D#2#classII	467419	0	0	0	NA	NA	NA	164	352462	75.406006	2149.1584	503	46181	164	75.406006
HIFI032450D#1#classII	529456	0	0	0	NA	NA	NA	201	402908	76.09849	2004.5175	502	46165	201	76.09849
HIFI032453D#1#classII	524412	0	0	0	NA	NA	NA	219	411673	78.50182	1879.7854	502	46165	219	78.50182
HIFI032453D#2#classII	531088	0	0	0	NA	NA	NA	208	409852	77.17214	1970.4423	501	46178	208	77.17214
HIFI032454D#1#classII	525791	0	0	0	NA	NA	NA	186	386933	73.590645	2080.285	503	46182	186	73.590645
HIFI032454D#2#classII	523631	0	0	0	NA	NA	NA	213	402500	76.8671	1889.6714	501	46189	213	76.8671
HIFI032462D#1#classII	638753	0	0	0	NA	NA	NA	264	518727	81.20933	1964.875	503	46165	264	81.20933
HIFI032462D#2#classII	531690	0	0	0	NA	NA	NA	209	419973	78.98832	2009.4402	501	46180	209	78.98832
HIFI032473D#1#classII	639478	0	0	0	NA	NA	NA	266	525179	82.126205	1974.3572	503	46180	266	82.126205
HIFI032473D#2#classII	554134	0	0	0	NA	NA	NA	233	445734	80.43794	1913.0215	502	46178	233	80.43794
HIFI032487D#1#classII	523640	0	0	0	NA	NA	NA	216	404185	77.18757	1871.2268	502	46189	216	77.18757
HIFI032487D#2#classII	467390	0	0	0	NA	NA	NA	165	350048	74.8942	2121.503	503	46165	165	74.8942
HIFI032501D#1#classII	638325	0	0	0	NA	NA	NA	256	511166	80.07927	1996.7422	503	46166	256	80.07927
HIFI032501D#2#classII	530377	0	0	0	NA	NA	NA	206	415216	78.28696	2015.6117	502	46180	206	78.28696
HIFI032510D#1#classII	553039	0	0	0	NA	NA	NA	236	452472	81.81557	1917.2543	503	46180	236	81.81557
HIFI032510D#2#classII	530190	0	0	0	NA	NA	NA	198	395757	74.64437	1998.7727	501	46179	198	74.64437
HIFI032513D#1#classII	638048	0	0	0	NA	NA	NA	258	513252	80.44097	1989.3489	503	46179	258	80.44097
HIFI032513D#2#classII	553565	0	0	0	NA	NA	NA	225	432228	78.0808	1921.0133	502	46101	225	78.0808
HIFI032529D#1#classII	554743	0	0	0	NA	NA	NA	222	448198	80.79381	2018.9099	502	46177	222	80.79381
HIFI032529D#2#classII	554617	0	0	0	NA	NA	NA	218	443609	79.98475	2034.9037	503	46165	218	79.98475
HIFI032566D#1#classII	523613	0	0	0	NA	NA	NA	216	404179	77.19041	1871.1991	501	46189	216	77.19041
HIFI032566D#2#classII	529452	0	0	0	NA	NA	NA	202	403813	76.26999	1999.0742	502	46165	202	76.26999
HIFI032567D#1#classII	523524	0	0	0	NA	NA	NA	214	411709	78.64186	1923.8738	501	46164	214	78.64186
HIFI032567D#2#classII	648820	0	0	0	NA	NA	NA	280	526967	81.21929	1882.025	503	46113	280	81.21929
HIFI032585D#1#classII	530121	0	0	0	NA	NA	NA	209	417245	78.707504	1996.3876	502	46178	209	78.707504
HIFI032585D#2#classII	554130	0	0	0	NA	NA	NA	233	449196	81.063286	1927.8799	502	46178	233	81.063286
HIFI032586D#1#classII	638489	0	0	0	NA	NA	NA	260	516255	80.855736	1985.5962	503	46182	260	80.855736
HIFI032586D#2#classII	466703	0	0	0	NA	NA	NA	158	340278	72.91104	2153.6582	502	46178	158	72.91104
HIFI032591D#1#classII	639539	0	0	0	NA	NA	NA	267	523361	81.8341	1960.1536	503	46178	267	81.8341
HIFI032591D#2#classII	466771	0	0	0	NA	NA	NA	160	343092	73.50328	2144.325	502	46178	160	73.50328
HIFI032604D#1#classII	639470	0	0	0	NA	NA	NA	266	524869	82.07875	1973.1918	503	46183	266	82.07875
HIFI032604D#2#classII	527122	0	0	0	NA	NA	NA	189	384769	72.9943	2035.8148	503	46180	189	72.9943
HIFI032607D#1#classII	639470	0	0	0	NA	NA	NA	268	526560	82.34319	1964.7761	503	46181	268	82.34319
HIFI032607D#2#classII	531828	0	0	0	NA	NA	NA	202	393516	73.993095	1948.099	501	46184	202	73.993095
HIFI032662D#1#classII	526476	0	0	0	NA	NA	NA	212	417123	79.229256	1967.5613	502	46180	212	79.229256
HIFI032662D#2#classII	466556	0	0	0	NA	NA	NA	162	341179	73.12713	2106.0432	503	46180	162	73.12713
HIFI032668D#1#classII	640663	0	0	0	NA	NA	NA	263	519990	81.16436	1977.1483	503	46117	263	81.16436
HIFI032668D#2#classII	553796	2	3556	0.6421137	1778	668	2888	243	452960	81.791855	1864.033	503	46182	245	82.43397
HIFI032682D#1#classII	527067	0	0	0	NA	NA	NA	197	399049	75.71125	2025.6294	503	46184	197	75.71125
HIFI032682D#2#classII	530141	0	0	0	NA	NA	NA	199	389045	73.38519	1955	503	46191	199	73.38519
HIFI032685D#1#classII	526695	0	0	0	NA	NA	NA	216	419594	79.66546	1942.5648	501	46180	216	79.66546
HIFI032685D#2#classII	468374	0	0	0	NA	NA	NA	176	349659	74.6538	1986.6989	503	46180	176	74.6538
HIFI032692D#1#classII	526319	0	0	0	NA	NA	NA	211	417281	79.282906	1977.6351	502	46173	211	79.282906
HIFI032692D#2#classII	647634	0	0	0	NA	NA	NA	276	525521	81.14475	1904.0616	503	46183	276	81.14475
HIFI032693D#1#classII	526353	0	0	0	NA	NA	NA	209	414345	78.719986	1982.512	502	46181	209	78.719986
HIFI032693D#2#classII	526001	0	0	0	NA	NA	NA	188	389175	73.9875	2070.0798	503	46179	188	73.9875
HIFI032698D#1#classII	530363	0	0	0	NA	NA	NA	206	414767	78.20436	2013.432	502	46180	206	78.20436
HIFI032698D#2#classII	531516	0	0	0	NA	NA	NA	205	415948	78.25691	2029.0146	501	46165	205	78.25691
HIFI032706D#1#classII	466224	0	0	0	NA	NA	NA	166	340331	72.997314	2050.1868	503	46177	166	72.997314
HIFI032706D#2#classII	466556	0	0	0	NA	NA	NA	163	342388	73.38626	2100.5398	503	46181	163	73.38626
HIFI032711D#1#classII	528818	0	0	0	NA	NA	NA	209	407838	77.12257	1951.3779	501	46178	209	77.12257
HIFI032711D#2#classII	525339	0	0	0	NA	NA	NA	184	383220	72.94718	2082.7173	503	46164	184	72.94718
HIFI032731D#1#classII	556336	0	0	0	NA	NA	NA	232	459130	82.527466	1979.0087	503	46182	232	82.527466
HIFI032731D#2#classII	526196	0	0	0	NA	NA	NA	198	400350	76.08382	2021.9697	503	46167	198	76.08382
KOREF1#1#classII	640675	0	0	0	NA	NA	NA	269	525441	82.01366	1953.3123	503	46180	269	82.01366
KOREF1#2#classII	530256	0	0	0	NA	NA	NA	202	393107	74.13532	1946.0742	503	46174	202	74.13532
KOREF2#1#classII	529427	0	0	0	NA	NA	NA	195	390110	73.685326	2000.5641	503	46178	195	73.685326
KOREF2#2#classII	522186	0	0	0	NA	NA	NA	212	413311	79.15015	1949.5802	502	46188	212	79.15015
KPanRef-071#1#classII	466688	0	0	0	NA	NA	NA	162	345477	74.027405	2132.574	502	46178	162	74.027405
KPanRef-071#2#classII	553747	0	0	0	NA	NA	NA	244	456324	82.406586	1870.1803	503	46188	244	82.406586
KPanRef-072#1#classII	647594	0	0	0	NA	NA	NA	279	530719	81.95243	1902.2186	503	46176	279	81.95243
KPanRef-072#2#classII	640699	0	0	0	NA	NA	NA	268	524731	81.89977	1957.9515	503	46179	268	81.89977
KPanRef-073#1#classII	542414	0	0	0	NA	NA	NA	208	417635	76.99561	2007.8606	504	46165	208	76.99561
KPanRef-073#2#classII	522387	0	0	0	NA	NA	NA	215	415621	79.5619	1933.121	502	46179	215	79.5619
KPanRef-074#1#classII	528378	0	0	0	NA	NA	NA	202	399656	75.638275	1978.495	501	46096	202	75.638275
KPanRef-074#2#classII	638265	0	0	0	NA	NA	NA	259	515650	80.78933	1990.9266	503	46182	259	80.78933
KPanRef-075#1#classII	553070	0	0	0	NA	NA	NA	240	455689	82.39265	1898.7042	503	46178	240	82.39265
KPanRef-075#2#classII	467944	0	0	0	NA	NA	NA	168	349283	74.64205	2079.0654	503	46179	168	74.64205
KPanRef-076#1#classII	552840	0	0	0	NA	NA	NA	228	440669	79.710045	1932.7588	502	46179	228	79.710045
KPanRef-076#2#classII	637607	0	0	0	NA	NA	NA	259	516756	81.046165	1995.1969	503	46176	259	81.046165
KPanRef-076-M#1#classII	647581	0	0	0	NA	NA	NA	280	530325	81.89323	1894.0178	503	46175	280	81.89323
KPanRef-076-M#2#classII	637274	0	0	0	NA	NA	NA	260	517171	81.15363	1989.1193	503	46180	260	81.15363
KPanRef-076-P#1#classII	466759	0	0	0	NA	NA	NA	164	345888	74.104195	2109.0732	502	46178	164	74.104195
KPanRef-076-P#2#classII	552846	0	0	0	NA	NA	NA	229	439927	79.57497	1921.0786	502	46179	229	79.57497
KPanRef-077#1#classII	640687	0	0	0	NA	NA	NA	269	524287	81.832	1949.0223	503	46166	269	81.832
KPanRef-077#2#classII	466757	0	0	0	NA	NA	NA	163	344321	73.76879	2112.3987	502	46178	163	73.76879
KPanRef-078#1#classII	531691	0	0	0	NA	NA	NA	209	420541	79.095	2012.1578	501	46175	209	79.095
KPanRef-078#2#classII	523594	0	0	0	NA	NA	NA	216	404154	77.18843	1871.0834	501	46182	216	77.18843
KPanRef-079#1#classII	647487	0	0	0	NA	NA	NA	278	529936	81.84504	1906.2446	503	46177	278	81.84504
KPanRef-079#2#classII	530821	0	0	0	NA	NA	NA	203	408806	77.01391	2013.8226	503	46166	203	77.01391
KPanRef-080#1#classII	638786	0	0	0	NA	NA	NA	264	519174	81.27511	1966.5682	503	46180	264	81.27511
KPanRef-080#2#classII	640667	0	0	0	NA	NA	NA	270	525396	82.00766	1945.9111	503	46164	270	82.00766
NA18505#1#classII	524951	0	0	0	NA	NA	NA	225	413387	78.747734	1837.2755	501	46180	225	78.747734
NA18505#2#classII	553804	0	0	0	NA	NA	NA	242	455555	82.25925	1882.4586	503	46105	242	82.25925
NA18508#1#classII	531017	0	0	0	NA	NA	NA	204	395541	74.48744	1938.9265	503	46184	204	74.48744
NA18508#2#classII	540514	0	0	0	NA	NA	NA	221	411620	76.15344	1862.5339	503	46183	221	76.15344
NA18522#1#classII	529680	0	0	0	NA	NA	NA	203	406431	76.73142	2002.1232	502	46183	203	76.73142
NA18522#2#classII	533595	0	0	0	NA	NA	NA	210	403150	75.55356	1919.762	501	46181	210	75.55356
NA18565#1#classII	640643	0	0	0	NA	NA	NA	270	524884	81.93081	1944.0148	503	46181	270	81.93081
NA18565#2#classII	526010	0	0	0	NA	NA	NA	188	389033	73.95924	2069.3245	503	46180	188	73.95924
NA18570#1#classII	522122	0	0	0	NA	NA	NA	212	412685	79.039955	1946.6273	502	46166	212	79.039955
NA18570#2#classII	638796	0	0	0	NA	NA	NA	264	519146	81.26945	1966.4622	503	46176	264	81.26945
NA18608#1#classII	528816	0	0	0	NA	NA	NA	208	406968	76.958336	1956.5769	501	46180	208	76.958336
NA18608#2#classII	529588	0	0	0	NA	NA	NA	214	410529	77.51856	1918.3599	501	46179	214	77.51856
NA18620#1#classII	525283	0	0	0	NA	NA	NA	188	385572	73.40272	2050.9148	502	46179	188	73.40272
NA18620#2#classII	525282	0	0	0	NA	NA	NA	203	405749	77.24403	1998.7635	502	46169	203	77.24403
NA18747#1#classII	529584	0	0	0	NA	NA	NA	211	407339	76.91679	1930.5166	502	46177	211	76.91679
NA18747#2#classII	553005	0	0	0	NA	NA	NA	241	455464	82.36164	1889.8921	503	46179	241	82.36164
NA18879#1#classII	533566	0	0	0	NA	NA	NA	206	407876	76.443405	1979.9806	503	46187	206	76.443405
NA18879#2#classII	532811	0	0	0	NA	NA	NA	211	402881	75.61424	1909.3887	501	46180	211	75.61424
NA18906#1#classII	529817	0	0	0	NA	NA	NA	215	413155	77.9807	1921.6511	503	46180	215	77.9807
NA18906#2#classII	532127	0	0	0	NA	NA	NA	207	397132	74.63106	1918.5121	501	46182	207	74.63106
NA18940#1#classII	554055	0	0	0	NA	NA	NA	221	443422	80.03213	2006.4344	503	46180	221	80.03213
NA18940#2#classII	466547	0	0	0	NA	NA	NA	163	341406	73.17719	2094.5154	503	46181	163	73.17719
NA18940.JaSaPaGe#1#classII	554068	0	0	0	NA	NA	NA	221	443429	80.03151	2006.4661	503	46181	221	80.03151
NA18940.JaSaPaGe#2#classII	466550	0	0	0	NA	NA	NA	163	341157	73.12335	2092.9878	503	46181	163	73.12335
NA18943#1#classII	466706	0	0	0	NA	NA	NA	162	344627	73.84242	2127.3271	503	46164	162	73.84242
NA18943#2#classII	466731	0	0	0	NA	NA	NA	165	344841	73.884315	2089.9456	503	46179	165	73.884315
NA18943.JaSaPaGe#1#classII	466706	0	0	0	NA	NA	NA	162	344627	73.84242	2127.3271	503	46164	162	73.84242
NA18943.JaSaPaGe#2#classII	466731	0	0	0	NA	NA	NA	165	344841	73.884315	2089.9456	503	46179	165	73.884315
NA18944#1#classII	531729	0	0	0	NA	NA	NA	215	404021	75.982506	1879.1675	503	46179	215	75.982506
NA18944#2#classII	467300	0	0	0	NA	NA	NA	173	347404	74.34282	2008.1156	503	46166	173	74.34282
NA18945#1#classII	530232	0	0	0	NA	NA	NA	202	393056	74.12906	1945.8218	503	46182	202	74.12906
NA18945#2#classII	639496	0	0	0	NA	NA	NA	268	527049	82.416306	1966.6007	503	46180	268	82.416306
NA18945.JaSaPaGe#1#classII	639498	0	0	0	NA	NA	NA	268	527051	82.41637	1966.6082	503	46180	268	82.41637
NA18945.JaSaPaGe#2#classII	530232	0	0	0	NA	NA	NA	202	393054	74.128685	1945.8119	503	46181	202	74.128685
NA18948#1#classII	647580	0	0	0	NA	NA	NA	279	530305	81.89027	1900.7347	503	46176	279	81.89027
NA18948#2#classII	537036	0	0	0	NA	NA	NA	222	429461	79.96876	1934.509	502	46183	222	79.96876
NA18952#1#classII	530176	0	0	0	NA	NA	NA	209	407483	76.85806	1949.6794	503	46180	209	76.85806
NA18952#2#classII	639493	0	0	0	NA	NA	NA	268	527462	82.48128	1968.1418	503	46167	268	82.48128
NA18952.JaSaPaGe#1#classII	639493	0	0	0	NA	NA	NA	268	527463	82.48144	1968.1455	503	46167	268	82.48144
NA18952.JaSaPaGe#2#classII	639493	0	0	0	NA	NA	NA	268	527462	82.48128	1968.1418	503	46167	268	82.48128
NA18959#1#classII	554051	0	0	0	NA	NA	NA	221	443335	80.017	2006.0408	503	46180	221	80.017
NA18959#2#classII	553126	0	0	0	NA	NA	NA	240	455691	82.38467	1898.7125	503	46179	240	82.38467
NA18960#1#classII	639496	0	0	0	NA	NA	NA	268	527475	82.482925	1968.1903	503	46181	268	82.482925
NA18960#2#classII	638523	0	0	0	NA	NA	NA	260	516701	80.92128	1987.3115	503	46183	260	80.92128
NA18967#1#classII	528861	0	0	0	NA	NA	NA	207	406252	76.81641	1962.5701	503	46181	207	76.81641
NA18967#2#classII	639554	0	0	0	NA	NA	NA	268	527105	82.41759	1966.8097	503	46181	268	82.41759
NA18970#1#classII	529541	0	0	0	NA	NA	NA	211	407192	76.89527	1929.82	502	46164	211	76.89527
NA18970#2#classII	637518	0	0	0	NA	NA	NA	258	523416	82.10215	2028.7441	503	46181	258	82.10215
NA18970.JaSaPaGe#1#classII	529541	0	0	0	NA	NA	NA	211	407192	76.89527	1929.82	502	46164	211	76.89527
NA18970.JaSaPaGe#2#classII	637518	0	0	0	NA	NA	NA	258	523416	82.10215	2028.7441	503	46181	258	82.10215
NA18971#1#classII	639272	0	0	0	NA	NA	NA	265	523225	81.84701	1974.434	503	46177	265	81.84701
NA18971#2#classII	529069	0	0	0	NA	NA	NA	210	410608	77.609535	1955.2762	501	46181	210	77.609535
NA18974#1#classII	640496	0	0	0	NA	NA	NA	270	525320	82.017685	1945.6296	503	46180	270	82.017685
NA18974#2#classII	553048	0	0	0	NA	NA	NA	240	455633	82.385796	1898.4708	503	46179	240	82.385796
NA18976#1#classII	530247	0	0	0	NA	NA	NA	202	393107	74.13658	1946.0742	503	46174	202	74.13658
NA18976#2#classII	530247	0	0	0	NA	NA	NA	202	393107	74.13658	1946.0742	503	46174	202	74.13658
NA18982#1#classII	554050	0	0	0	NA	NA	NA	221	443421	80.03267	2006.4298	503	46180	221	80.03267
NA18982#2#classII	546065	0	0	0	NA	NA	NA	236	453671	83.08004	1922.3347	502	46176	236	83.08004
NA18983#1#classII	522361	0	0	0	NA	NA	NA	214	416046	79.64722	1944.1401	502	46179	214	79.64722
NA18983#2#classII	638790	0	0	0	NA	NA	NA	264	519060	81.25675	1966.1364	503	46180	264	81.25675
NA18990#1#classII	530251	0	0	0	NA	NA	NA	202	393114	74.137344	1946.1089	503	46177	202	74.137344
NA18990#2#classII	640614	0	0	0	NA	NA	NA	270	525669	82.05706	1946.9222	503	46179	270	82.05706
NA19007#1#classII	639228	0	0	0	NA	NA	NA	265	523261	81.85828	1974.5698	503	46178	265	81.85828
NA19007#2#classII	466702	0	0	0	NA	NA	NA	164	345841	74.10317	2108.7866	502	46178	164	74.10317
NA19036#1#classII	534698	0	0	0	NA	NA	NA	207	405089	75.76034	1956.9517	503	46186	207	75.76034
NA19036#2#classII	529823	0	0	0	NA	NA	NA	215	413151	77.97906	1921.6326	503	46179	215	77.97906
NA19043#1#classII	530710	0	0	0	NA	NA	NA	218	413984	78.00569	1899.0092	503	46188	218	78.00569
NA19043#2#classII	530699	0	0	0	NA	NA	NA	218	413725	77.9585	1897.821	503	46178	218	77.9585
NA19066#1#classII	554040	0	0	0	NA	NA	NA	221	443126	79.980865	2005.095	503	46164	221	79.980865
NA19066#2#classII	647592	0	0	0	NA	NA	NA	279	530924	81.98434	1902.9534	503	46176	279	81.98434
NA19079#1#classII	638215	0	0	0	NA	NA	NA	260	519299	81.36741	1997.3038	503	46179	260	81.36741
NA19079#2#classII	530246	0	0	0	NA	NA	NA	202	393111	74.137474	1946.0941	503	46174	202	74.137474
NA19087#1#classII	639100	0	0	0	NA	NA	NA	260	515276	80.62525	1981.8308	503	46181	260	80.62525
NA19087#2#classII	530242	0	0	0	NA	NA	NA	202	393098	74.13558	1946.0297	503	46168	202	74.13558
NA19088#1#classII	530318	0	0	0	NA	NA	NA	205	413987	78.06392	2019.4487	502	46091	205	78.06392
NA19088#2#classII	638806	0	0	0	NA	NA	NA	263	518461	81.16095	1971.3346	503	46181	263	81.16095
NA19159#1#classII	532838	0	0	0	NA	NA	NA	211	403510	75.728455	1912.3696	501	46094	211	75.728455
NA19159#2#classII	646611	0	0	0	NA	NA	NA	277	527176	81.52908	1903.1625	502	46099	277	81.52908
NA19185#1#classII	533229	0	0	0	NA	NA	NA	209	399162	74.85752	1909.8661	501	46107	209	74.85752
NA19185#2#classII	529551	0	0	0	NA	NA	NA	205	402382	75.985504	1962.839	503	46184	205	75.985504
NA19240#1#classII	528464	0	0	0	NA	NA	NA	208	413602	78.26493	1988.4712	502	46183	208	78.26493
NA19240#2#classII	554326	0	0	0	NA	NA	NA	205	427028	77.03554	2083.0635	501	46182	205	77.03554
NA19338#1#classII	530558	0	0	0	NA	NA	NA	199	386532	72.85387	1942.3718	503	46105	199	72.85387
NA19338#2#classII	553797	0	0	0	NA	NA	NA	243	456012	82.34281	1876.5927	503	46105	243	82.34281
NA19391#1#classII	532107	0	0	0	NA	NA	NA	212	396189	74.45664	1868.816	502	46107	212	74.45664
NA19391#2#classII	525017	0	0	0	NA	NA	NA	212	411921	78.4586	1943.0236	501	46107	212	78.4586
NA19443#1#classII	529684	0	0	0	NA	NA	NA	195	391578	73.92672	2008.0923	503	46106	195	73.92672
NA19443#2#classII	461381	0	0	0	NA	NA	NA	173	353885	76.70125	2045.578	502	46180	173	76.70125
NA19468#1#classII	543351	0	0	0	NA	NA	NA	213	422631	77.78232	1984.1831	504	46103	213	77.78232
NA19468#2#classII	528074	0	0	0	NA	NA	NA	209	398450	75.45344	1906.4594	503	46108	209	75.45344
NA19682#1#classII	530481	0	0	0	NA	NA	NA	207	416253	78.46709	2010.884	502	46181	207	78.46709
NA19682#2#classII	524031	0	0	0	NA	NA	NA	204	390448	74.50857	1913.9608	502	46181	204	74.50857
NA19700#1#classII	532687	0	0	0	NA	NA	NA	200	402140	75.49274	2010.7	503	46183	200	75.49274
NA19700#2#classII	642267	0	0	0	NA	NA	NA	250	506823	78.911575	2027.292	503	46104	250	78.911575
NA19776#1#classII	638273	0	0	0	NA	NA	NA	261	519406	81.37678	1990.0613	503	46180	261	81.37678
NA19776#2#classII	530530	0	0	0	NA	NA	NA	207	416121	78.43496	2010.2463	502	46165	207	78.43496
NA19835#1#classII	465656	0	0	0	NA	NA	NA	165	349402	75.03436	2117.588	503	46182	165	75.03436
NA19835#2#classII	534070	0	0	0	NA	NA	NA	207	400304	74.95347	1933.8357	502	46096	207	74.95347
NA19909#1#classII	529552	0	0	0	NA	NA	NA	205	402382	75.98536	1962.839	503	46184	205	75.98536
NA19909#2#classII	529552	0	0	0	NA	NA	NA	205	402382	75.98536	1962.839	503	46184	205	75.98536
NA20129#1#classII	528969	0	0	0	NA	NA	NA	215	406593	76.86519	1891.1302	502	46108	215	76.86519
NA20129#2#classII	530327	0	0	0	NA	NA	NA	207	416143	78.46913	2010.3527	502	46166	207	78.46913
NA20282#1#classII	461001	0	0	0	NA	NA	NA	168	351867	76.32673	2094.4465	502	46185	168	76.32673
NA20282#2#classII	529550	0	0	0	NA	NA	NA	205	402380	75.98527	1962.8292	503	46184	205	75.98527
NA20346#1#classII	540507	0	0	0	NA	NA	NA	221	411608	76.15221	1862.4796	503	46179	221	76.15221
NA20346#2#classII	530210	0	0	0	NA	NA	NA	201	393354	74.18834	1956.9851	503	46182	201	74.18834
NA20503#1#classII	536870	0	0	0	NA	NA	NA	217	423140	78.8161	1949.9539	502	46180	217	78.8161
NA20503#2#classII	522292	0	0	0	NA	NA	NA	213	414940	79.445984	1948.0751	502	46169	213	79.445984
NA20752#1#classII	536268	0	0	0	NA	NA	NA	218	421062	78.51708	1931.477	502	46180	218	78.51708
NA20752#2#classII	644968	0	0	0	NA	NA	NA	272	525864	81.53335	1933.3235	503	46183	272	81.53335
NA20762#1#classII	538217	0	0	0	NA	NA	NA	223	426828	79.30407	1914.0269	502	46185	223	79.30407
NA20762#2#classII	529570	0	0	0	NA	NA	NA	213	409427	77.3131	1922.1925	503	46183	213	77.3131
NA20799#1#classII	522164	0	0	0	NA	NA	NA	213	413102	79.11346	1939.446	501	46177	213	79.11346
NA20799#2#classII	536538	0	0	0	NA	NA	NA	217	414929	77.3345	1912.1152	502	46183	217	77.3345
NA20805#1#classII	527445	0	0	0	NA	NA	NA	220	423649	80.320984	1925.6772	501	46182	220	80.320984
NA20805#2#classII	522148	0	0	0	NA	NA	NA	213	413435	79.17966	1941.0094	502	46180	213	79.17966
NA20806#1#classII	553768	0	0	0	NA	NA	NA	243	456124	82.36735	1877.0535	503	46165	243	82.36735
NA20806#2#classII	553737	0	0	0	NA	NA	NA	243	456073	82.36275	1876.8436	503	46184	243	82.36275
NA20809#1#classII	638834	0	0	0	NA	NA	NA	261	517826	81.05799	1984.0077	503	46185	261	81.05799
NA20809#2#classII	537040	0	0	0	NA	NA	NA	222	429465	79.9689	1934.527	502	46183	222	79.9689
NA20827#1#classII	647574	0	0	0	NA	NA	NA	279	530533	81.92624	1901.552	503	46173	279	81.92624
NA20827#2#classII	647583	0	0	0	NA	NA	NA	279	530770	81.96169	1902.4015	503	46169	279	81.96169
NA20850#1#classII	647844	0	0	0	NA	NA	NA	278	537746	83.00548	1934.3381	503	46113	278	83.00548
NA20850#2#classII	556323	0	0	0	NA	NA	NA	233	461500	82.95541	1980.6866	503	46180	233	82.95541
NA20870#1#classII	530142	0	0	0	NA	NA	NA	199	389040	73.38411	1954.9749	503	46191	199	73.38411
NA20870#2#classII	554592	0	0	0	NA	NA	NA	229	452458	81.58394	1975.7991	503	46181	229	81.58394
NA20905#1#classII	522384	0	0	0	NA	NA	NA	214	416014	79.63758	1943.9906	502	46182	214	79.63758
NA20905#2#classII	554069	0	0	0	NA	NA	NA	221	443427	80.031006	2006.457	503	46180	221	80.031006
NA21093#1#classII	647872	0	0	0	NA	NA	NA	278	537822	83.01362	1934.6115	503	46179	278	83.01362
NA21093#2#classII	542127	0	0	0	NA	NA	NA	212	425787	78.540085	2008.4292	504	46178	212	78.540085
NA21102#1#classII	542423	0	0	0	NA	NA	NA	208	417591	76.98623	2007.649	504	46181	208	76.98623
NA21102#2#classII	524495	0	0	0	NA	NA	NA	221	413276	78.79503	1870.0271	501	46181	221	78.79503
NA21106#1#classII	554612	0	0	0	NA	NA	NA	229	452673	81.61977	1976.738	503	46171	229	81.61977
NA21106#2#classII	554275	0	0	0	NA	NA	NA	222	445213	80.32349	2005.464	503	46179	222	80.32349
NA21110#1#classII	522270	0	0	0	NA	NA	NA	214	413819	79.23469	1933.7336	501	46185	214	79.23469
NA21110#2#classII	554269	0	0	0	NA	NA	NA	221	444244	80.14953	2010.1538	503	46179	221	80.14953
NA21144#1#classII	647882	0	0	0	NA	NA	NA	278	537681	82.99058	1934.1044	503	46179	278	82.99058
NA21144#2#classII	523620	0	0	0	NA	NA	NA	216	404172	77.188034	1871.1666	501	46179	216	77.188034
NA21309#1#classII	553760	0	0	0	NA	NA	NA	237	448135	80.92585	1890.865	503	46113	237	80.92585
NA21309#2#classII	530250	0	0	0	NA	NA	NA	202	392838	74.085434	1944.7426	503	46183	202	74.085434
RY01#1#classII	526212	0	0	0	NA	NA	NA	196	399695	75.95703	2039.2603	503	46182	196	75.95703
RY01#2#classII	639286	0	0	0	NA	NA	NA	264	522428	81.72054	1978.8939	503	46181	264	81.72054
RY02#1#classII	536434	0	0	0	NA	NA	NA	217	421049	78.490364	1940.318	502	46113	217	78.490364
RY02#2#classII	554079	0	0	0	NA	NA	NA	222	444096	80.15031	2000.4324	503	46181	222	80.15031
RY03#1#classII	647630	0	0	0	NA	NA	NA	277	529389	81.74251	1911.1516	503	46177	277	81.74251
RY03#2#classII	530183	0	0	0	NA	NA	NA	209	407210	76.80556	1948.3732	503	46179	209	76.80556
RY04#1#classII	523551	0	0	0	NA	NA	NA	217	414648	79.19916	1910.8203	501	46164	217	79.19916
RY04#2#classII	527813	0	0	0	NA	NA	NA	219	420217	79.61475	1918.7991	501	46180	219	79.61475
RY05#1#classII	522218	0	0	0	NA	NA	NA	212	412485	78.98713	1945.684	502	46180	212	78.98713
RY05#2#classII	537045	0	0	0	NA	NA	NA	222	429467	79.96853	1934.536	502	46181	222	79.96853
RY06#1#classII	522314	0	0	0	NA	NA	NA	211	412534	78.981995	1955.1375	501	46184	211	78.981995
RY06#2#classII	553736	0	0	0	NA	NA	NA	243	455978	82.34574	1876.4526	503	46184	243	82.34574
RY07#1#classII	468416	0	0	0	NA	NA	NA	176	349795	74.67614	1987.4716	503	46179	176	74.67614
RY07#2#classII	647624	0	0	0	NA	NA	NA	279	530841	81.96747	1902.6559	503	46177	279	81.96747
RY08#1#classII	555436	0	0	0	NA	NA	NA	212	430147	77.44312	2028.9952	503	46171	212	77.44312
RY08#2#classII	640698	0	0	0	NA	NA	NA	269	524795	81.90989	1950.9108	503	46167	269	81.90989
RY09#1#classII	647446	0	0	0	NA	NA	NA	275	526102	81.25805	1913.0981	503	46179	275	81.25805
RY09#2#classII	647528	0	0	0	NA	NA	NA	279	530473	81.92279	1901.3369	503	46176	279	81.92279
RY10#1#classII	554055	0	0	0	NA	NA	NA	220	442251	79.82078	2010.2318	503	46181	220	79.82078
RY10#2#classII	639307	0	0	0	NA	NA	NA	265	523289	81.85254	1974.6754	503	46180	265	81.85254
RY11#1#classII	638512	0	0	0	NA	NA	NA	260	516455	80.88415	1986.3654	503	46168	260	80.88415
RY11#2#classII	638777	0	0	0	NA	NA	NA	265	517569	81.02499	1953.0906	503	46182	265	81.02499
apr-f#1#classII	554590	0	0	0	NA	NA	NA	224	447662	80.71945	1998.4911	503	46183	224	80.71945
apr-f#2#classII	554011	0	0	0	NA	NA	NA	229	449455	81.12745	1962.6855	503	46093	229	81.12745
apr-m#1#classII	529298	0	0	0	NA	NA	NA	199	398462	75.28122	2002.3217	503	46108	199	75.28122
apr-m#2#classII	522394	0	0	0	NA	NA	NA	213	415297	79.49881	1949.7512	502	46181	213	79.49881
apr-s#1#classII	522395	0	0	0	NA	NA	NA	213	415299	79.49904	1949.7606	502	46181	213	79.49904
apr-s#2#classII	554586	0	0	0	NA	NA	NA	224	447658	80.719315	1998.4733	503	46183	224	80.719315
apr001#1#classII	554946	0	0	0	NA	NA	NA	217	439684	79.23005	2026.1936	503	46183	217	79.23005
apr001#2#classII	523622	0	0	0	NA	NA	NA	216	404295	77.211235	1871.7361	501	46177	216	77.211235
apr002#1#classII	648599	0	0	0	NA	NA	NA	277	532091	82.03697	1920.9061	503	46182	277	82.03697
apr002#2#classII	542435	0	0	0	NA	NA	NA	209	418026	77.06472	2000.1244	504	46181	209	77.06472
apr003#1#classII	638045	0	0	0	NA	NA	NA	258	514632	80.65763	1994.6976	503	46165	258	80.65763
apr003#2#classII	555659	0	0	0	NA	NA	NA	217	433396	77.99676	1997.2166	503	46178	217	77.99676
apr004#1#classII	553765	0	0	0	NA	NA	NA	244	456496	82.43497	1870.8853	503	46111	244	82.43497
apr004#2#classII	523623	0	0	0	NA	NA	NA	216	404185	77.19008	1871.2268	502	46189	216	77.19008
apr005#1#classII	523620	0	0	0	NA	NA	NA	216	404170	77.18765	1871.1573	501	46179	216	77.18765
apr005#2#classII	523620	0	0	0	NA	NA	NA	216	404170	77.18765	1871.1573	501	46179	216	77.18765
apr006#1#classII	523609	0	0	0	NA	NA	NA	214	401316	76.64421	1875.3085	501	46179	214	76.64421
apr006#2#classII	554870	0	0	0	NA	NA	NA	225	454990	81.99939	2022.1777	503	46181	225	81.99939
apr007#1#classII	553762	0	0	0	NA	NA	NA	244	456500	82.436134	1870.9016	503	46111	244	82.436134
apr007#2#classII	553769	0	0	0	NA	NA	NA	243	455995	82.3439	1876.5226	503	46109	243	82.3439
apr008#1#classII	538265	0	0	0	NA	NA	NA	221	425056	78.9678	1923.3303	502	46112	221	78.9678
apr008#2#classII	523634	0	0	0	NA	NA	NA	215	403366	77.03205	1876.121	502	46183	215	77.03205
apr009#1#classII	648121	0	0	0	NA	NA	NA	272	519390	80.13782	1909.5221	503	46109	272	80.13782
apr009#2#classII	554966	0	0	0	NA	NA	NA	214	435015	78.38588	2032.7804	503	46175	214	78.38588
apr010#1#classII	648133	0	0	0	NA	NA	NA	274	518624	80.01814	1892.7883	503	46194	274	80.01814
apr010#2#classII	553803	0	0	0	NA	NA	NA	241	453045	81.80617	1879.8547	503	46181	241	81.80617
apr011#1#classII	522321	0	0	0	NA	NA	NA	211	412765	79.02516	1956.2322	502	46182	211	79.02516
apr011#2#classII	523627	0	0	0	NA	NA	NA	216	404801	77.30713	1874.0787	501	46182	216	77.30713
apr012#1#classII	523627	0	0	0	NA	NA	NA	216	404183	77.1891	1871.2177	501	46189	216	77.1891
apr012#2#classII	524469	0	0	0	NA	NA	NA	221	413260	78.79588	1869.9547	501	46180	221	78.79588
apr013#1#classII	554022	0	0	0	NA	NA	NA	223	444281	80.19194	1992.2915	503	46187	223	80.19194
apr013#2#classII	554408	0	0	0	NA	NA	NA	222	445184	80.29899	2005.3334	503	46175	222	80.29899
apr014#1#classII	523583	0	0	0	NA	NA	NA	216	404523	77.26053	1872.7916	501	46185	216	77.26053
apr014#2#classII	529543	0	0	0	NA	NA	NA	205	402136	75.9402	1961.639	503	46184	205	75.9402
apr015#1#classII	523553	0	0	0	NA	NA	NA	216	404491	77.25884	1872.6436	501	46106	216	77.25884
apr015#2#classII	523553	0	0	0	NA	NA	NA	216	404491	77.25884	1872.6436	501	46106	216	77.25884
apr016#1#classII	554970	0	0	0	NA	NA	NA	215	438707	79.05058	2040.4977	503	46179	215	79.05058
apr016#2#classII	522188	0	0	0	NA	NA	NA	213	413133	79.11576	1939.5916	502	46183	213	79.11576
apr018#1#classII	466849	0	0	0	NA	NA	NA	168	347372	74.40778	2067.6904	503	46180	168	74.40778
apr018#2#classII	542417	0	0	0	NA	NA	NA	208	418077	77.076675	2009.9856	504	46181	208	77.076675
apr019#1#classII	637381	0	0	0	NA	NA	NA	256	509054	79.866516	1988.4922	503	46181	256	79.866516
apr019#2#classII	542908	0	0	0	NA	NA	NA	209	422931	77.90105	2023.5933	504	46107	209	77.90105
apr020#1#classII	554953	0	0	0	NA	NA	NA	211	434067	78.216896	2057.1895	503	46176	211	78.216896
apr020#2#classII	524990	0	0	0	NA	NA	NA	224	412858	78.64111	1843.1161	501	46181	224	78.64111
apr021#1#classII	523330	0	0	0	NA	NA	NA	208	408312	78.0219	1963.0385	501	46175	208	78.0219
apr021#2#classII	524433	0	0	0	NA	NA	NA	221	412793	78.71225	1867.8417	501	46179	221	78.71225
apr022#1#classII	554959	0	0	0	NA	NA	NA	216	440001	79.28532	2037.0416	503	46181	216	79.28532
apr022#2#classII	523627	0	0	0	NA	NA	NA	215	403620	77.08159	1877.3024	502	46189	215	77.08159
apr023#1#classII	553928	0	0	0	NA	NA	NA	242	455438	82.21971	1881.9752	503	46105	242	82.21971
apr023#2#classII	469254	0	0	0	NA	NA	NA	171	358492	76.39615	2096.4443	503	46107	171	76.39615
apr024#1#classII	555266	0	0	0	NA	NA	NA	230	457016	82.30578	1987.0261	503	46179	230	82.30578
apr024#2#classII	555148	0	0	0	NA	NA	NA	217	441101	79.45647	2032.7235	503	46181	217	79.45647
apr025#1#classII	541960	0	0	0	NA	NA	NA	204	422641	77.9838	2071.7695	504	46178	204	77.9838
apr025#2#classII	640007	0	0	0	NA	NA	NA	273	510396	79.748505	1869.5824	502	46181	273	79.748505
apr026#1#classII	647659	0	0	0	NA	NA	NA	279	530727	81.945435	1902.2473	503	46179	279	81.945435
apr026#2#classII	637385	0	0	0	NA	NA	NA	256	508923	79.84546	1987.9805	503	46175	256	79.84546
apr027#1#classII	648005	0	0	0	NA	NA	NA	276	523211	80.74181	1895.692	503	46184	276	80.74181
apr027#2#classII	536803	0	0	0	NA	NA	NA	219	417678	77.80843	1907.2054	502	46182	219	77.80843
apr029#1#classII	647613	0	0	0	NA	NA	NA	278	529798	81.80781	1905.7482	503	46176	278	81.80781
apr029#2#classII	523622	0	0	0	NA	NA	NA	216	404421	77.2353	1872.3195	501	46179	216	77.2353
apr030#1#classII	531698	0	0	0	NA	NA	NA	209	414872	78.027756	1985.0334	503	46178	209	78.027756
apr030#2#classII	542423	0	0	0	NA	NA	NA	209	418182	77.095184	2000.8708	504	46178	209	77.095184
apr031#1#classII	537582	0	0	0	NA	NA	NA	224	424563	78.97642	1895.3705	502	46182	224	78.97642
apr031#2#classII	555176	0	0	0	NA	NA	NA	215	441074	79.4476	2051.507	503	46176	215	79.4476
apr032#1#classII	647207	0	0	0	NA	NA	NA	273	524760	81.0807	1922.1978	503	46176	273	81.0807
apr032#2#classII	648143	0	0	0	NA	NA	NA	277	523187	80.720924	1888.7617	501	46196	277	80.720924
apr033#1#classII	533529	0	0	0	NA	NA	NA	204	405999	76.09689	1990.1912	503	46191	204	76.09689
apr033#2#classII	536260	0	0	0	NA	NA	NA	218	421096	78.5246	1931.633	502	46178	218	78.5246
apr034#1#classII	536603	0	0	0	NA	NA	NA	214	419321	78.143616	1959.444	502	46186	214	78.143616
apr034#2#classII	522196	0	0	0	NA	NA	NA	213	413129	79.113785	1939.5728	502	46182	213	79.113785
apr035#1#classII	529464	0	0	0	NA	NA	NA	212	401501	75.8316	1893.8727	503	46179	212	75.8316
apr035#2#classII	528602	0	0	0	NA	NA	NA	216	409851	77.5349	1897.4584	502	46103	216	77.5349
apr036#1#classII	525222	0	0	0	NA	NA	NA	212	412655	78.567726	1946.4858	502	46109	212	78.567726
apr036#2#classII	529575	0	0	0	NA	NA	NA	214	406664	76.790634	1900.2991	503	46107	214	76.790634
apr037#1#classII	537040	0	0	0	NA	NA	NA	222	429362	79.94972	1934.0631	502	46180	222	79.94972
apr037#2#classII	553785	0	0	0	NA	NA	NA	243	456066	82.35434	1876.8148	503	46179	243	82.35434
apr038#1#classII	536551	0	0	0	NA	NA	NA	215	409637	76.34633	1905.2883	502	46182	215	76.34633
apr038#2#classII	528379	0	0	0	NA	NA	NA	211	399888	75.68204	1895.2037	503	46181	211	75.68204
apr039#1#classII	554935	0	0	0	NA	NA	NA	216	439862	79.263695	2036.3982	503	46183	216	79.263695
apr039#2#classII	536974	0	0	0	NA	NA	NA	219	420680	78.34271	1920.9132	502	46181	219	78.34271
apr040#1#classII	555299	0	0	0	NA	NA	NA	235	456494	82.20689	1942.5277	503	46181	235	82.20689
apr040#2#classII	552905	0	0	0	NA	NA	NA	234	445235	80.52649	1902.7136	503	46183	234	80.52649
apr041#1#classII	528437	0	0	0	NA	NA	NA	204	402072	76.08703	1970.9412	501	46179	204	76.08703
apr041#2#classII	553763	0	0	0	NA	NA	NA	244	456498	82.43562	1870.8934	503	46111	244	82.43562
apr042#1#classII	527197	0	0	0	NA	NA	NA	211	400866	76.03723	1899.8389	501	46184	211	76.03723
apr042#2#classII	529420	0	0	0	NA	NA	NA	202	407931	77.05244	2019.4604	502	46184	202	77.05244
apr043#1#classII	529472	0	0	0	NA	NA	NA	202	408004	77.058655	2019.8218	502	46181	202	77.058655
apr043#2#classII	648773	0	0	0	NA	NA	NA	281	529418	81.60297	1884.0498	503	46097	281	81.60297
apr044#1#classII	555396	0	0	0	NA	NA	NA	227	448978	80.83926	1977.8767	503	46180	227	80.83926
apr044#2#classII	523188	0	0	0	NA	NA	NA	211	411274	78.60922	1949.1659	501	46180	211	78.60922
apr045#1#classII	529469	0	0	0	NA	NA	NA	201	407464	76.9571	2027.1841	502	46181	201	76.9571
apr045#2#classII	639515	0	0	0	NA	NA	NA	260	520011	81.31334	2000.0424	501	46178	260	81.31334
apr046#1#classII	528016	0	0	0	NA	NA	NA	201	398820	75.5318	1984.1791	503	46177	201	75.5318
apr046#2#classII	530884	0	0	0	NA	NA	NA	200	391373	73.721	1956.865	503	46179	200	73.721
apr047#1#classII	639543	0	0	0	NA	NA	NA	259	519541	81.23629	2005.9498	501	46184	259	81.23629
apr047#2#classII	554042	0	0	0	NA	NA	NA	221	443262	80.00513	2005.7104	503	46180	221	80.00513
apr048#1#classII	554131	0	0	0	NA	NA	NA	221	443275	79.99462	2005.7693	503	46182	221	79.99462
apr048#2#classII	554955	0	0	0	NA	NA	NA	215	439129	79.12876	2042.4604	503	46179	215	79.12876
apr049#1#classII	554911	0	0	0	NA	NA	NA	215	439273	79.16098	2043.1302	503	46182	215	79.16098
apr049#2#classII	556060	0	0	0	NA	NA	NA	215	437726	78.7192	2035.9349	503	46179	215	78.7192
apr050#1#classII	639308	0	0	0	NA	NA	NA	256	514714	80.511116	2010.6016	503	46178	256	80.511116
apr050#2#classII	525586	0	0	0	NA	NA	NA	224	412834	78.54737	1843.0089	501	46173	224	78.54737
apr051#1#classII	553524	0	0	0	NA	NA	NA	233	444631	80.327324	1908.2876	503	46179	233	80.327324
apr051#2#classII	532616	0	0	0	NA	NA	NA	191	394026	73.97938	2062.9634	503	46186	191	73.97938
apr52#1#classII	647867	0	0	0	NA	NA	NA	278	537825	83.014725	1934.6223	503	46179	278	83.014725
apr52#2#classII	637991	0	0	0	NA	NA	NA	260	516902	81.02026	1988.0846	503	46191	260	81.02026
chm13#0#classII	522175	0	0	0	NA	NA	NA	214	414169	79.31613	1935.3691	501	46092	214	79.31613
hg002#1#classII	638730	0	0	0	NA	NA	NA	265	519641	81.35535	1960.9094	503	46180	265	81.35535
hg002#2#classII	542094	0	0	0	NA	NA	NA	208	422663	77.96858	2032.0337	504	46181	208	77.96858
ksa001#1#classII	638735	0	0	0	NA	NA	NA	266	520721	81.523796	1957.5978	503	46181	266	81.523796
ksa001#2#classII	522204	0	0	0	NA	NA	NA	211	412134	78.92203	1953.2417	502	46162	211	78.92203
ksa002#1#classII	538018	0	0	0	NA	NA	NA	221	422496	78.52823	1911.7466	502	46181	221	78.52823
ksa002#2#classII	523583	0	0	0	NA	NA	NA	216	404658	77.286316	1873.4166	502	46109	216	77.286316
ksa003#1#classII	638017	0	0	0	NA	NA	NA	263	517583	81.1237	1967.9962	501	46192	263	81.1237
ksa003#2#classII	639118	0	0	0	NA	NA	NA	256	511666	80.05814	1998.6953	503	46175	256	80.05814
ksa004#1#classII	532122	0	0	0	NA	NA	NA	209	403061	75.74598	1928.5215	501	46177	209	75.74598
ksa004#2#classII	530851	0	0	0	NA	NA	NA	200	391826	73.81092	1959.13	503	46186	200	73.81092
ksa005#1#classII	532059	0	0	0	NA	NA	NA	207	402182	75.58974	1942.9082	501	46183	207	75.58974
ksa005#2#classII	637982	0	0	0	NA	NA	NA	261	516798	81.005104	1980.069	501	46184	261	81.005104
ksa006#1#classII	649186	0	0	0	NA	NA	NA	279	522950	80.554726	1874.3728	501	46183	279	80.554726
ksa006#2#classII	637385	0	0	0	NA	NA	NA	255	508801	79.826324	1995.2981	503	46175	255	79.826324
ksa007#1#classII	532094	0	0	0	NA	NA	NA	208	402220	75.5919	1933.75	501	46181	208	75.5919
ksa007#2#classII	554076	0	0	0	NA	NA	NA	221	443438	80.03198	2006.5068	503	46184	221	80.03198
ksa008#1#classII	648535	0	0	0	NA	NA	NA	278	530768	81.84107	1909.2374	503	46182	278	81.84107
ksa008#2#classII	529283	0	0	0	NA	NA	NA	215	404574	76.438126	1881.7395	501	46109	215	76.438126
ksa009#1#classII	639216	0	0	0	NA	NA	NA	264	517421	80.94619	1959.928	503	46114	264	80.94619
ksa009#2#classII	522180	0	0	0	NA	NA	NA	214	413532	79.19338	1932.3926	501	46179	214	79.19338
