apr001	1	ctg1	apr001#1#h1tg000015l:28434817-33593090
apr001	2	ctg1	apr001#2#h2tg000018l:28338056-33431257
apr002	1	ctg1	apr002#1#h1tg000010l:28385462-33644194
apr002	2	ctg1	apr002#2#h2tg000007l:138255095-143403132_rc
apr003	1	ctg1	apr003#1#h1tg000021l:28362599-33558558
apr003	2	ctg1	apr003#2#h2tg000014l:28401981-33557950
apr004	1	ctg1	apr004#1#h1tg000015l:28405351-33543332
apr004	2	ctg1	apr004#2#h2tg000008l:138190707-143268823_rc
apr005	1	ctg1	apr005#1#h1tg000024l:25685419-30792368_rc
apr005	2	ctg1	apr005#2#h2tg000025l:27505079-32631962_rc
apr006	1	ctg1	apr006#1#h1tg000006l:28429612-33564591
apr006	2	ctg1	apr006#2#h2tg000002l:27458750-32609940_rc
apr007	1	ctg1	apr007#1#h1tg000009l:141020280-146179718_rc
apr007	2	ctg1	apr007#2#h2tg000002l:137323480-142462680_rc
apr008	1	ctg1	apr008#1#h1tg000006l:138382777-143548816_rc
apr008	2	ctg1	apr008#2#h2tg000008l:28356191-33484508
apr009	1	ctg1	apr009#1#h1tg000016l:28450181-33709541
apr009	2	ctg1	apr009#2#h2tg000041l:28097238-33212102_rc
apr010	1	ctg1	apr010#1#h1tg000018l:28446120-33705764
apr010	2	ctg1	apr010#2#h2tg000013l:28422940-33602432
apr011	1	ctg1	apr011#1#h1tg000019l:138093078-143261017_rc
apr011	2	ctg1	apr011#2#h2tg000011l:137856776-142978436_rc
apr012	1	ctg1	apr012#1#h1tg000008l:28396959-33512282
apr012	2	ctg1	apr012#2#h2tg000016l:138252661-143421402_rc
apr013	1	ctg1	apr013#1#h1tg000002l:139940690-145014712_rc
apr013	2	ctg1	apr013#2#h2tg000027l:138555153-143729247_rc
apr014	1	ctg1	apr014#1#h1tg000020l:28366313-33554706
apr014	2	ctg1	apr014#2#h2tg000006l:26691275-31885063_rc
apr015	1	ctg1	apr015#1#h1tg000012l:28398223-33522774
apr015	2	ctg1	apr015#2#h2tg000018l:138433262-143524291_rc
apr016	1	ctg1	apr016#1#h1tg000012l:137906206-143057420_rc
apr016	2	ctg1	apr016#2#h2tg000005l:138332729-143447191_rc
apr018	1	ctg1	apr018#1#h1tg000018l:28377039-33450879
apr018	2	ctg1	apr018#2#h2tg000022l:28395345-33526946
apr019	1	ctg1	apr019#1#h1tg000006l:137597617-142800733_rc
apr019	2	ctg1	apr019#2#h2tg000009l:25947834-31066127_rc
apr020	1	ctg1	apr020#1#h1tg000001l:28463230-33620049
apr020	2	ctg1	apr020#2#h2tg000007l:137677150-142774159_rc
apr021	1	ctg1	apr021#1#h1tg000013l:137920389-143048373_rc
apr021	2	ctg1	apr021#2#h2tg000011l:138901647-144060314_rc
apr022	1	ctg1	apr022#1#h1tg000011l:137924391-143077833_rc
apr022	2	ctg1	apr022#2#h2tg000013l:138031891-143184813_rc
apr023	1	ctg1	apr023#1#h1tg000014l:137929515-143086735_rc
apr023	2	ctg1	apr023#2#h2tg000022l:26641068-31656450_rc
apr024	1	ctg1	apr024#1#h1tg000001l:137801575-142959579_rc
apr024	2	ctg1	apr024#2#h2tg000014l:137766819-142943455_rc
apr025	1	ctg1	apr025#1#h1tg000007l:139497787-144647520_rc
apr025	2	ctg1	apr025#2#h2tg000006l:138571729-143809751_rc
apr026	1	ctg1	apr026#1#h1tg000019l:28393961-33702327
apr026	2	ctg1	apr026#2#h2tg000012l:28359568-33574257
apr027	1	ctg1	apr027#1#h1tg000004l:28384126-33662392
apr027	2	ctg1	apr027#2#h2tg000013l:11085473-16306923_rc
apr029	1	ctg1	apr029#1#h1tg000032l:28462821-33705004
apr029	2	ctg1	apr029#2#h2tg000012l:28417575-33541972
apr030	1	ctg1	apr030#1#h1tg000001l:28446903-33506362
apr030	2	ctg1	apr030#2#h2tg000012l:28433288-33581296
apr031	1	ctg1	apr031#1#h1tg000019l:26371881-31586781_rc
apr031	2	ctg1	apr031#2#h2tg000036l:28402991-33519712
apr032	1	ctg1	apr032#1#h1tg000006l:28452318-33694285
apr032	2	ctg1	apr032#2#h2tg000014l:28405263-33673740
apr033	1	ctg1	apr033#1#h1tg000008l:27149396-32366749_rc
apr033	2	ctg1	apr033#2#h2tg000008l:28349631-33452614
apr034	1	ctg1	apr034#1#h1tg000032l:26576741-31706138_rc
apr034	2	ctg1	apr034#2#h2tg000008l:28434563-33559669
apr035	1	ctg1	apr035#1#h1tg000018l:27655502-32798707_rc
apr035	2	ctg1	apr035#2#h2tg000011l:27516869-32663681_rc
apr036	1	ctg1	apr036#1#h1tg000026l:25218090-30345004_rc
apr036	2	ctg1	apr036#2#h2tg000017l:1678659-6817558
apr037	1	ctg1	apr037#1#h1tg000004l:138070351-143231345_rc
apr037	2	ctg1	apr037#2#h2tg000014l:138095539-143312355_rc
apr038	1	ctg1	apr038#1#h1tg000017l:1654472-6798671
apr038	2	ctg1	apr038#2#h2tg000022l:127876238-133012041_rc
apr039	1	ctg1	apr039#1#h1tg000005l:28445311-33640507
apr039	2	ctg1	apr039#2#h2tg000012l:28411824-33614466
apr040	1	ctg1	apr040#1#h1tg000032l:25914346-31039269_rc
apr040	2	ctg1	apr040#2#h2tg000023l:25605134-30732063_rc
apr041	1	ctg1	apr041#1#h1tg000024l:23526305-28655372_rc
apr041	2	ctg1	apr041#2#h2tg000015l:28437008-33578583
apr042	1	ctg1	apr042#1#h1tg000024l:28343014-33430082
apr042	2	ctg1	apr042#2#h2tg000022l:28456692-33606982
apr043	1	ctg1	apr043#1#h1tg000012l:139593152-144731880_rc
apr043	2	ctg1	apr043#2#h2tg000007l:28374571-33634772
apr044	1	ctg1	apr044#1#h1tg000020l:28254023-33444694
apr044	2	ctg1	apr044#2#h2tg000019l:138732995-143879453_rc
apr045	1	ctg1	apr045#1#h1tg000014l:28436066-33585265
apr045	2	ctg1	apr045#2#h2tg000020l:28349553-33649005
apr046	1	ctg1	apr046#1#h1tg000020l:28428626-33509292
apr046	2	ctg1	apr046#2#h2tg000002l:138874465-144007848_rc
apr047	1	ctg1	apr047#1#h1tg000022l:124629191-129940792_rc
apr047	2	ctg1	apr047#2#h2tg000009l:28374338-33555921
apr048	1	ctg1	apr048#1#h1tg000017l:28263896-33470594
apr048	2	ctg1	apr048#2#h2tg000004l:138392377-143552020_rc
apr049	1	ctg1	apr049#1#h1tg000006l:28277333-33430073
apr049	2	ctg1	apr049#2#h2tg000002l:138418227-143654758_rc
apr050	1	ctg1	apr050#1#h1tg000015l:138045880-143321309_rc
apr050	2	ctg1	apr050#2#h2tg000017l:28548291-33713388
apr051	1	ctg1	apr051#1#h1tg000003l:138076138-143233361_rc
apr051	2	ctg1	apr051#2#h2tg000005l:138189744-143327910_rc
apr52	1	ctg1	apr52#1#h1tg000012l:138556531-143810417_rc
apr52	2	ctg1	apr52#2#h2tg000003l:137805510-143003962_rc
apr-f	1	ctg1	apr-f#1#h1tg000013l:28359072-33538103
apr-f	2	ctg1	apr-f#2#h2tg000007l:28398267-33550055
apr-m	1	ctg1	apr-m#1#h1tg000024l:27029616-32153356_rc
apr-m	2	ctg1	apr-m#2#h2tg000013l:28339383-33475735
apr-s	1	ctg1	apr-s#1#h1tg000017l:28345655-33481940
apr-s	2	ctg1	apr-s#2#h2tg000009l:138522552-143696180_rc
chm13	0	ctg1	chm13#0#chr6:28282159-33401678
GRCh38	0	ctg1	GRCh38#0#chr6:28410701-33580488
HG00097	1	ctg1	HG00097#1#JBIRDD010000044.1:28461910-33634610
HG00097	2	ctg1	HG00097#2#JBIRDE010000007.1:28438526-33548333
HG00099	1	ctg1	HG00099#1#JBHDWO010000057.1:28378111-33500321
HG00099	2	ctg1	HG00099#2#CM087361.1:28397166-33493833
HG00126	1	ctg1	HG00126#1#CM090112.1:28356760-33437962
HG00126	2	ctg1	HG00126#2#CM090124.1:28373995-33623206
HG00128	1	ctg1	HG00128#1#CM090080.1:28391628-33572064
HG00128	2	ctg1	HG00128#2#CM090096.1:28379634-33499179
HG00133	1	ctg1	HG00133#1#CM090050.1:28455191-33589633
HG00133	2	ctg1	HG00133#2#CM090065.1:28391702-33637176
HG00140	1	ctg1	HG00140#1#CM087111.1:28362821-33594371
HG00140	2	ctg1	HG00140#2#CM087137.1:28381998-33511941
HG00146	1	ctg1	HG00146#1#CM090015.1:28391294-33489055
HG00146	2	ctg1	HG00146#2#JBHIKP010000006.1:28398454-33526840
hg002	1	ctg1	hg002#1#chr6:28367269-33609101
hg002	2	ctg1	hg002#2#chr6:28364349-33511960
HG00232	1	ctg1	HG00232#1#JBHIKM010000014.1:28302939-33474178
HG00232	2	ctg1	HG00232#2#JBHIKN010000040.1:28366410-33541603
HG00235	1	ctg1	HG00235#1#JBIRED010000015.1:28430445-33672471
HG00235	2	ctg1	HG00235#2#JBIREE010000012.1:28440799-33687305
HG00253	1	ctg1	HG00253#1#CM094460.1:28362997-33511495
HG00253	2	ctg1	HG00253#2#CM094482.1:28362559-33525998
HG00272	1	ctg1	HG00272#1#CM094189.1:28268096-33422158
HG00272	2	ctg1	HG00272#2#CM094216.1:28400431-33497055
HG00280	1	ctg1	HG00280#1#CM087149.1:28404965-33542525
HG00280	2	ctg1	HG00280#2#CM087160.1:28390542-33496389
HG00290	1	ctg1	HG00290#1#CM089982.1:28384478-33524366
HG00290	2	ctg1	HG00290#2#CM090006.1:28396532-33558743
HG00320	1	ctg1	HG00320#1#CM089951.1:28434922-33547606
HG00320	2	ctg1	HG00320#2#CM089965.1:28395668-33476154
HG00321	1	ctg1	HG00321#1#CM089541.1:28422537-33579208
HG00321	2	ctg1	HG00321#2#CM089572.1:28378789-33420293
HG00323	1	ctg1	HG00323#1#CM087306.1:28385818-33469846
HG00323	2	ctg1	HG00323#2#CM087331.1:28400279-33501006
HG00329	1	ctg1	HG00329#1#CM094227.1:28398918-33572031
HG00329	2	ctg1	HG00329#2#JBIRDQ010000006.1:28383055-33548759
HG00344	1	ctg1	HG00344#1#JBIREN010000005.1:28404553-33569861
HG00344	2	ctg1	HG00344#2#JBIREO010000046.1:28507887-33680519
HG00350	1	ctg1	HG00350#1#JBIREL010000054.1:28392042-33553743
HG00350	2	ctg1	HG00350#2#JBIREM010000045.1:28412158-33655472
HG00408	1	ctg1	HG00408#1#CM085956.1:28367209-33537812
HG00408	2	ctg1	HG00408#2#CM085969.1:28371022-33519581
HG00423	1	ctg1	HG00423#1#CM089400.1:28362185-33602188
HG00423	2	ctg1	HG00423#2#CM089416.1:28353255-33428495
HG00438	1	ctg1	HG00438#1#CM089172.1:28419975-33475943
HG00438	2	ctg1	HG00438#2#CM089191.1:28355071-33575312
HG005	1	ctg1	HG005#1#CM099986.1:28343337-33540760
HG005	2	ctg1	HG005#2#CM099975.1:28427209-33625676
HG00544	1	ctg1	HG00544#1#CM089373.1:28382951-33635750
HG00544	2	ctg1	HG00544#2#CM089387.1:28377663-33617357
HG00558	1	ctg1	HG00558#1#CM088495.1:28611632-33843761
HG00558	2	ctg1	HG00558#2#CM088524.1:28472433-33604465
HG00597	1	ctg1	HG00597#1#JBHDUU010000003.1:28248152-33413616
HG00597	2	ctg1	HG00597#2#CM085784.1:28381176-33466863
HG00609	1	ctg1	HG00609#1#CM086351.1:28557002-33710805
HG00609	2	ctg1	HG00609#2#CM086361.1:28373908-33563607
HG00621	1	ctg1	HG00621#1#CM087851.1:28412809-33652212
HG00621	2	ctg1	HG00621#2#CM087865.1:28365619-33503852
HG00639	1	ctg1	HG00639#1#CM088540.1:28385584-33628081
HG00639	2	ctg1	HG00639#2#CM088555.1:28389308-33644836
HG00642	1	ctg1	HG00642#1#JBHDST010000009.1:28352295-33459982
HG00642	2	ctg1	HG00642#2#CM086622.1:28408489-33506502
HG00658	1	ctg1	HG00658#1#CM088776.1:28382214-33455895
HG00658	2	ctg1	HG00658#2#CM088798.1:28345511-33527662
HG00673	1	ctg1	HG00673#1#CM089145.1:28380395-33412996
HG00673	2	ctg1	HG00673#2#CM089157.1:28378967-33442230
HG00706	1	ctg1	HG00706#1#CM100016.1:28396497-33554012
HG00706	2	ctg1	HG00706#2#CM100060.1:28411727-33571906
HG00733	1	ctg1	HG00733#1#JAHEPQ020000004.1:28448883-33531506
HG00733	2	ctg1	HG00733#2#JAHEPP020000013.1:28389728-33496160
HG00735	1	ctg1	HG00735#1#CM087879.1:28400157-33626272
HG00735	2	ctg1	HG00735#2#CM087888.1:28407279-33712571
HG00738	1	ctg1	HG00738#1#CM086647.1:28420303-33517291
HG00738	2	ctg1	HG00738#2#CM086684.1:28399019-33553590
HG00741	1	ctg1	HG00741#1#CM087899.1:28395234-33528259
HG00741	2	ctg1	HG00741#2#CM087911.1:28428150-33619756
HG01071	1	ctg1	HG01071#1#CM089116.1:28400399-33605490
HG01071	2	ctg1	HG01071#2#JAHBCE020000004.1:28353469-33512869
HG01074	1	ctg1	HG01074#1#CM088786.1:28385433-33531927
HG01074	2	ctg1	HG01074#2#CM088812.1:28367163-33616085
HG01081	1	ctg1	HG01081#1#CM088567.1:28461361-33570671
HG01081	2	ctg1	HG01081#2#CM088583.1:28313947-33411923
HG01099	1	ctg1	HG01099#1#CM086260.1:28473499-33727222
HG01099	2	ctg1	HG01099#2#CM086271.1:28372897-33623240
HG01106	1	ctg1	HG01106#1#CM087952.1:28365981-33527455
HG01106	2	ctg1	HG01106#2#CM087965.1:28447447-33606093
HG01109	1	ctg1	HG01109#1#CM092087.1:28385979-33527092
HG01109	2	ctg1	HG01109#2#CM092075.1:28375676-33512099
HG01123	1	ctg1	HG01123#1#CM089083.1:28404843-33659990
HG01123	2	ctg1	HG01123#2#CM089098.1:28415807-33563460
HG01150	1	ctg1	HG01150#1#CM088598.1:28377562-33536105
HG01150	2	ctg1	HG01150#2#CM088614.1:28600391-33807062
HG01167	1	ctg1	HG01167#1#CM094528.1:28408993-33550950
HG01167	2	ctg1	HG01167#2#CM094543.1:28383235-33548638
HG01175	1	ctg1	HG01175#1#CM087925.1:28388857-33560219
HG01175	2	ctg1	HG01175#2#CM087940.1:28426263-33594671
HG01192	1	ctg1	HG01192#1#JBHDVI010000008.1:28423245-33497113
HG01192	2	ctg1	HG01192#2#JBHDVJ010000035.1:28425182-33556403
HG01243	1	ctg1	HG01243#1#JAHEOY020000051.1:28395858-33529902
HG01243	2	ctg1	HG01243#2#JAHEOX020000061.1:28429017-33652180
HG01252	1	ctg1	HG01252#1#CM088824.1:28394713-33593325
HG01252	2	ctg1	HG01252#2#CM088855.1:28339611-33537772
HG01255	1	ctg1	HG01255#1#CM086707.1:28387912-33538917
HG01255	2	ctg1	HG01255#2#CM086721.1:28434597-33610529
HG01258	1	ctg1	HG01258#1#CM088113.1:28436863-33569447
HG01258	2	ctg1	HG01258#2#JAGYYU020000010.1:28495340-33647216
HG01261	1	ctg1	HG01261#1#JBHDVG010000007.1:28479273-33732193
HG01261	2	ctg1	HG01261#2#JBHDVH010000044.1:28397284-33514117
HG01346	1	ctg1	HG01346#1#CM086588.1:28433990-33540363
HG01346	2	ctg1	HG01346#2#JBHDSS010000002.1:28289708-33434702
HG01358	1	ctg1	HG01358#1#CM089055.1:28447322-33645210
HG01358	2	ctg1	HG01358#2#CM089068.1:28448274-33504819
HG01361	1	ctg1	HG01361#1#CM089024.1:28417386-33535858
HG01361	2	ctg1	HG01361#2#CM089040.1:28439662-33687433
HG01433	1	ctg1	HG01433#1#CM086483.1:28472310-33714767
HG01433	2	ctg1	HG01433#2#CM086511.1:28432606-33680115
HG01496	1	ctg1	HG01496#1#CM086373.1:28374305-33527298
HG01496	2	ctg1	HG01496#2#CM086388.1:28388376-33615208
HG01530	1	ctg1	HG01530#1#CM087536.1:28292231-33446470
HG01530	2	ctg1	HG01530#2#CM087560.1:28372601-33566242
HG01784	1	ctg1	HG01784#1#CM087570.1:28443802-33693813
HG01784	2	ctg1	HG01784#2#CM087597.1:28389780-33578100
HG01786	1	ctg1	HG01786#1#CM089504.1:28430581-33555976
HG01786	2	ctg1	HG01786#2#JBHIIX010000001.1:28291277-33427374
HG01884	1	ctg1	HG01884#1#JBHDSB010000050.1:28364997-33565662
HG01884	2	ctg1	HG01884#2#CM086422.1:28486017-33727367
HG01891	1	ctg1	HG01891#1#JAGYVO020000076.1:2900811-8125517
HG01891	2	ctg1	HG01891#2#JAGYVN020000007.1:1681129-6883010
HG01928	1	ctg1	HG01928#1#CM088988.1:28420054-33667363
HG01928	2	ctg1	HG01928#2#CM089004.1:28358676-33609094
HG01934	1	ctg1	HG01934#1#CM088840.1:28381638-33543037
HG01934	2	ctg1	HG01934#2#CM088881.1:28393788-33621610
HG01940	1	ctg1	HG01940#1#CM088633.1:28416533-33550847
HG01940	2	ctg1	HG01940#2#JBHIHL010000009.1:28391811-33519262
HG01943	1	ctg1	HG01943#1#JBHIIK010000008.1:28388608-33634739
HG01943	2	ctg1	HG01943#2#JBHIIL010000059.1:28384336-33527821
HG01952	1	ctg1	HG01952#1#JAHAME020000003.1:28509779-33725990
HG01952	2	ctg1	HG01952#2#CM087999.1:28438146-33670995
HG01960	1	ctg1	HG01960#1#JBHIHM010000013.1:28299727-33553963
HG01960	2	ctg1	HG01960#2#JBHIHN010000011.1:28515170-33644789
HG01969	1	ctg1	HG01969#1#CM088687.1:28438493-33684979
HG01969	2	ctg1	HG01969#2#CM088699.1:28424697-33581502
HG01975	1	ctg1	HG01975#1#JBJUVS010000062.1:28446168-33791199
HG01975	2	ctg1	HG01975#2#CM099812.1:28391516-33619784
HG01978	1	ctg1	HG01978#1#CM089247.1:28385214-33602216
HG01978	2	ctg1	HG01978#2#CM089273.1:28354032-33630223
HG01981	1	ctg1	HG01981#1#JBHDRV010000009.1:28410315-33655950
HG01981	2	ctg1	HG01981#2#JBHDRW010000010.1:28410780-33681446
HG01993	1	ctg1	HG01993#1#JBHDSL010000047.1:28406826-33615858
HG01993	2	ctg1	HG01993#2#JBHDSM010000062.1:28431770-33594269
HG02004	1	ctg1	HG02004#1#JBHDRT010000003.1:28425702-33656904
HG02004	2	ctg1	HG02004#2#JBHDRU010000054.1:28359862-33635123
HG02015	1	ctg1	HG02015#1#CM085893.1:28402846-33586394
HG02015	2	ctg1	HG02015#2#CM085899.1:28383446-33717143
HG02027	1	ctg1	HG02027#1#JBHDTX010000002.1:1623368-6786940
HG02027	2	ctg1	HG02027#2#JBHDTY010000008.1:1623003-6755193
HG02040	1	ctg1	HG02040#1#CM087376.1:28407779-33615862
HG02040	2	ctg1	HG02040#2#CM087404.1:28421077-33661960
HG02055	1	ctg1	HG02055#1#JAHEPK020000065.1:28422841-33550861
HG02055	2	ctg1	HG02055#2#JAHEPJ020000062.1:28297948-33346879
HG02056	1	ctg1	HG02056#1#JBHDVC010000047.1:28415946-33618338
HG02056	2	ctg1	HG02056#2#JBHDVD010000050.1:28353386-33462193
HG02071	1	ctg1	HG02071#1#CM088260.1:28423541-33557862
HG02071	2	ctg1	HG02071#2#CM088283.1:28360932-33442152
HG02074	1	ctg1	HG02074#1#JBHIGK010000076.1:28344776-33475569
HG02074	2	ctg1	HG02074#2#JBHIGL010000008.1:28378730-33632643
HG02080	1	ctg1	HG02080#1#CM092061.1:28425542-33593192
HG02080	2	ctg1	HG02080#2#CM092047.1:28460929-33706794
HG02083	1	ctg1	HG02083#1#JBHDTV010000048.1:28371858-33537852
HG02083	2	ctg1	HG02083#2#CM086965.1:28472527-33711689
HG02109	1	ctg1	HG02109#1#CM092161.1:28294553-33395631
HG02109	2	ctg1	HG02109#2#CM092147.1:28420239-33580817
HG02129	1	ctg1	HG02129#1#CM085849.1:28352001-33545967
HG02129	2	ctg1	HG02129#2#CM085860.1:28366606-33493917
HG02132	1	ctg1	HG02132#1#CM086897.1:28372349-33619790
HG02132	2	ctg1	HG02132#2#CM086908.1:28367828-33688656
HG02135	1	ctg1	HG02135#1#CM088309.1:28410959-33520604
HG02135	2	ctg1	HG02135#2#CM088319.1:28377765-33615244
HG02145	1	ctg1	HG02145#1#CM099672.1:28303733-33469758
HG02145	2	ctg1	HG02145#2#CM099657.1:28376784-33593129
HG02148	1	ctg1	HG02148#1#JAHAMG020000062.1:28379085-33505835
HG02148	2	ctg1	HG02148#2#JAHAMF020000005.1:28427628-33536175
HG02155	1	ctg1	HG02155#1#JBIECB010000043.1:28423029-33561929
HG02155	2	ctg1	HG02155#2#CM091924.1:28362729-33591130
HG02165	1	ctg1	HG02165#1#CM087444.1:28424290-33561901
HG02165	2	ctg1	HG02165#2#JBHDWX010000045.1:28431174-33561779
HG02178	1	ctg1	HG02178#1#CM089925.1:28399752-33646110
HG02178	2	ctg1	HG02178#2#CM089938.1:28370915-33566694
HG02257	1	ctg1	HG02257#1#CM089221.1:28424772-33551966
HG02257	2	ctg1	HG02257#2#CM089260.1:28471160-33602067
HG02258	1	ctg1	HG02258#1#CM085826.1:28431405-33595237
HG02258	2	ctg1	HG02258#2#CM085837.1:28401788-33525465
HG02273	1	ctg1	HG02273#1#JBHDVQ010000050.1:28386453-33633535
HG02273	2	ctg1	HG02273#2#CM087034.1:28375859-33514787
HG02280	1	ctg1	HG02280#1#JBHDRR010000050.1:28462941-33680751
HG02280	2	ctg1	HG02280#2#JBHDRS010000063.1:28438025-33473174
HG02293	1	ctg1	HG02293#1#CM086249.1:28376541-33683950
HG02293	2	ctg1	HG02293#2#CM086237.1:28436443-33671517
HG02300	1	ctg1	HG02300#1#JBHDSD010000065.1:28384265-33632330
HG02300	2	ctg1	HG02300#2#JBHDSE010000015.1:28383936-33525808
HG02391	1	ctg1	HG02391#1#CM087584.1:28379784-33548956
HG02391	2	ctg1	HG02391#2#CM087613.1:28373481-33549853
HG02392	1	ctg1	HG02392#1#CM099882.1:28340512-33566823
HG02392	2	ctg1	HG02392#2#CM099892.1:28378060-33485526
HG02451	1	ctg1	HG02451#1#CM086202.1:28416438-33496141
HG02451	2	ctg1	HG02451#2#CM086226.1:28455260-33610103
HG02486	1	ctg1	HG02486#1#CM088195.1:28400032-33557891
HG02486	2	ctg1	HG02486#2#CM088219.1:28305765-33500079
HG02514	1	ctg1	HG02514#1#CM098732.1:28373958-33711051
HG02514	2	ctg1	HG02514#2#CM098748.1:28370171-33533737
HG02523	1	ctg1	HG02523#1#CM086922.1:28564085-33712113
HG02523	2	ctg1	HG02523#2#CM086938.1:28380315-33619374
HG02559	1	ctg1	HG02559#1#CM088234.1:28438650-33681676
HG02559	2	ctg1	HG02559#2#CM088248.1:28392101-33544670
HG02572	1	ctg1	HG02572#1#CM088155.1:28443542-33635020
HG02572	2	ctg1	HG02572#2#CM088173.1:28510650-33610925
HG02583	1	ctg1	HG02583#1#CM089490.1:28310454-33519991
HG02583	2	ctg1	HG02583#2#JBHIIV010000002.1:28450971-33556797
HG02602	1	ctg1	HG02602#1#CM099687.1:28473876-33718939
HG02602	2	ctg1	HG02602#2#CM099701.1:28378684-33507166
HG02615	1	ctg1	HG02615#1#JBHDSZ010000007.1:28292880-33505607
HG02615	2	ctg1	HG02615#2#JBHDTA010000044.1:28450215-33517590
HG02622	1	ctg1	HG02622#1#JAHAOO020000001.1:28509085-33851733
HG02622	2	ctg1	HG02622#2#CM088099.1:28439700-33655942
HG02630	1	ctg1	HG02630#1#CM091809.1:28389334-33629412
HG02630	2	ctg1	HG02630#2#CM091740.1:28323618-33574655
HG02647	1	ctg1	HG02647#1#CM086559.1:28392022-33525944
HG02647	2	ctg1	HG02647#2#JBHDSQ010000039.1:28453965-33628541
HG02668	1	ctg1	HG02668#1#JBHIIC010000010.1:28453356-33594908
HG02668	2	ctg1	HG02668#2#JBHIID010000047.1:28501762-33634486
HG02698	1	ctg1	HG02698#1#CM086825.1:28387663-33565022
HG02698	2	ctg1	HG02698#2#CM086846.1:28436213-33571880
HG02717	1	ctg1	HG02717#1#JAHAOS020000006.1:28453373-33608309
HG02717	2	ctg1	HG02717#2#JAHAOR020000010.1:28390930-33657668
HG02723	1	ctg1	HG02723#1#CM092031.1:28492941-33618283
HG02723	2	ctg1	HG02723#2#JAHEOT020000028.1:24121290-29433497
HG02735	1	ctg1	HG02735#1#JBHIII010000062.1:28453541-33709307
HG02735	2	ctg1	HG02735#2#JBHIIJ010000060.1:28392355-33560534
HG02738	1	ctg1	HG02738#1#JBJXQJ010000012.1:28448720-33571060
HG02738	2	ctg1	HG02738#2#JBJXQK010000005.1:28378589-33465078
HG02809	1	ctg1	HG02809#1#CM088345.1:28415797-33540379
HG02809	2	ctg1	HG02809#2#CM088363.1:28447535-33684835
HG02818	1	ctg1	HG02818#1#JAHEOS020000050.1:28390726-33610396
HG02818	2	ctg1	HG02818#2#JAHEOR020000002.1:28395424-33521433
HG02841	1	ctg1	HG02841#1#JBJKOG010000054.1:28472700-33602015
HG02841	2	ctg1	HG02841#2#JBJKOH010000051.1:28480911-33779808
HG02886	1	ctg1	HG02886#1#CM088086.1:28449049-33579727
HG02886	2	ctg1	HG02886#2#CM088127.1:28408235-33704386
HG02922	1	ctg1	HG02922#1#JBHDVO010000050.1:28463778-33607859
HG02922	2	ctg1	HG02922#2#JBHDVP010000048.1:28393533-33529937
HG02965	1	ctg1	HG02965#1#CM087346.1:28413853-33616010
HG02965	2	ctg1	HG02965#2#CM087389.1:28497212-33562374
HG02976	1	ctg1	HG02976#1#JBHDVW010000052.1:28458918-33596444
HG02976	2	ctg1	HG02976#2#JBHDVX010000061.1:28449910-33601091
HG02984	1	ctg1	HG02984#1#CM098791.1:28424082-33554288
HG02984	2	ctg1	HG02984#2#CM098805.1:28288416-33435352
HG03017	1	ctg1	HG03017#1#CM088912.1:28366322-33354914
HG03017	2	ctg1	HG03017#2#CM088928.1:28386890-33518406
HG03041	1	ctg1	HG03041#1#JBHIHQ010000010.1:28523162-33664914
HG03041	2	ctg1	HG03041#2#JBHIHR010000035.1:28469379-33626082
HG03050	1	ctg1	HG03050#1#CM098763.1:28357910-33541888
HG03050	2	ctg1	HG03050#2#CM098777.1:28436251-33634749
HG03098	1	ctg1	HG03098#1#CM092231.1:28431361-33758681
HG03098	2	ctg1	HG03098#2#CM092219.1:28417176-33625650
HG03130	1	ctg1	HG03130#1#JBHDWI010000052.1:28368259-33497302
HG03130	2	ctg1	HG03130#2#JBHDWJ010000015.1:28300492-33501344
HG03139	1	ctg1	HG03139#1#JBIEBX010000038.1:1708286-6750584
HG03139	2	ctg1	HG03139#2#JBIEBY010000006.1:1675799-6810645
HG03195	1	ctg1	HG03195#1#JBHDVU010000053.1:28475373-33604548
HG03195	2	ctg1	HG03195#2#JBHDVV010000014.1:28451324-33606358
HG03209	1	ctg1	HG03209#1#CM087213.1:28462168-33702122
HG03209	2	ctg1	HG03209#2#CM087231.1:28521401-33595827
HG03225	1	ctg1	HG03225#1#CM089301.1:28387857-33521155
HG03225	2	ctg1	HG03225#2#CM089317.1:28460302-33665041
HG03239	1	ctg1	HG03239#1#CM088748.1:28379983-33543593
HG03239	2	ctg1	HG03239#2#CM088761.1:28289569-33563315
HG03270	1	ctg1	HG03270#1#CM089901.1:28457303-33619918
HG03270	2	ctg1	HG03270#2#CM089913.1:28461664-33600109
HG03369	1	ctg1	HG03369#1#CM094384.1:28448143-33595830
HG03369	2	ctg1	HG03369#2#CM094359.1:28412805-33626591
HG03453	1	ctg1	HG03453#1#JAGYVW020000075.1:28403120-33611389
HG03453	2	ctg1	HG03453#2#JAGYVV020000081.1:28470880-33567163
HG03470	1	ctg1	HG03470#1#CM091822.1:28475508-33736647
HG03470	2	ctg1	HG03470#2#CM091870.1:28404010-33497478
HG03471	1	ctg1	HG03471#1#CM087523.1:28468339-33683868
HG03471	2	ctg1	HG03471#2#CM087546.1:28512656-33707046
HG03486	1	ctg1	HG03486#1#CM091974.1:28459101-33585338
HG03486	2	ctg1	HG03486#2#CM091960.1:28459830-33596099
HG03516	1	ctg1	HG03516#1#JAGYYS020000049.1:28451043-33589535
HG03516	2	ctg1	HG03516#2#JAGYYT020000030.1:28478688-33696340
HG03521	1	ctg1	HG03521#1#JBIREF010000004.1:28517918-33642180
HG03521	2	ctg1	HG03521#2#JBIREG010000058.1:28429727-33569421
HG03540	1	ctg1	HG03540#1#CM088050.1:28448847-33686414
HG03540	2	ctg1	HG03540#2#CM088063.1:28474762-33566125
HG03579	1	ctg1	HG03579#1#CM088945.1:28415698-33501766
HG03579	2	ctg1	HG03579#2#CM089288.1:28450187-33638583
HG03583	1	ctg1	HG03583#1#CM089881.1:28309910-33645117
HG03583	2	ctg1	HG03583#2#CM089891.1:28443100-33514916
HG03654	1	ctg1	HG03654#1#CM086836.1:28373117-33516554
HG03654	2	ctg1	HG03654#2#JBHDTO010000045.1:28372677-33498093
HG03669	1	ctg1	HG03669#1#JBHDTD010000072.1:28410266-33591784
HG03669	2	ctg1	HG03669#2#JBHDTE010000046.1:28389062-33618253
HG03688	1	ctg1	HG03688#1#JBHDTJ010000054.1:28390921-33637286
HG03688	2	ctg1	HG03688#2#JBHDTK010000054.1:28442317-33604941
HG03704	1	ctg1	HG03704#1#JBHDRL010000035.1:28385510-33544273
HG03704	2	ctg1	HG03704#2#CM086190.1:28367307-33613199
HG03710	1	ctg1	HG03710#1#CM086869.1:28406453-33664140
HG03710	2	ctg1	HG03710#2#CM086882.1:28406463-33546644
HG03742	1	ctg1	HG03742#1#CM087628.1:28422273-33665592
HG03742	2	ctg1	HG03742#2#JBHDXM010000003.1:28462365-33593791
HG03784	1	ctg1	HG03784#1#CM094174.1:28377153-33515338
HG03784	2	ctg1	HG03784#2#CM094203.1:28433118-33600593
HG03804	1	ctg1	HG03804#1#CM088331.1:28384562-33565798
HG03804	2	ctg1	HG03804#2#CM088379.1:28362365-33467265
HG03816	1	ctg1	HG03816#1#JBJXWF010000049.1:28427684-33714593
HG03816	2	ctg1	HG03816#2#JBJXWG010000046.1:28406441-33636019
HG03831	1	ctg1	HG03831#1#JBHDSN010000045.1:28374864-33602539
HG03831	2	ctg1	HG03831#2#JBHDSO010000065.1:28430318-33704666
HG03834	1	ctg1	HG03834#1#CM085797.1:28395320-33703328
HG03834	2	ctg1	HG03834#2#CM085813.1:28455324-33598071
HG03874	1	ctg1	HG03874#1#CM089432.1:28353581-33507962
HG03874	2	ctg1	HG03874#2#CM089475.1:28434562-33680043
HG03927	1	ctg1	HG03927#1#CM086636.1:28465203-33551033
HG03927	2	ctg1	HG03927#2#CM086659.1:28395712-33710667
HG03942	1	ctg1	HG03942#1#CM088393.1:28271517-33427607
HG03942	2	ctg1	HG03942#2#CM088404.1:29036351-34210946
HG04115	1	ctg1	HG04115#1#JBHDTF010000057.1:28438850-33586926
HG04115	2	ctg1	HG04115#2#JBHDTG010000049.1:28423339-33670470
HG04157	1	ctg1	HG04157#1#CM088414.1:28397949-33735050
HG04157	2	ctg1	HG04157#2#CM088438.1:28355512-33488875
HG04160	1	ctg1	HG04160#1#JBHIGW010000016.1:28356435-33564314
HG04160	2	ctg1	HG04160#2#JBHIGX010000055.1:28422741-33644744
HG04184	1	ctg1	HG04184#1#CM086460.1:28371226-33616523
HG04184	2	ctg1	HG04184#2#CM086472.1:28433511-33770331
HG04187	1	ctg1	HG04187#1#CM099742.1:28415864-33609347
HG04187	2	ctg1	HG04187#2#CM099756.1:28400738-33533288
HG04199	1	ctg1	HG04199#1#JBHDTH010000059.1:28382492-33668076
HG04199	2	ctg1	HG04199#2#JBHDTI010000015.1:28378462-33549536
HG04204	1	ctg1	HG04204#1#JBHIGY010000015.1:28376780-33510758
HG04204	2	ctg1	HG04204#2#JBHIGZ010000014.1:28378310-33624751
HG04228	1	ctg1	HG04228#1#CM088480.1:28407255-33566968
HG04228	2	ctg1	HG04228#2#CM088508.1:28466048-33622943
HG06807	1	ctg1	HG06807#1#CM101400.1:28463683-33619551
HG06807	2	ctg1	HG06807#2#CM101434.1:28441503-33631596
HIFI032007D	1	ctg1	HIFI032007D#1#h1tg000073l_0_0:608286-5760441_rc
HIFI032007D	2	ctg1	HIFI032007D#2#h2tg000247l_0_0:103-3580565_rc
HIFI032007D	2	ctg2	HIFI032007D#2#h2tg000455l_0_0:608118-2144059_rc
HIFI032018D	1	ctg1	HIFI032018D#1#h1tg000037l_0_0:304267-5382862
HIFI032018D	2	ctg1	HIFI032018D#2#h2tg000056l_0_0:307668-5563326
HIFI032069D	1	ctg1	HIFI032069D#1#h1tg000026l_0_0:610788-5743677_rc
HIFI032069D	2	ctg1	HIFI032069D#2#h2tg000171l_0_0:608783-5720475_rc
HIFI032097D	1	ctg1	HIFI032097D#1#h1tg000023l_0_0:611330-5798061_rc
HIFI032097D	2	ctg1	HIFI032097D#2#h2tg000077l_0_0:609524-5764255_rc
HIFI032103D	1	ctg1	HIFI032103D#1#h1tg000122l_0_0:301346-3035190
HIFI032103D	1	ctg2	HIFI032103D#1#h1tg000059l_0_0:611631-3016887_rc
HIFI032103D	2	ctg1	HIFI032103D#2#h2tg000045l_0_0:303195-5607722
HIFI032161D	1	ctg1	HIFI032161D#1#h1tg000029l_0_0:607863-5752234_rc
HIFI032161D	2	ctg1	HIFI032161D#2#h2tg000024l_0_0:611651-5758120_rc
HIFI032164D	1	ctg1	HIFI032164D#1#h1tg000126l_0_0:607871-5767484_rc
HIFI032164D	1	ctg2	HIFI032164D#1#h1tg000471l_0_0:107-368990_rc
HIFI032164D	2	ctg1	HIFI032164D#2#h2tg000157l_0_0:404-2644974_rc
HIFI032164D	2	ctg2	HIFI032164D#2#h2tg000212l_0_0:274-1444462
HIFI032164D	2	ctg3	HIFI032164D#2#h2tg000362l_0_0:4876-715590
HIFI032164D	2	ctg4	HIFI032164D#2#h2tg000476l_0_0:107-368968_rc
HIFI032167D	1	ctg1	HIFI032167D#1#h1tg000006l_0_0:609993-5773840_rc
HIFI032167D	2	ctg1	HIFI032167D#2#h2tg000184l_0_0:578-3410834_rc
HIFI032167D	2	ctg2	HIFI032167D#2#h2tg000442l_0_0:609992-1853384_rc
HIFI032167D	2	ctg3	HIFI032167D#2#h2tg000017l_0_0:303773-664326
HIFI032182D	1	ctg1	HIFI032182D#1#h1tg000062l_0_0:608743-5774270_rc
HIFI032182D	2	ctg1	HIFI032182D#2#h2tg000020l_0_0:304162-5451064
HIFI032289D	1	ctg1	HIFI032289D#1#h1tg000057l_0_0:611762-5895636_rc
HIFI032289D	2	ctg1	HIFI032289D#2#h2tg000050l_0_0:302987-5547842
HIFI032292D	1	ctg1	HIFI032292D#1#h1tg000202l_0_0:610779-5026306_rc
HIFI032292D	1	ctg2	HIFI032292D#1#h1tg000188l_0_0:1051-664480_rc
HIFI032292D	2	ctg1	HIFI032292D#2#h2tg000202l_0_0:301746-5442974
HIFI032302D	1	ctg1	HIFI032302D#1#h1tg000118l_0_0:546-2591024
HIFI032302D	1	ctg2	HIFI032302D#1#h1tg000352l_0_0:288-1193852_rc
HIFI032302D	1	ctg3	HIFI032302D#1#h1tg000264l_0_0:100-774821_rc
HIFI032302D	1	ctg4	HIFI032302D#1#h1tg000267l_0_0:577-567548_rc
HIFI032302D	2	ctg1	HIFI032302D#2#h2tg000125l_0_0:607201-5502153_rc
HIFI032302D	2	ctg2	HIFI032302D#2#h2tg000087l_0_0:303003-514012
HIFI032306D	1	ctg1	HIFI032306D#1#h1tg000062l_0_0:611306-5769353_rc
HIFI032306D	2	ctg1	HIFI032306D#2#h2tg000068l_0_0:608736-5852116_rc
HIFI032335D	1	ctg1	HIFI032335D#1#h1tg000010l_0_0:301759-5500911
HIFI032335D	2	ctg1	HIFI032335D#2#h2tg000219l_0_0:2273-2943040
HIFI032335D	2	ctg2	HIFI032335D#2#h2tg000629l_0_0:81-794718_rc
HIFI032335D	2	ctg3	HIFI032335D#2#h2tg001098l_0_0:137410-461221
HIFI032335D	2	ctg4	HIFI032335D#2#h2tg000304l_0_0:186-293805
HIFI032335D	2	ctg5	HIFI032335D#2#h2tg001258l_0_0:11696-178574_rc
HIFI032335D	2	ctg6	HIFI032335D#2#h2tg000953l_0_0:3127-134449_rc
HIFI032349D	1	ctg1	HIFI032349D#1#h1tg000020l_0_0:301733-5566658
HIFI032349D	2	ctg1	HIFI032349D#2#h2tg000060l_0_0:608410-5739806_rc
HIFI032373D	1	ctg1	HIFI032373D#1#h1tg000049l_0_0:608867-5740038_rc
HIFI032373D	2	ctg1	HIFI032373D#2#h2tg000079l_0_0:301742-3609269
HIFI032373D	2	ctg2	HIFI032373D#2#h2tg000044l_0_0:608973-1945151_rc
HIFI032373D	2	ctg3	HIFI032373D#2#h2tg000139l_0_0:112-485361_rc
HIFI032420D	1	ctg1	HIFI032420D#1#h1tg000074l_0_0:303007-5500336
HIFI032420D	2	ctg1	HIFI032420D#2#h2tg000028l_0_0:302171-5561704
HIFI032422D	1	ctg1	HIFI032422D#1#h1tg000015l_0_0:303813-5358931
HIFI032422D	2	ctg1	HIFI032422D#2#h2tg000138l_0_0:303022-5459818
HIFI032429D	1	ctg1	HIFI032429D#1#h1tg000176l_0_0:611631-5819632_rc
HIFI032429D	2	ctg1	HIFI032429D#2#h2tg000236l_0_0:366-3775085
HIFI032429D	2	ctg2	HIFI032429D#2#h2tg000356l_0_0:657-986848
HIFI032429D	2	ctg3	HIFI032429D#2#h2tg000622l_0_0:408-172412_rc
HIFI032440D	1	ctg1	HIFI032440D#1#h1tg000035l_0_0:610298-5756202_rc
HIFI032440D	2	ctg1	HIFI032440D#2#h2tg000090l_0_0:301809-5292738
HIFI032450D	1	ctg1	HIFI032450D#1#h1tg000008l_0_0:301757-5443675
HIFI032450D	2	ctg1	HIFI032450D#2#h2tg000141l_0_0:744-4499104_rc
HIFI032450D	2	ctg2	HIFI032450D#2#h2tg000125l_0_0:108-695178
HIFI032453D	1	ctg1	HIFI032453D#1#h1tg000016l_0_0:608084-5737533_rc
HIFI032453D	2	ctg1	HIFI032453D#2#h2tg000022l_0_0:611013-5690080_rc
HIFI032454D	1	ctg1	HIFI032454D#1#h1tg000050l_0_0:610949-5688146_rc
HIFI032454D	2	ctg1	HIFI032454D#2#h2tg000014l_0_0:303195-5343983
HIFI032462D	1	ctg1	HIFI032462D#1#h1tg000018l_0_0:608249-5847965_rc
HIFI032462D	2	ctg1	HIFI032462D#2#h2tg000305l_0_0:304337-3862556
HIFI032462D	2	ctg2	HIFI032462D#2#h2tg000118l_0_0:610290-2116716_rc
HIFI032473D	1	ctg1	HIFI032473D#1#h1tg000017l_0_0:611279-5848073_rc
HIFI032473D	2	ctg1	HIFI032473D#2#h2tg000041l_0_0:611187-5777378_rc
HIFI032487D	1	ctg1	HIFI032487D#1#h1tg000160l_0_0:610978-5805510_rc
HIFI032487D	2	ctg1	HIFI032487D#2#h2tg000061l_0_0:608057-5671065_rc
HIFI032501D	1	ctg1	HIFI032501D#1#h1tg000023l_0_0:303660-5553387
HIFI032501D	2	ctg1	HIFI032501D#2#h2tg000105l_0_0:441-3022934
HIFI032501D	2	ctg2	HIFI032501D#2#h2tg000313l_0_0:669-2182574_rc
HIFI032510D	1	ctg1	HIFI032510D#1#h1tg000002l_0_0:607731-5770322_rc
HIFI032510D	2	ctg1	HIFI032510D#2#h2tg000003l_0_0:608800-5732063_rc
HIFI032513D	1	ctg1	HIFI032513D#1#h1tg000077l_0_0:303957-5592528
HIFI032513D	2	ctg1	HIFI032513D#2#h2tg000054l_0_0:609439-5765230_rc
HIFI032529D	1	ctg1	HIFI032529D#1#h1tg000121l_0_0:607870-5787538_rc
HIFI032529D	2	ctg1	HIFI032529D#2#h2tg000123l_0_0:672-2712603_rc
HIFI032529D	2	ctg2	HIFI032529D#2#h2tg000076l_0_0:301738-2564811
HIFI032529D	2	ctg3	HIFI032529D#2#h2tg000491l_0_0:242-102634
HIFI032566D	1	ctg1	HIFI032566D#1#h1tg000029l_0_0:611087-5707519_rc
HIFI032566D	2	ctg1	HIFI032566D#2#h2tg000123l_0_0:610347-5693123_rc
HIFI032567D	1	ctg1	HIFI032567D#1#h1tg000065l_0_0:610944-3834657_rc
HIFI032567D	1	ctg2	HIFI032567D#1#h1tg000320l_0_0:242-1902341_rc
HIFI032567D	2	ctg1	HIFI032567D#2#h2tg000021l_0_0:303467-5616058
HIFI032585D	1	ctg1	HIFI032585D#1#h1tg000015l_0_0:608714-5788197_rc
HIFI032585D	2	ctg1	HIFI032585D#2#h2tg000251l_0_0:608786-5272448_rc
HIFI032585D	2	ctg2	HIFI032585D#2#h2tg000202l_0_0:181-500525_rc
HIFI032586D	1	ctg1	HIFI032586D#1#h1tg000082l_0_0:608380-5862391_rc
HIFI032586D	2	ctg1	HIFI032586D#2#h2tg000068l_0_0:610961-5682003_rc
HIFI032591D	1	ctg1	HIFI032591D#1#h1tg000008l_0_0:304261-5535645
HIFI032591D	2	ctg1	HIFI032591D#2#h2tg000191l_0_0:608144-5628514_rc
HIFI032604D	1	ctg1	HIFI032604D#1#h1tg000033l_0_0:608804-5838950_rc
HIFI032604D	2	ctg1	HIFI032604D#2#h2tg000003l_0_0:608544-5741103_rc
HIFI032607D	1	ctg1	HIFI032607D#1#h1tg000001l_0_0:304265-5604718
HIFI032607D	2	ctg1	HIFI032607D#2#h2tg000007l_0_0:611122-5743055_rc
HIFI032662D	1	ctg1	HIFI032662D#1#h1tg000154l_0_0:610481-5807545_rc
HIFI032662D	2	ctg1	HIFI032662D#2#h2tg000203l_0_0:478869-5255088_rc
HIFI032662D	2	ctg2	HIFI032662D#2#h2tg000332l_0_0:237-307042_rc
HIFI032668D	1	ctg1	HIFI032668D#1#h1tg000009l_0_0:611120-5919133_rc
HIFI032668D	2	ctg1	HIFI032668D#2#h2tg000066l_0_0:608094-5719634_rc
HIFI032682D	1	ctg1	HIFI032682D#1#h1tg000013l_0_0:608436-5749936_rc
HIFI032682D	2	ctg1	HIFI032682D#2#h2tg000065l_0_0:608744-5741883_rc
HIFI032685D	1	ctg1	HIFI032685D#1#h1tg000048l_0_0:302205-5467452
HIFI032685D	2	ctg1	HIFI032685D#2#h2tg000153l_0_0:301738-5322457
HIFI032692D	1	ctg1	HIFI032692D#1#h1tg000123l_0_0:303312-5470118
HIFI032692D	2	ctg1	HIFI032692D#2#h2tg000020l_0_0:304295-5612497
HIFI032693D	1	ctg1	HIFI032693D#1#h1tg000062l_0_0:608433-5733453_rc
HIFI032693D	2	ctg1	HIFI032693D#2#h2tg000033l_0_0:607815-5813555_rc
HIFI032698D	1	ctg1	HIFI032698D#1#h1tg000101l_0_0:610392-3981084_rc
HIFI032698D	1	ctg2	HIFI032698D#1#h1tg000147l_0_0:84-1836508_rc
HIFI032698D	2	ctg1	HIFI032698D#2#h2tg000030l_0_0:608806-5742659_rc
HIFI032706D	1	ctg1	HIFI032706D#1#h1tg000016l_0_0:611062-5619397_rc
HIFI032706D	2	ctg1	HIFI032706D#2#h2tg000095l_0_0:607465-5690513_rc
HIFI032711D	1	ctg1	HIFI032711D#1#h1tg000033l_0_0:609337-5753811_rc
HIFI032711D	2	ctg1	HIFI032711D#2#h2tg000080l_0_0:611264-5763252_rc
HIFI032731D	1	ctg1	HIFI032731D#1#h1tg000273l_0_0:606929-5771846_rc
HIFI032731D	2	ctg1	HIFI032731D#2#h2tg000012l_0_0:303976-5468014
KOREF1	1	ctg1	KOREF1#1#chr6_85671:28288069-33527843
KOREF1	2	ctg1	KOREF1#2#chr6_93216:28299861-33486856
KOREF2	1	ctg1	KOREF2#1#Unplaced_h1tg000017l_2237953:24965590-30159345_rc
KOREF2	2	ctg1	KOREF2#2#Unplaced_h2tg000026l_88481:28271060-33401074
KPanRef-071	1	ctg1	KPanRef-071#1#Unplaced_h1tg000003l_114042770:24917513-29983750_rc
KPanRef-071	2	ctg1	KPanRef-071#2#Unplaced_h2tg000014l_93768:28304957-33536275
KPanRef-072	1	ctg1	KPanRef-072#1#Unplaced_h1tg000009l_150514:28287169-33594415
KPanRef-072	2	ctg1	KPanRef-072#2#Unplaced_h2tg000010l_88675:28260606-33499306
KPanRef-073	1	ctg1	KPanRef-073#1#Unplaced_h1tg000024l_134765:28276974-33409736
KPanRef-073	2	ctg1	KPanRef-073#2#Unplaced_h2tg000022l_97593:28283212-33436845
KPanRef-074	1	ctg1	KPanRef-074#1#Unplaced_h1tg000001l_114533789:24969372-30048015_rc
KPanRef-074	2	ctg1	KPanRef-074#2#Unplaced_h2tg000011l_115279241:24957451-30204750_rc
KPanRef-075	1	ctg1	KPanRef-075#1#Unplaced_h1tg000004l_92225:28285449-33448865
KPanRef-075	2	ctg1	KPanRef-075#2#Unplaced_h2tg000001l_113483410:24951192-30017318_rc
KPanRef-076	1	ctg1	KPanRef-076#1#Unplaced_h1tg000013l_113155204:24959153-30136228_rc
KPanRef-076	2	ctg1	KPanRef-076#2#Unplaced_h2tg000010l_154444:28276223-33472018
KPanRef-076-M	1	ctg1	KPanRef-076-M#1#Unplaced_h1tg000027l_2825028:24973969-30280824_rc
KPanRef-076-M	2	ctg1	KPanRef-076-M#2#Unplaced_h2tg000025l_2760357:24964198-30160929_rc
KPanRef-076-P	1	ctg1	KPanRef-076-P#1#Unplaced_h1tg000017l_88124:28282601-33357961
KPanRef-076-P	2	ctg1	KPanRef-076-P#2#Unplaced_h2tg000017l_137908:28277062-33454172
KPanRef-077	1	ctg1	KPanRef-077#1#Unplaced_h1tg000001l_137091:28284173-33492210
KPanRef-077	2	ctg1	KPanRef-077#2#Unplaced_h2tg000012l_78944:28291410-33360216
KPanRef-078	1	ctg1	KPanRef-078#1#Unplaced_h1tg000001l_114758335:24960658-30030886_rc
KPanRef-078	2	ctg1	KPanRef-078#2#Unplaced_h2tg000009l_0:3358197-8522429
KPanRef-079	1	ctg1	KPanRef-079#1#Unplaced_h1tg000005l_91609:28264818-33599109
KPanRef-079	2	ctg1	KPanRef-079#2#Unplaced_h2tg000026l_4253567:24954773-30064329_rc
KPanRef-080	1	ctg1	KPanRef-080#1#Unplaced_h1tg000006l_134640:28341348-33585111
KPanRef-080	2	ctg1	KPanRef-080#2#Unplaced_h2tg000008l_103230300:24952389-30156782_rc
ksa001	1	ctg1	ksa001#1#P01_compress.k30.hapmer-0000008:28390148-33635536
ksa001	2	ctg1	ksa001#2#P02_compress.k30.hapmer-0000137:138158892-143358025_rc
ksa002	1	ctg1	ksa002#1#h1tg000032l:22528800-27353974_rc
ksa002	1	ctg2	ksa002#1#h1tg000175l:109-301354_rc
ksa002	2	ctg1	ksa002#2#h2tg000047l:28364582-33489388
ksa003	1	ctg1	ksa003#1#h1tg000003l:26282372-31531568_rc
ksa003	2	ctg1	ksa003#2#h2tg000004l:28111634-33359120_rc
ksa004	1	ctg1	ksa004#1#h1tg000006l:2475-2699985_rc
ksa004	1	ctg2	ksa004#1#h1tg000606l:1559-2019480_rc
ksa004	1	ctg3	ksa004#1#h1tg000338l:4331-278892_rc
ksa004	1	ctg4	ksa004#1#h1tg001731l:3903-82463_rc
ksa004	1	ctg5	ksa004#1#h1tg002036l:30311-77335_rc
ksa004	2	ctg1	ksa004#2#h2tg000726l:671-1805991_rc
ksa004	2	ctg2	ksa004#2#h2tg000267l:728-1057414_rc
ksa004	2	ctg3	ksa004#2#h2tg000991l:396-865615_rc
ksa004	2	ctg4	ksa004#2#h2tg000174l:736-458462_rc
ksa004	2	ctg5	ksa004#2#h2tg000583l:42263-292225_rc
ksa004	2	ctg6	ksa004#2#h2tg001158l:1262-165074
ksa004	2	ctg7	ksa004#2#h2tg001803l:1414-122823_rc
ksa004	2	ctg8	ksa004#2#h2tg001683l:288-74325
ksa004	2	ctg9	ksa004#2#h2tg002266l:468-67664_rc
ksa004	2	ctg10	ksa004#2#h2tg001246l:491-65787
ksa005	1	ctg1	ksa005#1#h1tg000012l:28289164-33471875
ksa005	2	ctg1	ksa005#2#h2tg000015l:28455196-33802696
ksa006	1	ctg1	ksa006#1#h1tg000023l:24976893-30234320_rc
ksa006	2	ctg1	ksa006#2#h2tg000085l:1610-2499861_rc
ksa006	2	ctg2	ksa006#2#h2tg000156l:3140686-4857840_rc
ksa006	2	ctg3	ksa006#2#h2tg000427l:1367-681310_rc
ksa006	2	ctg4	ksa006#2#h2tg000448l:152-161581_rc
ksa006	2	ctg5	ksa006#2#h2tg000559l:496-141297_rc
ksa007	1	ctg1	ksa007#1#h1tg000051l:6349428-11505741_rc
ksa007	2	ctg1	ksa007#2#h2tg000027l:3344535-8478308
ksa008	1	ctg1	ksa008#1#h1tg000006l:28325815-33557944
ksa008	2	ctg1	ksa008#2#h2tg000040l:26875251-31991332_rc
ksa009	1	ctg1	ksa009#1#h1tg000017l:201-2210210_rc
ksa009	1	ctg2	ksa009#1#h1tg000085l:13174598-14754728_rc
ksa009	1	ctg3	ksa009#1#h1tg000482l:84-905269
ksa009	1	ctg4	ksa009#1#h1tg000831l:87-411352_rc
ksa009	1	ctg5	ksa009#1#h1tg000892l:981-116137
ksa009	2	ctg1	ksa009#2#h2tg000180l:126-2719313_rc
ksa009	2	ctg2	ksa009#2#h2tg000317l:466-2348990_rc
NA18505	1	ctg1	NA18505#1#JBHIJY010000048.1:28445967-33542979
NA18505	2	ctg1	NA18505#2#JBHIJZ010000041.1:28452551-33607869
NA18508	1	ctg1	NA18508#1#CM089650.1:28440826-33645342
NA18508	2	ctg1	NA18508#2#JBHIJH010000001.1:28282775-33492562
NA18522	1	ctg1	NA18522#1#CM087176.1:28457728-33607889
NA18522	2	ctg1	NA18522#2#CM087191.1:28461290-33621227
NA18565	1	ctg1	NA18565#1#CM094320.1:28406009-33589453
NA18565	2	ctg1	NA18565#2#CM094342.1:28359389-33490962
NA18570	1	ctg1	NA18570#1#CM087659.1:28377747-33503647
NA18570	2	ctg1	NA18570#2#JBHDXO010000039.1:12253641-17492124
NA18608	1	ctg1	NA18608#1#JBHIJW010000005.1:28379380-33466928
NA18608	2	ctg1	NA18608#2#JBHIJX010000014.1:28375523-33585552
NA18620	1	ctg1	NA18620#1#JBHIJU010000014.1:28371273-33496778
NA18620	2	ctg1	NA18620#2#JBHIJV010000064.1:28361084-33404871
NA18747	1	ctg1	NA18747#1#CM087202.1:28424227-33559019
NA18747	2	ctg1	NA18747#2#CM087242.1:28408784-33568848
NA18879	1	ctg1	NA18879#1#CM099716.1:28474558-33526652
NA18879	2	ctg1	NA18879#2#JBJUVN010000057.1:28495776-33652599
NA18906	1	ctg1	NA18906#1#JAHEOO020000008.1:28476372-33613648
NA18906	2	ctg1	NA18906#2#JAHEON020000009.1:28400633-33549040
NA18940	1	ctg1	NA18940#1#CM101704.1:28361445-33495650
NA18940	2	ctg1	NA18940#2#CM101718.1:28384276-33404776
NA18940.JaSaPaGe	1	ctg1	NA18940.JaSaPaGe#1#h1tg000082l:22521073-27655405_rc
NA18940.JaSaPaGe	2	ctg1	NA18940.JaSaPaGe#2#h2tg000159l:514-4713306
NA18940.JaSaPaGe	2	ctg2	NA18940.JaSaPaGe#2#h2tg000080l:4881-298650_rc
NA18943	1	ctg1	NA18943#1#CM101660.1:28426731-33491938
NA18943	2	ctg1	NA18943#2#CM101689.1:28413016-33476747
NA18943.JaSaPaGe	1	ctg1	NA18943.JaSaPaGe#1#CM101660.1:28426731-33491938
NA18943.JaSaPaGe	2	ctg1	NA18943.JaSaPaGe#2#CM101689.1:28413016-33476747
NA18944	1	ctg1	NA18944#1#CM101645.1:28385561-33526630
NA18944	2	ctg1	NA18944#2#CM101674.1:28358440-33385619
NA18945	1	ctg1	NA18945#1#CM101613.1:28368965-33555846
NA18945	2	ctg1	NA18945#2#CM101630.1:28394844-33694406
NA18945.JaSaPaGe	1	ctg1	NA18945.JaSaPaGe#1#h1tg000007l:25526793-30826391_rc
NA18945.JaSaPaGe	2	ctg1	NA18945.JaSaPaGe#2#h2tg000002l:28368005-33554919
NA18948	1	ctg1	NA18948#1#CM101600.1:28387406-33694585
NA18948	2	ctg1	NA18948#2#CM101588.1:28449833-33675773
NA18952	1	ctg1	NA18952#1#JBHIJS010000065.1:28372748-33544581
NA18952	2	ctg1	NA18952#2#JBHIJT010000011.1:27989065-33294169
NA18952.JaSaPaGe	1	ctg1	NA18952.JaSaPaGe#1#h1tg000063l:25586722-30891845_rc
NA18952.JaSaPaGe	2	ctg1	NA18952.JaSaPaGe#2#JBHIJT010000011.1:27989065-33294169
NA18959	1	ctg1	NA18959#1#CM101546.1:28370803-33504249
NA18959	2	ctg1	NA18959#2#CM101574.1:28371257-33493892
NA18960	1	ctg1	NA18960#1#CM101531.1:28387298-33581139
NA18960	2	ctg1	NA18960#2#CM101559.1:28352755-33558459
NA18967	1	ctg1	NA18967#1#CM101498.1:28415274-33499907
NA18967	2	ctg1	NA18967#2#JBKABX010000006.1:28395404-33553508
NA18970	1	ctg1	NA18970#1#CM101469.1:28338191-33472849
NA18970	2	ctg1	NA18970#2#CM101481.1:28437781-33628491
NA18970.JaSaPaGe	1	ctg1	NA18970.JaSaPaGe#1#CM101469.1:28338191-33472849
NA18970.JaSaPaGe	2	ctg1	NA18970.JaSaPaGe#2#CM101481.1:28437781-33628491
NA18971	1	ctg1	NA18971#1#JBHDWK010000075.1:28353861-33541047
NA18971	2	ctg1	NA18971#2#CM087282.1:28370956-33557710
NA18974	1	ctg1	NA18974#1#JBHIJQ010000061.1:28438445-33702152
NA18974	2	ctg1	NA18974#2#JBHIJR010000002.1:28446464-33624399
NA18976	1	ctg1	NA18976#1#CM089753.1:28424712-33611473
NA18976	2	ctg1	NA18976#2#CM089763.1:28447335-33634097
NA18982	1	ctg1	NA18982#1#CM101421.1:28415467-33548909
NA18982	2	ctg1	NA18982#2#JBKABT010000006.1:28433660-33435400
NA18983	1	ctg1	NA18983#1#CM087420.1:28378465-33528221
NA18983	2	ctg1	NA18983#2#CM087432.1:28420692-33672818
NA18990	1	ctg1	NA18990#1#h1tg000053l:1684255-6870690
NA18990	2	ctg1	NA18990#2#h2tg000012l:28380706-33571283
NA19007	1	ctg1	NA19007#1#h1tg000006l:27239246-32454334_rc
NA19007	2	ctg1	NA19007#2#h2tg000001l:28406882-33472999
NA19036	1	ctg1	NA19036#1#JBHIJM010000039.1:28463923-33608059
NA19036	2	ctg1	NA19036#2#CM089740.1:28304850-33443783
NA19043	1	ctg1	NA19043#1#CM087046.1:28457117-33603533
NA19043	2	ctg1	NA19043#2#CM087072.1:28298892-33447476
NA19066	1	ctg1	NA19066#1#h1tg000041l:28321019-33454057
NA19066	2	ctg1	NA19066#2#h2tg000023l:28379592-33689338
NA19079	1	ctg1	NA19079#1#h1tg000041l:25967753-30989063_rc
NA19079	2	ctg1	NA19079#2#h2tg000002l:1677209-6863053
NA19087	1	ctg1	NA19087#1#CM087696.1:28331338-33576082
NA19087	2	ctg1	NA19087#2#JBHDXQ010000012.1:23681967-28867579
NA19088	1	ctg1	NA19088#1#h1tg000014l:26283350-31418977_rc
NA19088	2	ctg1	NA19088#2#h2tg000004l:139364569-144598705_rc
NA19159	1	ctg1	NA19159#1#JBJXQL010000007.1:28425942-33548809
NA19159	2	ctg1	NA19159#2#JBJXQM010000009.1:28479051-33767425
NA19185	1	ctg1	NA19185#1#CM087724.1:28452686-33600537
NA19185	2	ctg1	NA19185#2#CM087740.1:28365127-33559133
NA19240	1	ctg1	NA19240#1#JAHEOM020000002.1:28462857-33656907
NA19240	2	ctg1	NA19240#2#CM099616.1:28279408-33546879
NA19338	1	ctg1	NA19338#1#CM087758.1:28448969-33579906
NA19338	2	ctg1	NA19338#2#CM087775.1:28453026-33605437
NA19391	1	ctg1	NA19391#1#CM087790.1:28288674-33392322
NA19391	2	ctg1	NA19391#2#CM087804.1:28295746-33396359
NA19443	1	ctg1	NA19443#1#CM089448.1:28448109-33623879
NA19443	2	ctg1	NA19443#2#CM089461.1:28435491-33566565
NA19468	1	ctg1	NA19468#1#JBHDXX010000056.1:28478972-33624126
NA19468	2	ctg1	NA19468#2#JBHDXY010000045.1:28382628-33499947
NA19682	1	ctg1	NA19682#1#CM094150.1:28411407-33568676
NA19682	2	ctg1	NA19682#2#CM094164.1:28463959-33644888
NA19700	1	ctg1	NA19700#1#CM089621.1:28376765-33517479
NA19700	2	ctg1	NA19700#2#CM089638.1:28426616-33709243
NA19776	1	ctg1	NA19776#1#CM094012.1:28385884-33702873
NA19776	2	ctg1	NA19776#2#CM094049.1:28416676-33523673
NA19835	1	ctg1	NA19835#1#CM094026.1:28418644-33486956
NA19835	2	ctg1	NA19835#2#CM094035.1:28457594-33528933
NA19909	1	ctg1	NA19909#1#JBIRDH010000012.1:28412877-33619076
NA19909	2	ctg1	NA19909#2#JBIRDI010000053.1:28451896-33658066
NA20129	1	ctg1	NA20129#1#JAHEPE020000006.1:162-4816795
NA20129	1	ctg2	NA20129#1#JAHEPE020000013.1:28306363-28595928
NA20129	2	ctg1	NA20129#2#CM092121.1:28370806-33473927
NA20282	1	ctg1	NA20282#1#JBIRDT010000005.1:1683408-6782988
NA20282	2	ctg1	NA20282#2#JBIRDU010000003.1:1683297-6763868
NA20346	1	ctg1	NA20346#1#CM094251.1:28457185-33666384
NA20346	2	ctg1	NA20346#2#CM094262.1:28410681-33542038
NA20503	1	ctg1	NA20503#1#CM102459.1:28379297-33541270
NA20503	2	ctg1	NA20503#2#CM102476.1:28357590-33489275
NA20752	1	ctg1	NA20752#1#CM099770.1:28378820-33526332
NA20752	2	ctg1	NA20752#2#CM099783.1:28398107-33586251
NA20762	1	ctg1	NA20762#1#CM102512.1:28400125-33568157
NA20762	2	ctg1	NA20762#2#CM102528.1:28437013-33575799
NA20799	1	ctg1	NA20799#1#CM098688.1:28368547-33505653
NA20799	2	ctg1	NA20799#2#CM098717.1:28381748-33532360
NA20805	1	ctg1	NA20805#1#CM091887.1:28444744-33554804
NA20805	2	ctg1	NA20805#2#CM091899.1:28375930-33456966
NA20806	1	ctg1	NA20806#1#CM102442.1:28404226-33564454
NA20806	2	ctg1	NA20806#2#CM102496.1:28385854-33548009
NA20809	1	ctg1	NA20809#1#CM094332.1:28435710-33676068
NA20809	2	ctg1	NA20809#2#CM094351.1:28373506-33544564
NA20827	1	ctg1	NA20827#1#CM102544.1:28306620-33546886
NA20827	2	ctg1	NA20827#2#CM102564.1:28454949-33740832
NA20850	1	ctg1	NA20850#1#CM094293.1:28390909-33636624
NA20850	2	ctg1	NA20850#2#CM094307.1:28446289-33597788
NA20870	1	ctg1	NA20870#1#JBHIJK010000014.1:28358726-33487328
NA20870	2	ctg1	NA20870#2#JBHIJL010000043.1:28382928-33533945
NA20905	1	ctg1	NA20905#1#CM087474.1:28381582-33489243
NA20905	2	ctg1	NA20905#2#CM087508.1:28378316-33558408
NA21093	1	ctg1	NA21093#1#JBHIJC010000009.1:28380468-33627383
NA21093	2	ctg1	NA21093#2#JBHIJD010000010.1:28371658-33502471
NA21102	1	ctg1	NA21102#1#CM094427.1:28372690-33545460
NA21102	2	ctg1	NA21102#2#CM094447.1:28385953-33511436
NA21106	1	ctg1	NA21106#1#JBHIJA010000045.1:28388869-33551331
NA21106	2	ctg1	NA21106#2#CM089587.1:28353662-33542210
NA21110	1	ctg1	NA21110#1#CM089667.1:28379039-33461462
NA21110	2	ctg1	NA21110#2#CM089683.1:28365916-33548287
NA21144	1	ctg1	NA21144#1#JBIRDF010000052.1:22531832-27777573
NA21144	2	ctg1	NA21144#2#JBIRDG010000005.1:14666330-19853787
NA21309	1	ctg1	NA21309#1#CM092109.1:28406600-33562487
NA21309	2	ctg1	NA21309#2#CM092100.1:28345467-33471001
RY01	1	ctg1	RY01#1#h1tg000075l_0_0:303024-3316323
RY01	1	ctg2	RY01#1#h1tg000072l_0_0:608808-2720770_rc
RY01	2	ctg1	RY01#2#h2tg000027l_0_0:608839-5846758_rc
RY02	1	ctg1	RY02#1#h1tg000066l_0_0:303777-5460230
RY02	2	ctg1	RY02#2#h2tg000122l_0_0:1482-2705980_rc
RY02	2	ctg2	RY02#2#h2tg000029l_0_0:607648-2774751_rc
RY02	2	ctg3	RY02#2#h2tg000061l_0_0:301737-603920
RY03	1	ctg1	RY03#1#h1tg000038l_0_0:610070-5917112_rc
RY03	2	ctg1	RY03#2#h2tg000088l_0_0:608725-5740832_rc
RY04	1	ctg1	RY04#1#h1tg000045l_0_0:610227-5760897_rc
RY04	2	ctg1	RY04#2#h2tg000053l_0_0:304268-5412344
RY05	1	ctg1	RY05#1#h1tg000047l_0_0:611110-5457129_rc
RY05	1	ctg2	RY05#1#h1tg000089l_0_0:301769-603098
RY05	2	ctg1	RY05#2#h2tg000014l_0_0:304266-5416626
RY06	1	ctg1	RY06#1#h1tg000061l_0_0:607878-5429553_rc
RY06	1	ctg2	RY06#1#h1tg000060l_0_0:301738-602611
RY06	2	ctg1	RY06#2#h2tg000061l_0_0:610637-5774002_rc
RY07	1	ctg1	RY07#1#h1tg000003l_0_0:610203-5629754_rc
RY07	2	ctg1	RY07#2#h2tg000005l_0_0:608790-5854922_rc
RY08	1	ctg1	RY08#1#h1tg000075l_0_0:610655-5777427_rc
RY08	2	ctg1	RY08#2#h2tg000087l_0_0:301757-5549861
RY09	1	ctg1	RY09#1#h1tg000030l_0_0:608072-5880016_rc
RY09	2	ctg1	RY09#2#h2tg000035l_0_0:611090-5918099_rc
RY10	1	ctg1	RY10#1#h1tg000024l_0_0:607475-5741963_rc
RY10	2	ctg1	RY10#2#h2tg000100l_0_0:608786-5809719_rc
RY11	1	ctg1	RY11#1#h1tg000032l_0_0:461-4925741
RY11	1	ctg2	RY11#1#h1tg000156l_0_0:304258-604979
RY11	2	ctg1	RY11#2#h2tg000061l_0_0:303495-5531509
