donor	family	locus	evaluation_set	truth_pair	truth_cn	represented_in_training	training_haplotypes	markers	anchors	haploid_marker_depth
HG00146	HG00146	RCCX	pilot	RCCX-STRUCT-a002f576cdda62b4;RCCX-STRUCT-f3f0f2d8f59c7414	2	0	589	1107	168	14.5
HG00146	HG00146	DRB	pilot	DRB-STRUCT-2e2f348001bcb731;DRB-STRUCT-d9e9c983b0b92c6d	3	1	589	8348	233	14.5
HG00232	HG00232	RCCX	pilot	RCCX-STRUCT-c91a117646c15232;RCCX-STRUCT-daf9913a8b810e06	5	0	589	1107	168	18.0
HG00232	HG00232	DRB	pilot	DRB-STRUCT-a57eaf455348c3e7;DRB-STRUCT-d9e9c983b0b92c6d	4	1	589	8348	233	18.5
HG00321	HG00321	RCCX	pilot	RCCX-STRUCT-08dc6d3cd5c804e4;RCCX-STRUCT-80c1563b57f16898	3	1	589	1107	168	20.0
HG00321	HG00321	DRB	pilot	DRB-STRUCT-2e2f348001bcb731;DRB-STRUCT-a57eaf455348c3e7	3	1	589	8348	234	18.0
HG00329	HG00329	RCCX	pilot	RCCX-STRUCT-c91a117646c15232;RCCX-STRUCT-e92677dc4f8b8aff	5	1	589	1107	168	11.5
HG00329	HG00329	DRB	pilot	DRB-STRUCT-2e2f348001bcb731;DRB-STRUCT-d9e9c983b0b92c6d	3	1	589	8346	233	11.0
HG01786	HG01785	RCCX	pilot	RCCX-STRUCT-08dc6d3cd5c804e4;RCCX-STRUCT-109f6cb2c3c027c8	4	1	589	1107	168	18.0
HG01786	HG01785	DRB	pilot	DRB-STRUCT-d9e9c983b0b92c6d;DRB-STRUCT-d9e9c983b0b92c6d	4	1	589	8348	233	17.5
HG02392	HG02392	RCCX	pilot	RCCX-STRUCT-08dc6d3cd5c804e4;RCCX-STRUCT-716f40e69c45c13d	6	0	589	1107	168	11.5
HG02392	HG02392	DRB	pilot	DRB-STRUCT-a57eaf455348c3e7;DRB-STRUCT-a57eaf455348c3e7	4	1	589	8347	233	11.0
HG03139	HG03139	RCCX	pilot	RCCX-STRUCT-08dc6d3cd5c804e4;RCCX-STRUCT-80c1563b57f16898	3	1	589	1107	168	12.0
HG03139	HG03139	DRB	pilot	DRB-STRUCT-2e2f348001bcb731;DRB-STRUCT-2e2f348001bcb731	2	1	589	8348	233	11.5
HG03195	HG03195	RCCX	pilot	RCCX-STRUCT-08dc6d3cd5c804e4;RCCX-STRUCT-6493188f61335fa0	4	1	589	1107	168	10.5
HG03195	HG03195	DRB	pilot	DRB-STRUCT-2e2f348001bcb731;DRB-STRUCT-a57eaf455348c3e7	3	1	589	8348	234	10.5
HG03225	HG03225	RCCX	pilot	RCCX-STRUCT-08dc6d3cd5c804e4;RCCX-STRUCT-804d53b600bb619f	4	1	589	1107	168	12.0
HG03225	HG03225	DRB	pilot	DRB-STRUCT-2e2f348001bcb731;DRB-STRUCT-d9e9c983b0b92c6d	3	1	589	8348	233	10.5
HG03784	HG03784	RCCX	pilot	RCCX-STRUCT-c91a117646c15232;RCCX-STRUCT-e92677dc4f8b8aff	5	1	589	1107	168	11.0
HG03784	HG03784	DRB	pilot	DRB-STRUCT-d9e9c983b0b92c6d;DRB-STRUCT-d9e9c983b0b92c6d	4	1	589	8348	233	10.5
NA18505	NA18503	RCCX	pilot	RCCX-STRUCT-08dc6d3cd5c804e4;RCCX-STRUCT-80c1563b57f16898	3	1	589	1107	168	11.0
NA18505	NA18503	DRB	pilot	DRB-STRUCT-a57eaf455348c3e7;DRB-STRUCT-d9e9c983b0b92c6d	4	1	589	8348	233	10.5
NA18948	NA18948	RCCX	pilot	RCCX-STRUCT-08dc6d3cd5c804e4;RCCX-STRUCT-c043bb7aaa1cb89c	6	1	589	1106	168	10.25
NA18948	NA18948	DRB	pilot	DRB-STRUCT-17c329d85af8b93c;DRB-STRUCT-2e2f348001bcb731	3	1	589	8348	233	10.5
NA18952	NA18952	RCCX	pilot	RCCX-STRUCT-c043bb7aaa1cb89c;RCCX-STRUCT-c91a117646c15232	6	1	589	1106	168	11.75
NA18952	NA18952	DRB	pilot	DRB-STRUCT-17c329d85af8b93c;DRB-STRUCT-d9e9c983b0b92c6d	4	1	589	8348	233	10.5
NA18974	NA18974	RCCX	pilot	RCCX-STRUCT-e92677dc4f8b8aff;RCCX-STRUCT-e92677dc4f8b8aff	6	1	589	1107	168	12.5
NA18974	NA18974	DRB	pilot	DRB-STRUCT-17c329d85af8b93c;DRB-STRUCT-a57eaf455348c3e7	4	1	589	8348	233	12.0
NA19007	NA19007	RCCX	pilot	RCCX-STRUCT-08dc6d3cd5c804e4;RCCX-STRUCT-80c1563b57f16898	3	1	589	1107	168	10.5
NA19007	NA19007	DRB	pilot	DRB-STRUCT-17c329d85af8b93c;DRB-STRUCT-2e2f348001bcb731	3	1	589	8348	233	9.5
NA19159	NA19159	RCCX	pilot	RCCX-STRUCT-0c843ef37c4c8a9d;RCCX-STRUCT-43779c00c9747168	6	1	589	1107	168	12.5
NA19159	NA19159	DRB	pilot	DRB-STRUCT-17c329d85af8b93c;DRB-STRUCT-d9e9c983b0b92c6d	4	1	589	8348	233	11.5
NA21106	NA21106	RCCX	pilot	RCCX-STRUCT-109f6cb2c3c027c8;RCCX-STRUCT-c91a117646c15232	4	1	589	1107	168	17.75
NA21106	NA21106	DRB	pilot	DRB-STRUCT-a57eaf455348c3e7;DRB-STRUCT-a57eaf455348c3e7	4	1	589	8348	233	16.0
NA21144	NA21144	RCCX	pilot	RCCX-STRUCT-005a3eadf9cf15cd;RCCX-STRUCT-08dc6d3cd5c804e4	4	0	589	1107	168	10.0
NA21144	NA21144	DRB	pilot	DRB-STRUCT-17c329d85af8b93c;DRB-STRUCT-d9e9c983b0b92c6d	4	1	589	8348	233	8.5
