donor	family	locus	evaluation_set	truth_pair	truth_cn	represented_in_training	training_haplotypes	markers	anchors	haploid_marker_depth	method	call_status	predicted_pair	predicted_cn	pair_correct	cn_correct	compatible_structural_pairs	relative_structure_margin	normalized_rmse
HG00146	HG00146	RCCX	pilot	RCCX-STRUCT-a002f576cdda62b4;RCCX-STRUCT-f3f0f2d8f59c7414	2	0	589	1107	168	14.5	path_multiplicity	unique_best_uncalibrated	RCCX-STRUCT-80c1563b57f16898;RCCX-STRUCT-a002f576cdda62b4	2	0	1	1	0.031958857562682415	0.4956006164876759
HG00146	HG00146	RCCX	pilot	RCCX-STRUCT-a002f576cdda62b4;RCCX-STRUCT-f3f0f2d8f59c7414	2	0	589	1107	168	14.5	flat_sequence_catalogue	unique_best_uncalibrated	RCCX-STRUCT-80c1563b57f16898;RCCX-STRUCT-a002f576cdda62b4	2	0	1	1	0.031958857562682415	0.4956006164876759
HG00146	HG00146	RCCX	pilot	RCCX-STRUCT-a002f576cdda62b4;RCCX-STRUCT-f3f0f2d8f59c7414	2	0	589	1107	168	14.5	binary_paths	unique_best_uncalibrated	RCCX-STRUCT-08dc6d3cd5c804e4;RCCX-STRUCT-a002f576cdda62b4	3	0	0	1	0.05952590560740005	0.4814775567638968
HG00146	HG00146	RCCX	pilot	RCCX-STRUCT-a002f576cdda62b4;RCCX-STRUCT-f3f0f2d8f59c7414	2	0	589	1107	168	14.5	assembly_profile_oracle	unique_best_uncalibrated	RCCX-STRUCT-80c1563b57f16898;RCCX-STRUCT-a002f576cdda62b4	2	0	1	1	0.21052631578947367	0.18527549739986135
HG00146	HG00146	DRB	pilot	DRB-STRUCT-2e2f348001bcb731;DRB-STRUCT-d9e9c983b0b92c6d	3	1	589	8348	233	14.5	path_multiplicity	unique_best_uncalibrated	DRB-STRUCT-2e2f348001bcb731;DRB-STRUCT-d9e9c983b0b92c6d	3	1	1	1	1.1486971352768385	0.3003226542706702
HG00146	HG00146	DRB	pilot	DRB-STRUCT-2e2f348001bcb731;DRB-STRUCT-d9e9c983b0b92c6d	3	1	589	8348	233	14.5	flat_sequence_catalogue	unique_best_uncalibrated	DRB-STRUCT-2e2f348001bcb731;DRB-STRUCT-d9e9c983b0b92c6d	3	1	1	1	1.1486971352768385	0.3003226542706702
HG00146	HG00146	DRB	pilot	DRB-STRUCT-2e2f348001bcb731;DRB-STRUCT-d9e9c983b0b92c6d	3	1	589	8348	233	14.5	binary_paths	unique_best_uncalibrated	DRB-STRUCT-2e2f348001bcb731;DRB-STRUCT-d9e9c983b0b92c6d	3	1	1	1	0.7794106846283684	0.3467565793155471
HG00146	HG00146	DRB	pilot	DRB-STRUCT-2e2f348001bcb731;DRB-STRUCT-d9e9c983b0b92c6d	3	1	589	8348	233	14.5	assembly_profile_oracle	unique_best_uncalibrated	DRB-STRUCT-2e2f348001bcb731;DRB-STRUCT-d9e9c983b0b92c6d	3	1	1	1	1175.0	0.0
HG00232	HG00232	RCCX	pilot	RCCX-STRUCT-c91a117646c15232;RCCX-STRUCT-daf9913a8b810e06	5	0	589	1107	168	18.0	path_multiplicity	unique_best_uncalibrated	RCCX-STRUCT-08dc6d3cd5c804e4;RCCX-STRUCT-c043bb7aaa1cb89c	6	0	0	1	0.02867273007553608	0.8069133185687658
HG00232	HG00232	RCCX	pilot	RCCX-STRUCT-c91a117646c15232;RCCX-STRUCT-daf9913a8b810e06	5	0	589	1107	168	18.0	flat_sequence_catalogue	unique_best_uncalibrated	RCCX-STRUCT-08dc6d3cd5c804e4;RCCX-STRUCT-c043bb7aaa1cb89c	6	0	0	1	0.02867273007553608	0.8069133185687658
HG00232	HG00232	RCCX	pilot	RCCX-STRUCT-c91a117646c15232;RCCX-STRUCT-daf9913a8b810e06	5	0	589	1107	168	18.0	binary_paths	unique_best_uncalibrated	RCCX-STRUCT-c91a117646c15232;RCCX-STRUCT-c91a117646c15232	4	0	0	1	5.9372727137654e-05	2.600407630241975
HG00232	HG00232	RCCX	pilot	RCCX-STRUCT-c91a117646c15232;RCCX-STRUCT-daf9913a8b810e06	5	0	589	1107	168	18.0	assembly_profile_oracle	unique_best_uncalibrated	RCCX-STRUCT-109f6cb2c3c027c8;RCCX-STRUCT-750ba4509b0b305f	5	0	1	1	0.10569105691056911	0.3333333333333333
HG00232	HG00232	DRB	pilot	DRB-STRUCT-a57eaf455348c3e7;DRB-STRUCT-d9e9c983b0b92c6d	4	1	589	8348	233	18.5	path_multiplicity	unique_best_uncalibrated	DRB-STRUCT-a57eaf455348c3e7;DRB-STRUCT-d9e9c983b0b92c6d	4	1	1	1	1.7228897611841254	0.24763631188946694
HG00232	HG00232	DRB	pilot	DRB-STRUCT-a57eaf455348c3e7;DRB-STRUCT-d9e9c983b0b92c6d	4	1	589	8348	233	18.5	flat_sequence_catalogue	unique_best_uncalibrated	DRB-STRUCT-a57eaf455348c3e7;DRB-STRUCT-d9e9c983b0b92c6d	4	1	1	1	1.7228897611841254	0.24763631188946694
HG00232	HG00232	DRB	pilot	DRB-STRUCT-a57eaf455348c3e7;DRB-STRUCT-d9e9c983b0b92c6d	4	1	589	8348	233	18.5	binary_paths	unique_best_uncalibrated	DRB-STRUCT-a57eaf455348c3e7;DRB-STRUCT-d9e9c983b0b92c6d	4	1	1	1	1.003391446998942	0.3083005853660578
HG00232	HG00232	DRB	pilot	DRB-STRUCT-a57eaf455348c3e7;DRB-STRUCT-d9e9c983b0b92c6d	4	1	589	8348	233	18.5	assembly_profile_oracle	unique_best_uncalibrated	DRB-STRUCT-a57eaf455348c3e7;DRB-STRUCT-d9e9c983b0b92c6d	4	1	1	1	607.0	0.015478318452528122
HG00321	HG00321	RCCX	pilot	RCCX-STRUCT-08dc6d3cd5c804e4;RCCX-STRUCT-80c1563b57f16898	3	1	589	1107	168	20.0	path_multiplicity	unique_best_uncalibrated	RCCX-STRUCT-08dc6d3cd5c804e4;RCCX-STRUCT-80c1563b57f16898	3	1	1	1	0.0779252834047307	0.5061545336397947
HG00321	HG00321	RCCX	pilot	RCCX-STRUCT-08dc6d3cd5c804e4;RCCX-STRUCT-80c1563b57f16898	3	1	589	1107	168	20.0	flat_sequence_catalogue	unique_best_uncalibrated	RCCX-STRUCT-08dc6d3cd5c804e4;RCCX-STRUCT-80c1563b57f16898	3	1	1	1	0.0779252834047307	0.5061545336397947
HG00321	HG00321	RCCX	pilot	RCCX-STRUCT-08dc6d3cd5c804e4;RCCX-STRUCT-80c1563b57f16898	3	1	589	1107	168	20.0	binary_paths	unique_best_uncalibrated	RCCX-STRUCT-08dc6d3cd5c804e4;RCCX-STRUCT-80c1563b57f16898	3	1	1	1	0.012573188208906912	0.9207558459837653
HG00321	HG00321	RCCX	pilot	RCCX-STRUCT-08dc6d3cd5c804e4;RCCX-STRUCT-80c1563b57f16898	3	1	589	1107	168	20.0	assembly_profile_oracle	unique_best_uncalibrated	RCCX-STRUCT-08dc6d3cd5c804e4;RCCX-STRUCT-80c1563b57f16898	3	1	1	1	18.0	0.0
HG00321	HG00321	DRB	pilot	DRB-STRUCT-2e2f348001bcb731;DRB-STRUCT-a57eaf455348c3e7	3	1	589	8348	234	18.0	path_multiplicity	unique_best_uncalibrated	DRB-STRUCT-2e2f348001bcb731;DRB-STRUCT-a57eaf455348c3e7	3	1	1	1	3.2481423490121166	0.20211372028988042
HG00321	HG00321	DRB	pilot	DRB-STRUCT-2e2f348001bcb731;DRB-STRUCT-a57eaf455348c3e7	3	1	589	8348	234	18.0	flat_sequence_catalogue	unique_best_uncalibrated	DRB-STRUCT-2e2f348001bcb731;DRB-STRUCT-a57eaf455348c3e7	3	1	1	1	3.2481423490121166	0.20211372028988042
HG00321	HG00321	DRB	pilot	DRB-STRUCT-2e2f348001bcb731;DRB-STRUCT-a57eaf455348c3e7	3	1	589	8348	234	18.0	binary_paths	unique_best_uncalibrated	DRB-STRUCT-2e2f348001bcb731;DRB-STRUCT-a57eaf455348c3e7	3	1	1	1	1.8795655522847707	0.24883637219645763
HG00321	HG00321	DRB	pilot	DRB-STRUCT-2e2f348001bcb731;DRB-STRUCT-a57eaf455348c3e7	3	1	589	8348	234	18.0	assembly_profile_oracle	unique_best_uncalibrated	DRB-STRUCT-2e2f348001bcb731;DRB-STRUCT-a57eaf455348c3e7	3	1	1	1	1139.0	0.0
HG00329	HG00329	RCCX	pilot	RCCX-STRUCT-c91a117646c15232;RCCX-STRUCT-e92677dc4f8b8aff	5	1	589	1107	168	11.5	path_multiplicity	unique_best_uncalibrated	RCCX-STRUCT-43779c00c9747168;RCCX-STRUCT-ca928f07d032036f	6	0	0	1	0.015383859369427818	0.7908837696773183
HG00329	HG00329	RCCX	pilot	RCCX-STRUCT-c91a117646c15232;RCCX-STRUCT-e92677dc4f8b8aff	5	1	589	1107	168	11.5	flat_sequence_catalogue	unique_best_uncalibrated	RCCX-STRUCT-43779c00c9747168;RCCX-STRUCT-ca928f07d032036f	6	0	0	1	0.015383859369427818	0.7908837696773183
HG00329	HG00329	RCCX	pilot	RCCX-STRUCT-c91a117646c15232;RCCX-STRUCT-e92677dc4f8b8aff	5	1	589	1107	168	11.5	binary_paths	unique_best_uncalibrated	RCCX-STRUCT-c91a117646c15232;RCCX-STRUCT-e92677dc4f8b8aff	5	1	1	1	0.00047535419054102137	2.5058807751289613
HG00329	HG00329	RCCX	pilot	RCCX-STRUCT-c91a117646c15232;RCCX-STRUCT-e92677dc4f8b8aff	5	1	589	1107	168	11.5	assembly_profile_oracle	unique_best_uncalibrated	RCCX-STRUCT-c91a117646c15232;RCCX-STRUCT-e92677dc4f8b8aff	5	1	1	1	1.0	0.09016696346674323
HG00329	HG00329	DRB	pilot	DRB-STRUCT-2e2f348001bcb731;DRB-STRUCT-d9e9c983b0b92c6d	3	1	589	8346	233	11.0	path_multiplicity	unique_best_uncalibrated	DRB-STRUCT-2e2f348001bcb731;DRB-STRUCT-d9e9c983b0b92c6d	3	1	1	1	1.2130407130543928	0.3277668148489543
HG00329	HG00329	DRB	pilot	DRB-STRUCT-2e2f348001bcb731;DRB-STRUCT-d9e9c983b0b92c6d	3	1	589	8346	233	11.0	flat_sequence_catalogue	unique_best_uncalibrated	DRB-STRUCT-2e2f348001bcb731;DRB-STRUCT-d9e9c983b0b92c6d	3	1	1	1	1.2130407130543928	0.3277668148489543
HG00329	HG00329	DRB	pilot	DRB-STRUCT-2e2f348001bcb731;DRB-STRUCT-d9e9c983b0b92c6d	3	1	589	8346	233	11.0	binary_paths	unique_best_uncalibrated	DRB-STRUCT-2e2f348001bcb731;DRB-STRUCT-d9e9c983b0b92c6d	3	1	1	1	0.8095169509543074	0.379971789895039
HG00329	HG00329	DRB	pilot	DRB-STRUCT-2e2f348001bcb731;DRB-STRUCT-d9e9c983b0b92c6d	3	1	589	8346	233	11.0	assembly_profile_oracle	unique_best_uncalibrated	DRB-STRUCT-2e2f348001bcb731;DRB-STRUCT-d9e9c983b0b92c6d	3	1	1	1	304.0	0.02189227049231967
HG01786	HG01785	RCCX	pilot	RCCX-STRUCT-08dc6d3cd5c804e4;RCCX-STRUCT-109f6cb2c3c027c8	4	1	589	1107	168	18.0	path_multiplicity	unique_best_uncalibrated	RCCX-STRUCT-08dc6d3cd5c804e4;RCCX-STRUCT-e92677dc4f8b8aff	5	0	0	1	0.02967985331557354	0.6501732033313299
HG01786	HG01785	RCCX	pilot	RCCX-STRUCT-08dc6d3cd5c804e4;RCCX-STRUCT-109f6cb2c3c027c8	4	1	589	1107	168	18.0	flat_sequence_catalogue	unique_best_uncalibrated	RCCX-STRUCT-08dc6d3cd5c804e4;RCCX-STRUCT-e92677dc4f8b8aff	5	0	0	1	0.02967985331557354	0.6501732033313299
HG01786	HG01785	RCCX	pilot	RCCX-STRUCT-08dc6d3cd5c804e4;RCCX-STRUCT-109f6cb2c3c027c8	4	1	589	1107	168	18.0	binary_paths	unique_best_uncalibrated	RCCX-STRUCT-08dc6d3cd5c804e4;RCCX-STRUCT-109f6cb2c3c027c8	4	1	1	1	0.010050209842941747	1.6451367933597245
HG01786	HG01785	RCCX	pilot	RCCX-STRUCT-08dc6d3cd5c804e4;RCCX-STRUCT-109f6cb2c3c027c8	4	1	589	1107	168	18.0	assembly_profile_oracle	unique_best_uncalibrated	RCCX-STRUCT-08dc6d3cd5c804e4;RCCX-STRUCT-109f6cb2c3c027c8	4	1	1	1	16.5	0.04250511420422255
HG01786	HG01785	DRB	pilot	DRB-STRUCT-d9e9c983b0b92c6d;DRB-STRUCT-d9e9c983b0b92c6d	4	1	589	8348	233	17.5	path_multiplicity	unique_best_uncalibrated	DRB-STRUCT-d9e9c983b0b92c6d;DRB-STRUCT-d9e9c983b0b92c6d	4	1	1	1	0.7347954002963776	0.33838334848982504
HG01786	HG01785	DRB	pilot	DRB-STRUCT-d9e9c983b0b92c6d;DRB-STRUCT-d9e9c983b0b92c6d	4	1	589	8348	233	17.5	flat_sequence_catalogue	unique_best_uncalibrated	DRB-STRUCT-d9e9c983b0b92c6d;DRB-STRUCT-d9e9c983b0b92c6d	4	1	1	1	0.7347954002963776	0.33838334848982504
HG01786	HG01785	DRB	pilot	DRB-STRUCT-d9e9c983b0b92c6d;DRB-STRUCT-d9e9c983b0b92c6d	4	1	589	8348	233	17.5	binary_paths	unique_best_uncalibrated	DRB-STRUCT-d9e9c983b0b92c6d;DRB-STRUCT-d9e9c983b0b92c6d	4	1	1	1	0.4293325050657649	0.4065551056974763
HG01786	HG01785	DRB	pilot	DRB-STRUCT-d9e9c983b0b92c6d;DRB-STRUCT-d9e9c983b0b92c6d	4	1	589	8348	233	17.5	assembly_profile_oracle	unique_best_uncalibrated	DRB-STRUCT-d9e9c983b0b92c6d;DRB-STRUCT-d9e9c983b0b92c6d	4	1	1	1	300.0	0.021889647878295008
HG02392	HG02392	RCCX	pilot	RCCX-STRUCT-08dc6d3cd5c804e4;RCCX-STRUCT-716f40e69c45c13d	6	0	589	1107	168	11.5	path_multiplicity	unique_best_uncalibrated	RCCX-STRUCT-1f022f87af7ce1ed;RCCX-STRUCT-8904b92121a5f1e8	7	0	0	1	0.01255188667019524	1.0583986571775015
HG02392	HG02392	RCCX	pilot	RCCX-STRUCT-08dc6d3cd5c804e4;RCCX-STRUCT-716f40e69c45c13d	6	0	589	1107	168	11.5	flat_sequence_catalogue	unique_best_uncalibrated	RCCX-STRUCT-1f022f87af7ce1ed;RCCX-STRUCT-8904b92121a5f1e8	7	0	0	1	0.01255188667019524	1.0583986571775015
HG02392	HG02392	RCCX	pilot	RCCX-STRUCT-08dc6d3cd5c804e4;RCCX-STRUCT-716f40e69c45c13d	6	0	589	1107	168	11.5	binary_paths	unique_best_uncalibrated	RCCX-STRUCT-08dc6d3cd5c804e4;RCCX-STRUCT-b8ca310d36f0396c	4	0	0	1	0.0006509005804607913	2.9681194170107528
HG02392	HG02392	RCCX	pilot	RCCX-STRUCT-08dc6d3cd5c804e4;RCCX-STRUCT-716f40e69c45c13d	6	0	589	1107	168	11.5	assembly_profile_oracle	unique_best_uncalibrated	RCCX-STRUCT-42dd7f832dff3c86;RCCX-STRUCT-8904b92121a5f1e8	6	0	1	1	0.04954954954954955	0.4478191659811516
HG02392	HG02392	DRB	pilot	DRB-STRUCT-a57eaf455348c3e7;DRB-STRUCT-a57eaf455348c3e7	4	1	589	8347	233	11.0	path_multiplicity	unique_best_uncalibrated	DRB-STRUCT-a57eaf455348c3e7;DRB-STRUCT-a57eaf455348c3e7	4	1	1	1	3.1736128511375625	0.26669767186393684
HG02392	HG02392	DRB	pilot	DRB-STRUCT-a57eaf455348c3e7;DRB-STRUCT-a57eaf455348c3e7	4	1	589	8347	233	11.0	flat_sequence_catalogue	unique_best_uncalibrated	DRB-STRUCT-a57eaf455348c3e7;DRB-STRUCT-a57eaf455348c3e7	4	1	1	1	3.1736128511375625	0.26669767186393684
HG02392	HG02392	DRB	pilot	DRB-STRUCT-a57eaf455348c3e7;DRB-STRUCT-a57eaf455348c3e7	4	1	589	8347	233	11.0	binary_paths	unique_best_uncalibrated	DRB-STRUCT-a57eaf455348c3e7;DRB-STRUCT-a57eaf455348c3e7	4	1	1	1	1.9516959733639259	0.33792243015574897
HG02392	HG02392	DRB	pilot	DRB-STRUCT-a57eaf455348c3e7;DRB-STRUCT-a57eaf455348c3e7	4	1	589	8347	233	11.0	assembly_profile_oracle	unique_best_uncalibrated	DRB-STRUCT-a57eaf455348c3e7;DRB-STRUCT-a57eaf455348c3e7	4	1	1	1	52.628571428571426	0.06475433018589852
HG03139	HG03139	RCCX	pilot	RCCX-STRUCT-08dc6d3cd5c804e4;RCCX-STRUCT-80c1563b57f16898	3	1	589	1107	168	12.0	path_multiplicity	unique_best_uncalibrated	RCCX-STRUCT-08dc6d3cd5c804e4;RCCX-STRUCT-08dc6d3cd5c804e4	4	0	0	1	0.017425798682446734	0.5951770089530765
HG03139	HG03139	RCCX	pilot	RCCX-STRUCT-08dc6d3cd5c804e4;RCCX-STRUCT-80c1563b57f16898	3	1	589	1107	168	12.0	flat_sequence_catalogue	unique_best_uncalibrated	RCCX-STRUCT-08dc6d3cd5c804e4;RCCX-STRUCT-08dc6d3cd5c804e4	4	0	0	1	0.017425798682446734	0.5951770089530765
HG03139	HG03139	RCCX	pilot	RCCX-STRUCT-08dc6d3cd5c804e4;RCCX-STRUCT-80c1563b57f16898	3	1	589	1107	168	12.0	binary_paths	unique_best_uncalibrated	RCCX-STRUCT-08dc6d3cd5c804e4;RCCX-STRUCT-804d53b600bb619f	4	0	0	1	0.0016813606087368882	1.0789263662474824
HG03139	HG03139	RCCX	pilot	RCCX-STRUCT-08dc6d3cd5c804e4;RCCX-STRUCT-80c1563b57f16898	3	1	589	1107	168	12.0	assembly_profile_oracle	unique_best_uncalibrated	RCCX-STRUCT-08dc6d3cd5c804e4;RCCX-STRUCT-80c1563b57f16898	3	1	1	1	4.6	0.0950443247520335
HG03139	HG03139	DRB	pilot	DRB-STRUCT-2e2f348001bcb731;DRB-STRUCT-2e2f348001bcb731	2	1	589	8348	233	11.5	path_multiplicity	unique_best_uncalibrated	DRB-STRUCT-2e2f348001bcb731;DRB-STRUCT-2e2f348001bcb731	2	1	1	1	1.3601051637817363	0.31321294564081775
HG03139	HG03139	DRB	pilot	DRB-STRUCT-2e2f348001bcb731;DRB-STRUCT-2e2f348001bcb731	2	1	589	8348	233	11.5	flat_sequence_catalogue	unique_best_uncalibrated	DRB-STRUCT-2e2f348001bcb731;DRB-STRUCT-2e2f348001bcb731	2	1	1	1	1.3601051637817363	0.31321294564081775
HG03139	HG03139	DRB	pilot	DRB-STRUCT-2e2f348001bcb731;DRB-STRUCT-2e2f348001bcb731	2	1	589	8348	233	11.5	binary_paths	unique_best_uncalibrated	DRB-STRUCT-2e2f348001bcb731;DRB-STRUCT-2e2f348001bcb731	2	1	1	1	1.0417842446508296	0.33529832626451295
HG03139	HG03139	DRB	pilot	DRB-STRUCT-2e2f348001bcb731;DRB-STRUCT-2e2f348001bcb731	2	1	589	8348	233	11.5	assembly_profile_oracle	unique_best_uncalibrated	DRB-STRUCT-2e2f348001bcb731;DRB-STRUCT-2e2f348001bcb731	2	1	1	1	4.7112970711297075	0.16920287197056016
HG03195	HG03195	RCCX	pilot	RCCX-STRUCT-08dc6d3cd5c804e4;RCCX-STRUCT-6493188f61335fa0	4	1	589	1107	168	10.5	path_multiplicity	unique_best_uncalibrated	RCCX-STRUCT-08dc6d3cd5c804e4;RCCX-STRUCT-6493188f61335fa0	4	1	1	1	0.0031422505307689592	0.7117000561554117
HG03195	HG03195	RCCX	pilot	RCCX-STRUCT-08dc6d3cd5c804e4;RCCX-STRUCT-6493188f61335fa0	4	1	589	1107	168	10.5	flat_sequence_catalogue	unique_best_uncalibrated	RCCX-STRUCT-08dc6d3cd5c804e4;RCCX-STRUCT-6493188f61335fa0	4	1	1	1	0.0031422505307689592	0.7117000561554117
HG03195	HG03195	RCCX	pilot	RCCX-STRUCT-08dc6d3cd5c804e4;RCCX-STRUCT-6493188f61335fa0	4	1	589	1107	168	10.5	binary_paths	unique_best_uncalibrated	RCCX-STRUCT-08dc6d3cd5c804e4;RCCX-STRUCT-6493188f61335fa0	4	1	1	1	0.011835506519559216	1.6041306854998059
HG03195	HG03195	RCCX	pilot	RCCX-STRUCT-08dc6d3cd5c804e4;RCCX-STRUCT-6493188f61335fa0	4	1	589	1107	168	10.5	assembly_profile_oracle	unique_best_uncalibrated	RCCX-STRUCT-08dc6d3cd5c804e4;RCCX-STRUCT-6493188f61335fa0	4	1	1	1	78.0	0.0
HG03195	HG03195	DRB	pilot	DRB-STRUCT-2e2f348001bcb731;DRB-STRUCT-a57eaf455348c3e7	3	1	589	8348	234	10.5	path_multiplicity	unique_best_uncalibrated	DRB-STRUCT-2e2f348001bcb731;DRB-STRUCT-a57eaf455348c3e7	3	1	1	1	2.7353669161621457	0.28689263479963756
HG03195	HG03195	DRB	pilot	DRB-STRUCT-2e2f348001bcb731;DRB-STRUCT-a57eaf455348c3e7	3	1	589	8348	234	10.5	flat_sequence_catalogue	unique_best_uncalibrated	DRB-STRUCT-2e2f348001bcb731;DRB-STRUCT-a57eaf455348c3e7	3	1	1	1	2.7353669161621457	0.28689263479963756
HG03195	HG03195	DRB	pilot	DRB-STRUCT-2e2f348001bcb731;DRB-STRUCT-a57eaf455348c3e7	3	1	589	8348	234	10.5	binary_paths	unique_best_uncalibrated	DRB-STRUCT-2e2f348001bcb731;DRB-STRUCT-a57eaf455348c3e7	3	1	1	1	1.7428641978606054	0.3494365606587989
HG03195	HG03195	DRB	pilot	DRB-STRUCT-2e2f348001bcb731;DRB-STRUCT-a57eaf455348c3e7	3	1	589	8348	234	10.5	assembly_profile_oracle	unique_best_uncalibrated	DRB-STRUCT-2e2f348001bcb731;DRB-STRUCT-a57eaf455348c3e7	3	1	1	1	1846.0	0.010944823939147504
HG03225	HG03225	RCCX	pilot	RCCX-STRUCT-08dc6d3cd5c804e4;RCCX-STRUCT-804d53b600bb619f	4	1	589	1107	168	12.0	path_multiplicity	unique_best_uncalibrated	RCCX-STRUCT-08dc6d3cd5c804e4;RCCX-STRUCT-08dc6d3cd5c804e4	4	0	1	1	0.007365823092370602	0.70039904170779
HG03225	HG03225	RCCX	pilot	RCCX-STRUCT-08dc6d3cd5c804e4;RCCX-STRUCT-804d53b600bb619f	4	1	589	1107	168	12.0	flat_sequence_catalogue	unique_best_uncalibrated	RCCX-STRUCT-08dc6d3cd5c804e4;RCCX-STRUCT-08dc6d3cd5c804e4	4	0	1	1	0.007365823092370602	0.70039904170779
HG03225	HG03225	RCCX	pilot	RCCX-STRUCT-08dc6d3cd5c804e4;RCCX-STRUCT-804d53b600bb619f	4	1	589	1107	168	12.0	binary_paths	unique_best_uncalibrated	RCCX-STRUCT-08dc6d3cd5c804e4;RCCX-STRUCT-804d53b600bb619f	4	1	1	1	0.00139611465338694	1.574903469254109
HG03225	HG03225	RCCX	pilot	RCCX-STRUCT-08dc6d3cd5c804e4;RCCX-STRUCT-804d53b600bb619f	4	1	589	1107	168	12.0	assembly_profile_oracle	unique_best_uncalibrated	RCCX-STRUCT-08dc6d3cd5c804e4;RCCX-STRUCT-804d53b600bb619f	4	1	1	1	0.1111111111111111	0.2208630521496931
HG03225	HG03225	DRB	pilot	DRB-STRUCT-2e2f348001bcb731;DRB-STRUCT-d9e9c983b0b92c6d	3	1	589	8348	233	10.5	path_multiplicity	unique_best_uncalibrated	DRB-STRUCT-2e2f348001bcb731;DRB-STRUCT-d9e9c983b0b92c6d	3	1	1	1	0.8497265678554573	0.35330187893472953
HG03225	HG03225	DRB	pilot	DRB-STRUCT-2e2f348001bcb731;DRB-STRUCT-d9e9c983b0b92c6d	3	1	589	8348	233	10.5	flat_sequence_catalogue	unique_best_uncalibrated	DRB-STRUCT-2e2f348001bcb731;DRB-STRUCT-d9e9c983b0b92c6d	3	1	1	1	0.8497265678554573	0.35330187893472953
HG03225	HG03225	DRB	pilot	DRB-STRUCT-2e2f348001bcb731;DRB-STRUCT-d9e9c983b0b92c6d	3	1	589	8348	233	10.5	binary_paths	unique_best_uncalibrated	DRB-STRUCT-2e2f348001bcb731;DRB-STRUCT-d9e9c983b0b92c6d	3	1	1	1	0.5894543732986677	0.4008124103591544
HG03225	HG03225	DRB	pilot	DRB-STRUCT-2e2f348001bcb731;DRB-STRUCT-d9e9c983b0b92c6d	3	1	589	8348	233	10.5	assembly_profile_oracle	unique_best_uncalibrated	DRB-STRUCT-2e2f348001bcb731;DRB-STRUCT-d9e9c983b0b92c6d	3	1	1	1	6.420731707317073	0.14016213487838128
HG03784	HG03784	RCCX	pilot	RCCX-STRUCT-c91a117646c15232;RCCX-STRUCT-e92677dc4f8b8aff	5	1	589	1107	168	11.0	path_multiplicity	unique_best_uncalibrated	RCCX-STRUCT-43779c00c9747168;RCCX-STRUCT-ca928f07d032036f	6	0	0	1	0.005385703405518646	0.8283519280870668
HG03784	HG03784	RCCX	pilot	RCCX-STRUCT-c91a117646c15232;RCCX-STRUCT-e92677dc4f8b8aff	5	1	589	1107	168	11.0	flat_sequence_catalogue	unique_best_uncalibrated	RCCX-STRUCT-43779c00c9747168;RCCX-STRUCT-ca928f07d032036f	6	0	0	1	0.005385703405518646	0.8283519280870668
HG03784	HG03784	RCCX	pilot	RCCX-STRUCT-c91a117646c15232;RCCX-STRUCT-e92677dc4f8b8aff	5	1	589	1107	168	11.0	binary_paths	unique_best_uncalibrated	RCCX-STRUCT-c91a117646c15232;RCCX-STRUCT-e92677dc4f8b8aff	5	1	1	1	0.00024749133780330564	2.6397299064980966
HG03784	HG03784	RCCX	pilot	RCCX-STRUCT-c91a117646c15232;RCCX-STRUCT-e92677dc4f8b8aff	5	1	589	1107	168	11.0	assembly_profile_oracle	unique_best_uncalibrated	RCCX-STRUCT-c91a117646c15232;RCCX-STRUCT-e92677dc4f8b8aff	5	1	1	1	0.7272727272727273	0.09968332876829009
HG03784	HG03784	DRB	pilot	DRB-STRUCT-d9e9c983b0b92c6d;DRB-STRUCT-d9e9c983b0b92c6d	4	1	589	8348	233	10.5	path_multiplicity	unique_best_uncalibrated	DRB-STRUCT-d9e9c983b0b92c6d;DRB-STRUCT-d9e9c983b0b92c6d	4	1	1	1	0.5732756994486109	0.38883712037867924
HG03784	HG03784	DRB	pilot	DRB-STRUCT-d9e9c983b0b92c6d;DRB-STRUCT-d9e9c983b0b92c6d	4	1	589	8348	233	10.5	flat_sequence_catalogue	unique_best_uncalibrated	DRB-STRUCT-d9e9c983b0b92c6d;DRB-STRUCT-d9e9c983b0b92c6d	4	1	1	1	0.5732756994486109	0.38883712037867924
HG03784	HG03784	DRB	pilot	DRB-STRUCT-d9e9c983b0b92c6d;DRB-STRUCT-d9e9c983b0b92c6d	4	1	589	8348	233	10.5	binary_paths	unique_best_uncalibrated	DRB-STRUCT-d9e9c983b0b92c6d;DRB-STRUCT-d9e9c983b0b92c6d	4	1	1	1	0.3656270027771764	0.4538541520447326
HG03784	HG03784	DRB	pilot	DRB-STRUCT-d9e9c983b0b92c6d;DRB-STRUCT-d9e9c983b0b92c6d	4	1	589	8348	233	10.5	assembly_profile_oracle	unique_best_uncalibrated	DRB-STRUCT-d9e9c983b0b92c6d;DRB-STRUCT-d9e9c983b0b92c6d	4	1	1	1	1121.0	0.010944823939147504
NA18505	NA18503	RCCX	pilot	RCCX-STRUCT-08dc6d3cd5c804e4;RCCX-STRUCT-80c1563b57f16898	3	1	589	1107	168	11.0	path_multiplicity	unique_best_uncalibrated	RCCX-STRUCT-08dc6d3cd5c804e4;RCCX-STRUCT-80c1563b57f16898	3	1	1	1	0.13208024122926024	0.6430159458332966
NA18505	NA18503	RCCX	pilot	RCCX-STRUCT-08dc6d3cd5c804e4;RCCX-STRUCT-80c1563b57f16898	3	1	589	1107	168	11.0	flat_sequence_catalogue	unique_best_uncalibrated	RCCX-STRUCT-08dc6d3cd5c804e4;RCCX-STRUCT-80c1563b57f16898	3	1	1	1	0.13208024122926024	0.6430159458332966
NA18505	NA18503	RCCX	pilot	RCCX-STRUCT-08dc6d3cd5c804e4;RCCX-STRUCT-80c1563b57f16898	3	1	589	1107	168	11.0	binary_paths	unique_best_uncalibrated	RCCX-STRUCT-08dc6d3cd5c804e4;RCCX-STRUCT-80c1563b57f16898	3	1	1	1	0.002205734910768459	1.0026170150436615
NA18505	NA18503	RCCX	pilot	RCCX-STRUCT-08dc6d3cd5c804e4;RCCX-STRUCT-80c1563b57f16898	3	1	589	1107	168	11.0	assembly_profile_oracle	unique_best_uncalibrated	RCCX-STRUCT-08dc6d3cd5c804e4;RCCX-STRUCT-80c1563b57f16898	3	1	1	1	63.0	0.03005565448891441
NA18505	NA18503	DRB	pilot	DRB-STRUCT-a57eaf455348c3e7;DRB-STRUCT-d9e9c983b0b92c6d	4	1	589	8348	233	10.5	path_multiplicity	unique_best_uncalibrated	DRB-STRUCT-a57eaf455348c3e7;DRB-STRUCT-d9e9c983b0b92c6d	4	1	1	1	1.3025561447885765	0.303725767492025
NA18505	NA18503	DRB	pilot	DRB-STRUCT-a57eaf455348c3e7;DRB-STRUCT-d9e9c983b0b92c6d	4	1	589	8348	233	10.5	flat_sequence_catalogue	unique_best_uncalibrated	DRB-STRUCT-a57eaf455348c3e7;DRB-STRUCT-d9e9c983b0b92c6d	4	1	1	1	1.3025561447885765	0.303725767492025
NA18505	NA18503	DRB	pilot	DRB-STRUCT-a57eaf455348c3e7;DRB-STRUCT-d9e9c983b0b92c6d	4	1	589	8348	233	10.5	binary_paths	unique_best_uncalibrated	DRB-STRUCT-a57eaf455348c3e7;DRB-STRUCT-d9e9c983b0b92c6d	4	1	1	1	0.8776584020849274	0.3545486511630073
NA18505	NA18503	DRB	pilot	DRB-STRUCT-a57eaf455348c3e7;DRB-STRUCT-d9e9c983b0b92c6d	4	1	589	8348	233	10.5	assembly_profile_oracle	unique_best_uncalibrated	DRB-STRUCT-a57eaf455348c3e7;DRB-STRUCT-d9e9c983b0b92c6d	4	1	1	1	1195.0	0.010944823939147504
NA18948	NA18948	RCCX	pilot	RCCX-STRUCT-08dc6d3cd5c804e4;RCCX-STRUCT-c043bb7aaa1cb89c	6	1	589	1106	168	10.25	path_multiplicity	unique_best_uncalibrated	RCCX-STRUCT-0c843ef37c4c8a9d;RCCX-STRUCT-c043bb7aaa1cb89c	7	0	0	1	0.05988651782411229	1.0357053505455316
NA18948	NA18948	RCCX	pilot	RCCX-STRUCT-08dc6d3cd5c804e4;RCCX-STRUCT-c043bb7aaa1cb89c	6	1	589	1106	168	10.25	flat_sequence_catalogue	unique_best_uncalibrated	RCCX-STRUCT-0c843ef37c4c8a9d;RCCX-STRUCT-c043bb7aaa1cb89c	7	0	0	1	0.05988651782411229	1.0357053505455316
NA18948	NA18948	RCCX	pilot	RCCX-STRUCT-08dc6d3cd5c804e4;RCCX-STRUCT-c043bb7aaa1cb89c	6	1	589	1106	168	10.25	binary_paths	ambiguous			0	0	2	0.0	3.5674811687620784
NA18948	NA18948	RCCX	pilot	RCCX-STRUCT-08dc6d3cd5c804e4;RCCX-STRUCT-c043bb7aaa1cb89c	6	1	589	1106	168	10.25	assembly_profile_oracle	unique_best_uncalibrated	RCCX-STRUCT-08dc6d3cd5c804e4;RCCX-STRUCT-c043bb7aaa1cb89c	6	1	1	1	50.0	0.04252432555625623
NA18948	NA18948	DRB	pilot	DRB-STRUCT-17c329d85af8b93c;DRB-STRUCT-2e2f348001bcb731	3	1	589	8348	233	10.5	path_multiplicity	unique_best_uncalibrated	DRB-STRUCT-17c329d85af8b93c;DRB-STRUCT-2e2f348001bcb731	3	1	1	1	0.9242600043555831	0.4777591271184969
NA18948	NA18948	DRB	pilot	DRB-STRUCT-17c329d85af8b93c;DRB-STRUCT-2e2f348001bcb731	3	1	589	8348	233	10.5	flat_sequence_catalogue	unique_best_uncalibrated	DRB-STRUCT-17c329d85af8b93c;DRB-STRUCT-2e2f348001bcb731	3	1	1	1	0.9242600043555831	0.4777591271184969
NA18948	NA18948	DRB	pilot	DRB-STRUCT-17c329d85af8b93c;DRB-STRUCT-2e2f348001bcb731	3	1	589	8348	233	10.5	binary_paths	unique_best_uncalibrated	DRB-STRUCT-17c329d85af8b93c;DRB-STRUCT-2e2f348001bcb731	3	1	1	1	0.7058841367264652	0.5183873171907515
NA18948	NA18948	DRB	pilot	DRB-STRUCT-17c329d85af8b93c;DRB-STRUCT-2e2f348001bcb731	3	1	589	8348	233	10.5	assembly_profile_oracle	unique_best_uncalibrated	DRB-STRUCT-17c329d85af8b93c;DRB-STRUCT-2e2f348001bcb731	3	1	1	1	1243.5	0.015478318452528122
NA18952	NA18952	RCCX	pilot	RCCX-STRUCT-c043bb7aaa1cb89c;RCCX-STRUCT-c91a117646c15232	6	1	589	1106	168	11.75	path_multiplicity	unique_best_uncalibrated	RCCX-STRUCT-750ba4509b0b305f;RCCX-STRUCT-c043bb7aaa1cb89c	7	0	0	1	0.02941985956212964	0.9166525981814432
NA18952	NA18952	RCCX	pilot	RCCX-STRUCT-c043bb7aaa1cb89c;RCCX-STRUCT-c91a117646c15232	6	1	589	1106	168	11.75	flat_sequence_catalogue	unique_best_uncalibrated	RCCX-STRUCT-750ba4509b0b305f;RCCX-STRUCT-c043bb7aaa1cb89c	7	0	0	1	0.02941985956212964	0.9166525981814432
NA18952	NA18952	RCCX	pilot	RCCX-STRUCT-c043bb7aaa1cb89c;RCCX-STRUCT-c91a117646c15232	6	1	589	1106	168	11.75	binary_paths	ambiguous			0	0	2	0.0	3.2385857864599314
NA18952	NA18952	RCCX	pilot	RCCX-STRUCT-c043bb7aaa1cb89c;RCCX-STRUCT-c91a117646c15232	6	1	589	1106	168	11.75	assembly_profile_oracle	unique_best_uncalibrated	RCCX-STRUCT-c043bb7aaa1cb89c;RCCX-STRUCT-c91a117646c15232	6	1	1	1	12.0	0.030069238966213184
NA18952	NA18952	DRB	pilot	DRB-STRUCT-17c329d85af8b93c;DRB-STRUCT-d9e9c983b0b92c6d	4	1	589	8348	233	10.5	path_multiplicity	unique_best_uncalibrated	DRB-STRUCT-17c329d85af8b93c;DRB-STRUCT-d9e9c983b0b92c6d	4	1	1	1	0.5413153668399454	0.4416011882901076
NA18952	NA18952	DRB	pilot	DRB-STRUCT-17c329d85af8b93c;DRB-STRUCT-d9e9c983b0b92c6d	4	1	589	8348	233	10.5	flat_sequence_catalogue	unique_best_uncalibrated	DRB-STRUCT-17c329d85af8b93c;DRB-STRUCT-d9e9c983b0b92c6d	4	1	1	1	0.5413153668399454	0.4416011882901076
NA18952	NA18952	DRB	pilot	DRB-STRUCT-17c329d85af8b93c;DRB-STRUCT-d9e9c983b0b92c6d	4	1	589	8348	233	10.5	binary_paths	unique_best_uncalibrated	DRB-STRUCT-17c329d85af8b93c;DRB-STRUCT-d9e9c983b0b92c6d	4	1	1	1	0.4236365729317484	0.4881901836913971
NA18952	NA18952	DRB	pilot	DRB-STRUCT-17c329d85af8b93c;DRB-STRUCT-d9e9c983b0b92c6d	4	1	589	8348	233	10.5	assembly_profile_oracle	unique_best_uncalibrated	DRB-STRUCT-17c329d85af8b93c;DRB-STRUCT-d9e9c983b0b92c6d	4	1	1	1	100.66666666666667	0.037913982284999224
NA18974	NA18974	RCCX	pilot	RCCX-STRUCT-e92677dc4f8b8aff;RCCX-STRUCT-e92677dc4f8b8aff	6	1	589	1107	168	12.5	path_multiplicity	unique_best_uncalibrated	RCCX-STRUCT-1f022f87af7ce1ed;RCCX-STRUCT-e92677dc4f8b8aff	7	0	0	1	0.0007386397210908239	0.938374307759664
NA18974	NA18974	RCCX	pilot	RCCX-STRUCT-e92677dc4f8b8aff;RCCX-STRUCT-e92677dc4f8b8aff	6	1	589	1107	168	12.5	flat_sequence_catalogue	unique_best_uncalibrated	RCCX-STRUCT-1f022f87af7ce1ed;RCCX-STRUCT-e92677dc4f8b8aff	7	0	0	1	0.0007386397210908239	0.938374307759664
NA18974	NA18974	RCCX	pilot	RCCX-STRUCT-e92677dc4f8b8aff;RCCX-STRUCT-e92677dc4f8b8aff	6	1	589	1107	168	12.5	binary_paths	unique_best_uncalibrated	RCCX-STRUCT-e92677dc4f8b8aff;RCCX-STRUCT-e92677dc4f8b8aff	6	1	1	1	0.00027995926182133635	3.111282147834343
NA18974	NA18974	RCCX	pilot	RCCX-STRUCT-e92677dc4f8b8aff;RCCX-STRUCT-e92677dc4f8b8aff	6	1	589	1107	168	12.5	assembly_profile_oracle	unique_best_uncalibrated	RCCX-STRUCT-e92677dc4f8b8aff;RCCX-STRUCT-e92677dc4f8b8aff	6	1	1	1	0.13043478260869565	0.24966101679323718
NA18974	NA18974	DRB	pilot	DRB-STRUCT-17c329d85af8b93c;DRB-STRUCT-a57eaf455348c3e7	4	1	589	8348	233	12.0	path_multiplicity	unique_best_uncalibrated	DRB-STRUCT-17c329d85af8b93c;DRB-STRUCT-a57eaf455348c3e7	4	1	1	1	1.1857850113247717	0.4074446633627729
NA18974	NA18974	DRB	pilot	DRB-STRUCT-17c329d85af8b93c;DRB-STRUCT-a57eaf455348c3e7	4	1	589	8348	233	12.0	flat_sequence_catalogue	unique_best_uncalibrated	DRB-STRUCT-17c329d85af8b93c;DRB-STRUCT-a57eaf455348c3e7	4	1	1	1	1.1857850113247717	0.4074446633627729
NA18974	NA18974	DRB	pilot	DRB-STRUCT-17c329d85af8b93c;DRB-STRUCT-a57eaf455348c3e7	4	1	589	8348	233	12.0	binary_paths	unique_best_uncalibrated	DRB-STRUCT-17c329d85af8b93c;DRB-STRUCT-a57eaf455348c3e7	4	1	1	1	0.8316133982681015	0.46096567342229594
NA18974	NA18974	DRB	pilot	DRB-STRUCT-17c329d85af8b93c;DRB-STRUCT-a57eaf455348c3e7	4	1	589	8348	233	12.0	assembly_profile_oracle	unique_best_uncalibrated	DRB-STRUCT-17c329d85af8b93c;DRB-STRUCT-a57eaf455348c3e7	4	1	1	1	469.5	0.021889647878295008
NA19007	NA19007	RCCX	pilot	RCCX-STRUCT-08dc6d3cd5c804e4;RCCX-STRUCT-80c1563b57f16898	3	1	589	1107	168	10.5	path_multiplicity	unique_best_uncalibrated	RCCX-STRUCT-08dc6d3cd5c804e4;RCCX-STRUCT-08dc6d3cd5c804e4	4	0	0	1	0.014885249688904405	0.6246048676504227
NA19007	NA19007	RCCX	pilot	RCCX-STRUCT-08dc6d3cd5c804e4;RCCX-STRUCT-80c1563b57f16898	3	1	589	1107	168	10.5	flat_sequence_catalogue	unique_best_uncalibrated	RCCX-STRUCT-08dc6d3cd5c804e4;RCCX-STRUCT-08dc6d3cd5c804e4	4	0	0	1	0.014885249688904405	0.6246048676504227
NA19007	NA19007	RCCX	pilot	RCCX-STRUCT-08dc6d3cd5c804e4;RCCX-STRUCT-80c1563b57f16898	3	1	589	1107	168	10.5	binary_paths	unique_best_uncalibrated	RCCX-STRUCT-08dc6d3cd5c804e4;RCCX-STRUCT-4c34865fcf2a50f9	4	0	0	1	0.00044408416452236814	1.2053953955598886
NA19007	NA19007	RCCX	pilot	RCCX-STRUCT-08dc6d3cd5c804e4;RCCX-STRUCT-80c1563b57f16898	3	1	589	1107	168	10.5	assembly_profile_oracle	unique_best_uncalibrated	RCCX-STRUCT-08dc6d3cd5c804e4;RCCX-STRUCT-80c1563b57f16898	3	1	1	1	2.5714285714285716	0.07951978726894965
NA19007	NA19007	DRB	pilot	DRB-STRUCT-17c329d85af8b93c;DRB-STRUCT-2e2f348001bcb731	3	1	589	8348	233	9.5	path_multiplicity	unique_best_uncalibrated	DRB-STRUCT-17c329d85af8b93c;DRB-STRUCT-2e2f348001bcb731	3	1	1	1	0.7566542499152983	0.4199747254783778
NA19007	NA19007	DRB	pilot	DRB-STRUCT-17c329d85af8b93c;DRB-STRUCT-2e2f348001bcb731	3	1	589	8348	233	9.5	flat_sequence_catalogue	unique_best_uncalibrated	DRB-STRUCT-17c329d85af8b93c;DRB-STRUCT-2e2f348001bcb731	3	1	1	1	0.7566542499152983	0.4199747254783778
NA19007	NA19007	DRB	pilot	DRB-STRUCT-17c329d85af8b93c;DRB-STRUCT-2e2f348001bcb731	3	1	589	8348	233	9.5	binary_paths	unique_best_uncalibrated	DRB-STRUCT-17c329d85af8b93c;DRB-STRUCT-2e2f348001bcb731	3	1	1	1	0.5686947387415001	0.45382859164995487
NA19007	NA19007	DRB	pilot	DRB-STRUCT-17c329d85af8b93c;DRB-STRUCT-2e2f348001bcb731	3	1	589	8348	233	9.5	assembly_profile_oracle	unique_best_uncalibrated	DRB-STRUCT-17c329d85af8b93c;DRB-STRUCT-2e2f348001bcb731	3	1	1	1	565.0	0.015478318452528122
NA19159	NA19159	RCCX	pilot	RCCX-STRUCT-0c843ef37c4c8a9d;RCCX-STRUCT-43779c00c9747168	6	1	589	1107	168	12.5	path_multiplicity	unique_best_uncalibrated	RCCX-STRUCT-0c843ef37c4c8a9d;RCCX-STRUCT-0c843ef37c4c8a9d	6	0	1	1	0.017726226788672084	0.8696309530944499
NA19159	NA19159	RCCX	pilot	RCCX-STRUCT-0c843ef37c4c8a9d;RCCX-STRUCT-43779c00c9747168	6	1	589	1107	168	12.5	flat_sequence_catalogue	unique_best_uncalibrated	RCCX-STRUCT-0c843ef37c4c8a9d;RCCX-STRUCT-0c843ef37c4c8a9d	6	0	1	1	0.017726226788672084	0.8696309530944499
NA19159	NA19159	RCCX	pilot	RCCX-STRUCT-0c843ef37c4c8a9d;RCCX-STRUCT-43779c00c9747168	6	1	589	1107	168	12.5	binary_paths	unique_best_uncalibrated	RCCX-STRUCT-08dc6d3cd5c804e4;RCCX-STRUCT-0c843ef37c4c8a9d	5	0	0	1	0.0014244493668175654	2.712262228410807
NA19159	NA19159	RCCX	pilot	RCCX-STRUCT-0c843ef37c4c8a9d;RCCX-STRUCT-43779c00c9747168	6	1	589	1107	168	12.5	assembly_profile_oracle	unique_best_uncalibrated	RCCX-STRUCT-0c843ef37c4c8a9d;RCCX-STRUCT-0c843ef37c4c8a9d	6	0	1	1	0.288135593220339	0.23086186267693298
NA19159	NA19159	DRB	pilot	DRB-STRUCT-17c329d85af8b93c;DRB-STRUCT-d9e9c983b0b92c6d	4	1	589	8348	233	11.5	path_multiplicity	unique_best_uncalibrated	DRB-STRUCT-17c329d85af8b93c;DRB-STRUCT-d9e9c983b0b92c6d	4	1	1	1	0.5588344388838365	0.43991548400921227
NA19159	NA19159	DRB	pilot	DRB-STRUCT-17c329d85af8b93c;DRB-STRUCT-d9e9c983b0b92c6d	4	1	589	8348	233	11.5	flat_sequence_catalogue	unique_best_uncalibrated	DRB-STRUCT-17c329d85af8b93c;DRB-STRUCT-d9e9c983b0b92c6d	4	1	1	1	0.5588344388838365	0.43991548400921227
NA19159	NA19159	DRB	pilot	DRB-STRUCT-17c329d85af8b93c;DRB-STRUCT-d9e9c983b0b92c6d	4	1	589	8348	233	11.5	binary_paths	unique_best_uncalibrated	DRB-STRUCT-17c329d85af8b93c;DRB-STRUCT-d9e9c983b0b92c6d	4	1	1	1	0.4340887821630899	0.48271564478674
NA19159	NA19159	DRB	pilot	DRB-STRUCT-17c329d85af8b93c;DRB-STRUCT-d9e9c983b0b92c6d	4	1	589	8348	233	11.5	assembly_profile_oracle	unique_best_uncalibrated	DRB-STRUCT-17c329d85af8b93c;DRB-STRUCT-d9e9c983b0b92c6d	4	1	1	1	409.0	0.018956991142499612
NA21106	NA21106	RCCX	pilot	RCCX-STRUCT-109f6cb2c3c027c8;RCCX-STRUCT-c91a117646c15232	4	1	589	1107	168	17.75	path_multiplicity	unique_best_uncalibrated	RCCX-STRUCT-109f6cb2c3c027c8;RCCX-STRUCT-c91a117646c15232	4	1	1	1	0.010647384630517403	0.6720807303177112
NA21106	NA21106	RCCX	pilot	RCCX-STRUCT-109f6cb2c3c027c8;RCCX-STRUCT-c91a117646c15232	4	1	589	1107	168	17.75	flat_sequence_catalogue	unique_best_uncalibrated	RCCX-STRUCT-109f6cb2c3c027c8;RCCX-STRUCT-c91a117646c15232	4	1	1	1	0.010647384630517403	0.6720807303177112
NA21106	NA21106	RCCX	pilot	RCCX-STRUCT-109f6cb2c3c027c8;RCCX-STRUCT-c91a117646c15232	4	1	589	1107	168	17.75	binary_paths	unique_best_uncalibrated	RCCX-STRUCT-c91a117646c15232;RCCX-STRUCT-c91a117646c15232	4	0	1	1	0.0006094979842410029	1.6599608446988334
NA21106	NA21106	RCCX	pilot	RCCX-STRUCT-109f6cb2c3c027c8;RCCX-STRUCT-c91a117646c15232	4	1	589	1107	168	17.75	assembly_profile_oracle	unique_best_uncalibrated	RCCX-STRUCT-109f6cb2c3c027c8;RCCX-STRUCT-c91a117646c15232	4	1	1	1	3.0	0.06011130897782882
NA21106	NA21106	DRB	pilot	DRB-STRUCT-a57eaf455348c3e7;DRB-STRUCT-a57eaf455348c3e7	4	1	589	8348	233	16.0	path_multiplicity	unique_best_uncalibrated	DRB-STRUCT-a57eaf455348c3e7;DRB-STRUCT-a57eaf455348c3e7	4	1	1	1	4.372239560112944	0.2509452959647627
NA21106	NA21106	DRB	pilot	DRB-STRUCT-a57eaf455348c3e7;DRB-STRUCT-a57eaf455348c3e7	4	1	589	8348	233	16.0	flat_sequence_catalogue	unique_best_uncalibrated	DRB-STRUCT-a57eaf455348c3e7;DRB-STRUCT-a57eaf455348c3e7	4	1	1	1	4.372239560112944	0.2509452959647627
NA21106	NA21106	DRB	pilot	DRB-STRUCT-a57eaf455348c3e7;DRB-STRUCT-a57eaf455348c3e7	4	1	589	8348	233	16.0	binary_paths	unique_best_uncalibrated	DRB-STRUCT-a57eaf455348c3e7;DRB-STRUCT-a57eaf455348c3e7	4	1	1	1	2.2857872965678054	0.342334799746379
NA21106	NA21106	DRB	pilot	DRB-STRUCT-a57eaf455348c3e7;DRB-STRUCT-a57eaf455348c3e7	4	1	589	8348	233	16.0	assembly_profile_oracle	unique_best_uncalibrated	DRB-STRUCT-a57eaf455348c3e7;DRB-STRUCT-a57eaf455348c3e7	4	1	1	1	1881.0	0.010944823939147504
NA21144	NA21144	RCCX	pilot	RCCX-STRUCT-005a3eadf9cf15cd;RCCX-STRUCT-08dc6d3cd5c804e4	4	0	589	1107	168	10.0	path_multiplicity	unique_best_uncalibrated	RCCX-STRUCT-08dc6d3cd5c804e4;RCCX-STRUCT-08dc6d3cd5c804e4	4	0	1	1	0.01649556900938428	0.7174744927148888
NA21144	NA21144	RCCX	pilot	RCCX-STRUCT-005a3eadf9cf15cd;RCCX-STRUCT-08dc6d3cd5c804e4	4	0	589	1107	168	10.0	flat_sequence_catalogue	unique_best_uncalibrated	RCCX-STRUCT-08dc6d3cd5c804e4;RCCX-STRUCT-08dc6d3cd5c804e4	4	0	1	1	0.01649556900938428	0.7174744927148888
NA21144	NA21144	RCCX	pilot	RCCX-STRUCT-005a3eadf9cf15cd;RCCX-STRUCT-08dc6d3cd5c804e4	4	0	589	1107	168	10.0	binary_paths	unique_best_uncalibrated	RCCX-STRUCT-08dc6d3cd5c804e4;RCCX-STRUCT-f110abe9b93df8a5	4	0	1	1	0.002093018575540151	1.4981017799500242
NA21144	NA21144	RCCX	pilot	RCCX-STRUCT-005a3eadf9cf15cd;RCCX-STRUCT-08dc6d3cd5c804e4	4	0	589	1107	168	10.0	assembly_profile_oracle	unique_best_uncalibrated	RCCX-STRUCT-08dc6d3cd5c804e4;RCCX-STRUCT-08dc6d3cd5c804e4	4	0	1	1	0.1111111111111111	0.12751534261266767
NA21144	NA21144	DRB	pilot	DRB-STRUCT-17c329d85af8b93c;DRB-STRUCT-d9e9c983b0b92c6d	4	1	589	8348	233	8.5	path_multiplicity	unique_best_uncalibrated	DRB-STRUCT-17c329d85af8b93c;DRB-STRUCT-d9e9c983b0b92c6d	4	1	1	1	0.5863747566508499	0.4644133727063966
NA21144	NA21144	DRB	pilot	DRB-STRUCT-17c329d85af8b93c;DRB-STRUCT-d9e9c983b0b92c6d	4	1	589	8348	233	8.5	flat_sequence_catalogue	unique_best_uncalibrated	DRB-STRUCT-17c329d85af8b93c;DRB-STRUCT-d9e9c983b0b92c6d	4	1	1	1	0.5863747566508499	0.4644133727063966
NA21144	NA21144	DRB	pilot	DRB-STRUCT-17c329d85af8b93c;DRB-STRUCT-d9e9c983b0b92c6d	4	1	589	8348	233	8.5	binary_paths	unique_best_uncalibrated	DRB-STRUCT-17c329d85af8b93c;DRB-STRUCT-d9e9c983b0b92c6d	4	1	1	1	0.44321220431947983	0.515750209903117
NA21144	NA21144	DRB	pilot	DRB-STRUCT-17c329d85af8b93c;DRB-STRUCT-d9e9c983b0b92c6d	4	1	589	8348	233	8.5	assembly_profile_oracle	unique_best_uncalibrated	DRB-STRUCT-17c329d85af8b93c;DRB-STRUCT-d9e9c983b0b92c6d	4	1	1	1	1197.0	0.0
