sample	haplotype	contig	contig_len	start	end	strand	piece_len	mhc_covered_bp	mhc_covered_frac	n_pieces	anchors	query	cohort
apr-f	1	h1tg000013l		28359072	33538103	+	5179032	5169788	0.9999	1	10474	MHC_GRCh38#0#chr6:28410120-33580577	APR
apr-f	2	h2tg000007l		28398267	33550055	+	5151789	5169788	0.9999	1	10357	MHC_GRCh38#0#chr6:28410120-33580577	APR
apr-m	1	h1tg000024l		27029616	32153356	-	5123741	5169604	0.9998	1	9828	MHC_GRCh38#0#chr6:28410120-33580577	APR
apr-m	2	h2tg000013l		28339383	33475735	+	5136353	5169604	0.9998	1	9529	MHC_GRCh38#0#chr6:28410120-33580577	APR
apr-s	1	h1tg000017l		28345655	33481940	+	5136286	5169604	0.9998	1	9528	MHC_GRCh38#0#chr6:28410120-33580577	APR
apr-s	2	h2tg000009l		138522552	143696180	-	5173629	5169788	0.9999	1	9786	MHC_GRCh38#0#chr6:28410120-33580577	APR
apr001	1	h1tg000015l		28434817	33593090	+	5158274	5169788	0.9999	1	10330	MHC_GRCh38#0#chr6:28410120-33580577	APR
apr001	2	h2tg000018l		28338056	33431257	+	5093202	5169788	0.9999	1	9907	MHC_GRCh38#0#chr6:28410120-33580577	APR
apr002	1	h1tg000010l		28385462	33644194	+	5258733	5169788	0.9999	1	9889	MHC_GRCh38#0#chr6:28410120-33580577	APR
apr002	2	h2tg000007l		138255095	143403132	-	5148038	5169788	0.9999	1	9583	MHC_GRCh38#0#chr6:28410120-33580577	APR
apr003	1	h1tg000021l		28362599	33558558	+	5195960	5169788	0.9999	1	10286	MHC_GRCh38#0#chr6:28410120-33580577	APR
apr003	2	h2tg000014l		28401981	33557950	+	5155970	5169788	0.9999	1	10080	MHC_GRCh38#0#chr6:28410120-33580577	APR
apr004	1	h1tg000015l		28405351	33543332	+	5137982	5169788	0.9999	1	11275	MHC_GRCh38#0#chr6:28410120-33580577	APR
apr004	2	h2tg000008l		138190707	143268823	-	5078117	5169788	0.9999	1	10649	MHC_GRCh38#0#chr6:28410120-33580577	APR
apr005	1	h1tg000024l		25685419	30792368	-	5106950	5169788	0.9999	1	9765	MHC_GRCh38#0#chr6:28410120-33580577	APR
apr005	2	h2tg000025l		27505079	32631962	-	5126884	5169788	0.9999	1	10071	MHC_GRCh38#0#chr6:28410120-33580577	APR
apr006	1	h1tg000006l		28429612	33564591	+	5134980	5169604	0.9998	1	10434	MHC_GRCh38#0#chr6:28410120-33580577	APR
apr006	2	h2tg000002l		27458750	32609940	-	5151191	5169788	0.9999	1	10607	MHC_GRCh38#0#chr6:28410120-33580577	APR
apr007	1	h1tg000009l		141020280	146179718	-	5159439	5169788	0.9999	1	11549	MHC_GRCh38#0#chr6:28410120-33580577	APR
apr007	2	h2tg000002l		137323480	142462680	-	5139201	5169788	0.9999	1	11256	MHC_GRCh38#0#chr6:28410120-33580577	APR
apr008	1	h1tg000006l		138382777	143548816	-	5166040	5169788	0.9999	1	9585	MHC_GRCh38#0#chr6:28410120-33580577	APR
apr008	2	h2tg000008l		28356191	33484508	+	5128318	5169788	0.9999	1	10033	MHC_GRCh38#0#chr6:28410120-33580577	APR
apr009	1	h1tg000016l		28450181	33709541	+	5259361	5169788	0.9999	1	9758	MHC_GRCh38#0#chr6:28410120-33580577	APR
apr009	2	h2tg000041l		28097238	33212102	-	5114865	5169788	0.9999	1	10422	MHC_GRCh38#0#chr6:28410120-33580577	APR
apr010	1	h1tg000018l		28446120	33705764	+	5259645	5169788	0.9999	1	9841	MHC_GRCh38#0#chr6:28410120-33580577	APR
apr010	2	h2tg000013l		28422940	33602432	+	5179493	5169788	0.9999	1	11330	MHC_GRCh38#0#chr6:28410120-33580577	APR
apr011	1	h1tg000019l		138093078	143261017	-	5167940	5169604	0.9998	1	9528	MHC_GRCh38#0#chr6:28410120-33580577	APR
apr011	2	h2tg000011l		137856776	142978436	-	5121661	5169788	0.9999	1	10658	MHC_GRCh38#0#chr6:28410120-33580577	APR
apr012	1	h1tg000008l		28396959	33512282	+	5115324	5169788	0.9999	1	9947	MHC_GRCh38#0#chr6:28410120-33580577	APR
apr012	2	h2tg000016l		138252661	143421402	-	5168742	5169788	0.9999	1	9622	MHC_GRCh38#0#chr6:28410120-33580577	APR
apr013	1	h1tg000002l		139940690	145014712	-	5074023	5169788	0.9999	1	10017	MHC_GRCh38#0#chr6:28410120-33580577	APR
apr013	2	h2tg000027l		138555153	143729247	-	5174095	5169788	0.9999	1	10629	MHC_GRCh38#0#chr6:28410120-33580577	APR
apr014	1	h1tg000020l		28366313	33554706	+	5188394	5169788	0.9999	1	10323	MHC_GRCh38#0#chr6:28410120-33580577	APR
apr014	2	h2tg000006l		26691275	31885063	-	5193789	5169788	0.9999	1	9103	MHC_GRCh38#0#chr6:28410120-33580577	APR
apr015	1	h1tg000012l		28398223	33522774	+	5124552	5169604	0.9998	1	10016	MHC_GRCh38#0#chr6:28410120-33580577	APR
apr015	2	h2tg000018l		138433262	143524291	-	5091030	5169788	0.9999	1	10149	MHC_GRCh38#0#chr6:28410120-33580577	APR
apr016	1	h1tg000012l		137906206	143057420	-	5151215	5169788	0.9999	1	10333	MHC_GRCh38#0#chr6:28410120-33580577	APR
apr016	2	h2tg000005l		138332729	143447191	-	5114463	5169788	0.9999	1	9837	MHC_GRCh38#0#chr6:28410120-33580577	APR
apr018	1	h1tg000018l		28377039	33450879	+	5073841	5169604	0.9998	1	9710	MHC_GRCh38#0#chr6:28410120-33580577	APR
apr018	2	h2tg000022l		28395345	33526946	+	5131602	5169604	0.9998	1	10122	MHC_GRCh38#0#chr6:28410120-33580577	APR
apr019	1	h1tg000006l		137597617	142800733	-	5203117	5169788	0.9999	1	9809	MHC_GRCh38#0#chr6:28410120-33580577	APR
apr019	2	h2tg000009l		25947834	31066127	-	5118294	5169604	0.9998	1	9620	MHC_GRCh38#0#chr6:28410120-33580577	APR
apr020	1	h1tg000001l		28463230	33620049	+	5156820	5169788	0.9999	1	10143	MHC_GRCh38#0#chr6:28410120-33580577	APR
apr020	2	h2tg000007l		137677150	142774159	-	5097010	5169604	0.9998	1	10377	MHC_GRCh38#0#chr6:28410120-33580577	APR
apr021	1	h1tg000013l		137920389	143048373	-	5127985	5169788	0.9999	1	9788	MHC_GRCh38#0#chr6:28410120-33580577	APR
apr021	2	h2tg000011l		138901647	144060314	-	5158668	5169788	0.9999	1	9891	MHC_GRCh38#0#chr6:28410120-33580577	APR
apr022	1	h1tg000011l		137924391	143077833	-	5153443	5169788	0.9999	1	10147	MHC_GRCh38#0#chr6:28410120-33580577	APR
apr022	2	h2tg000013l		138031891	143184813	-	5152923	5169788	0.9999	1	10342	MHC_GRCh38#0#chr6:28410120-33580577	APR
apr023	1	h1tg000014l		137929515	143086735	-	5157221	5169604	0.9998	1	10215	MHC_GRCh38#0#chr6:28410120-33580577	APR
apr023	2	h2tg000022l		26641068	31656450	-	5015383	5169604	0.9998	1	9606	MHC_GRCh38#0#chr6:28410120-33580577	APR
apr024	1	h1tg000001l		137801575	142959579	-	5158005	5169788	0.9999	1	11287	MHC_GRCh38#0#chr6:28410120-33580577	APR
apr024	2	h2tg000014l		137766819	142943455	-	5176637	5169604	0.9998	1	10494	MHC_GRCh38#0#chr6:28410120-33580577	APR
apr025	1	h1tg000007l		139497787	144647520	-	5149734	5169788	0.9999	1	10908	MHC_GRCh38#0#chr6:28410120-33580577	APR
apr025	2	h2tg000006l		138571729	143809751	-	5238023	5169683	0.9999	1	10006	MHC_GRCh38#0#chr6:28410120-33580577	APR
apr026	1	h1tg000019l		28393961	33702327	+	5308367	5169788	0.9999	1	9929	MHC_GRCh38#0#chr6:28410120-33580577	APR
apr026	2	h2tg000012l		28359568	33574257	+	5214690	5169788	0.9999	1	9059	MHC_GRCh38#0#chr6:28410120-33580577	APR
apr027	1	h1tg000004l		28384126	33662392	+	5278267	5169788	0.9999	1	9512	MHC_GRCh38#0#chr6:28410120-33580577	APR
apr027	2	h2tg000013l		11085473	16306923	-	5221451	5169788	0.9999	1	10362	MHC_GRCh38#0#chr6:28410120-33580577	APR
apr029	1	h1tg000032l		28462821	33705004	+	5242184	5169788	0.9999	1	9099	MHC_GRCh38#0#chr6:28410120-33580577	APR
apr029	2	h2tg000012l		28417575	33541972	+	5124398	5169788	0.9999	1	10246	MHC_GRCh38#0#chr6:28410120-33580577	APR
apr030	1	h1tg000001l		28446903	33506362	+	5059460	5169604	0.9998	1	9867	MHC_GRCh38#0#chr6:28410120-33580577	APR
apr030	2	h2tg000012l		28433288	33581296	+	5148009	5169788	0.9999	1	9600	MHC_GRCh38#0#chr6:28410120-33580577	APR
apr031	1	h1tg000019l		26371881	31586781	-	5214901	5169788	0.9999	1	9246	MHC_GRCh38#0#chr6:28410120-33580577	APR
apr031	2	h2tg000036l		28402991	33519712	+	5116722	5169604	0.9998	1	10223	MHC_GRCh38#0#chr6:28410120-33580577	APR
apr032	1	h1tg000006l		28452318	33694285	+	5241968	5169788	0.9999	1	10425	MHC_GRCh38#0#chr6:28410120-33580577	APR
apr032	2	h2tg000014l		28405263	33673740	+	5268478	5169788	0.9999	1	11454	MHC_GRCh38#0#chr6:28410120-33580577	APR
apr033	1	h1tg000008l		27149396	32366749	-	5217354	5169788	0.9999	1	9086	MHC_GRCh38#0#chr6:28410120-33580577	APR
apr033	2	h2tg000008l		28349631	33452614	+	5102984	5169604	0.9998	1	9909	MHC_GRCh38#0#chr6:28410120-33580577	APR
apr034	1	h1tg000032l		26576741	31706138	-	5129398	5169604	0.9998	1	9857	MHC_GRCh38#0#chr6:28410120-33580577	APR
apr034	2	h2tg000008l		28434563	33559669	+	5125107	5167131	0.9994	1	9790	MHC_GRCh38#0#chr6:28410120-33580577	APR
apr035	1	h1tg000018l		27655502	32798707	-	5143206	5169788	0.9999	1	10463	MHC_GRCh38#0#chr6:28410120-33580577	APR
apr035	2	h2tg000011l		27516869	32663681	-	5146813	5169788	0.9999	1	9653	MHC_GRCh38#0#chr6:28410120-33580577	APR
apr036	1	h1tg000026l		25218090	30345004	-	5126915	5169788	0.9999	1	9708	MHC_GRCh38#0#chr6:28410120-33580577	APR
apr036	2	h2tg000017l		1678659	6817558	+	5138900	5169788	0.9999	1	9628	MHC_GRCh38#0#chr6:28410120-33580577	APR
apr037	1	h1tg000004l		138070351	143231345	-	5160995	5169604	0.9998	1	10166	MHC_GRCh38#0#chr6:28410120-33580577	APR
apr037	2	h2tg000014l		138095539	143312355	-	5216817	5169788	0.9999	1	11699	MHC_GRCh38#0#chr6:28410120-33580577	APR
apr038	1	h1tg000017l		1654472	6798671	+	5144200	5169788	0.9999	1	9507	MHC_GRCh38#0#chr6:28410120-33580577	APR
apr038	2	h2tg000022l		127876238	133012041	-	5135804	5169788	0.9999	1	10489	MHC_GRCh38#0#chr6:28410120-33580577	APR
apr039	1	h1tg000005l		28445311	33640507	+	5195197	5169788	0.9999	1	9670	MHC_GRCh38#0#chr6:28410120-33580577	APR
apr039	2	h2tg000012l		28411824	33614466	+	5202643	5169604	0.9998	1	9666	MHC_GRCh38#0#chr6:28410120-33580577	APR
apr040	1	h1tg000032l		25914346	31039269	-	5124924	5170153	0.9999	1	10897	MHC_GRCh38#0#chr6:28410120-33580577	APR
apr040	2	h2tg000023l		25605134	30732063	-	5126930	5170153	0.9999	1	10993	MHC_GRCh38#0#chr6:28410120-33580577	APR
apr041	1	h1tg000024l		23526305	28655372	-	5129068	5169788	0.9999	1	9931	MHC_GRCh38#0#chr6:28410120-33580577	APR
apr041	2	h2tg000015l		28437008	33578583	+	5141576	5169604	0.9998	1	11217	MHC_GRCh38#0#chr6:28410120-33580577	APR
apr042	1	h1tg000024l		28343014	33430082	+	5087069	5169788	0.9999	1	10188	MHC_GRCh38#0#chr6:28410120-33580577	APR
apr042	2	h2tg000022l		28456692	33606982	+	5150291	5169788	0.9999	1	9866	MHC_GRCh38#0#chr6:28410120-33580577	APR
apr043	1	h1tg000012l		139593152	144731880	-	5138729	5169788	0.9999	1	10133	MHC_GRCh38#0#chr6:28410120-33580577	APR
apr043	2	h2tg000007l		28374571	33634772	+	5260202	5169788	0.9999	1	10425	MHC_GRCh38#0#chr6:28410120-33580577	APR
apr044	1	h1tg000020l		28254023	33444694	+	5190672	5169788	0.9999	1	11626	MHC_GRCh38#0#chr6:28410120-33580577	APR
apr044	2	h2tg000019l		138732995	143879453	-	5146459	5169604	0.9998	1	9938	MHC_GRCh38#0#chr6:28410120-33580577	APR
apr045	1	h1tg000014l		28436066	33585265	+	5149200	5169788	0.9999	1	10037	MHC_GRCh38#0#chr6:28410120-33580577	APR
apr045	2	h2tg000020l		28349553	33649005	+	5299453	5169788	0.9999	1	9876	MHC_GRCh38#0#chr6:28410120-33580577	APR
apr046	1	h1tg000020l		28428626	33509292	+	5080667	5169788	0.9999	1	9529	MHC_GRCh38#0#chr6:28410120-33580577	APR
apr046	2	h2tg000002l		138874465	144007848	-	5133384	5169604	0.9998	1	10449	MHC_GRCh38#0#chr6:28410120-33580577	APR
apr047	1	h1tg000022l		124629191	129940792	-	5311602	5169788	0.9999	1	9462	MHC_GRCh38#0#chr6:28410120-33580577	APR
apr047	2	h2tg000009l		28374338	33555921	+	5181584	5169788	0.9999	1	10451	MHC_GRCh38#0#chr6:28410120-33580577	APR
apr048	1	h1tg000017l		28263896	33470594	+	5206699	5169604	0.9998	1	10503	MHC_GRCh38#0#chr6:28410120-33580577	APR
apr048	2	h2tg000004l		138392377	143552020	-	5159644	5169604	0.9998	1	10204	MHC_GRCh38#0#chr6:28410120-33580577	APR
apr049	1	h1tg000006l		28277333	33430073	+	5152741	5169788	0.9999	1	10691	MHC_GRCh38#0#chr6:28410120-33580577	APR
apr049	2	h2tg000002l		138418227	143654758	-	5236532	5169788	0.9999	1	10206	MHC_GRCh38#0#chr6:28410120-33580577	APR
apr050	1	h1tg000015l		138045880	143321309	-	5275430	5169604	0.9998	1	10768	MHC_GRCh38#0#chr6:28410120-33580577	APR
apr050	2	h2tg000017l		28548291	33713388	+	5165098	5169788	0.9999	1	9410	MHC_GRCh38#0#chr6:28410120-33580577	APR
apr051	1	h1tg000003l		138076138	143233361	-	5157224	5169788	0.9999	1	10835	MHC_GRCh38#0#chr6:28410120-33580577	APR
apr051	2	h2tg000005l		138189744	143327910	-	5138167	5169788	0.9999	1	10138	MHC_GRCh38#0#chr6:28410120-33580577	APR
apr52	1	h1tg000012l		138556531	143810417	-	5253887	5169788	0.9999	1	9754	MHC_GRCh38#0#chr6:28410120-33580577	APR
apr52	2	h2tg000003l		137805510	143003962	-	5198453	5169788	0.9999	1	9934	MHC_GRCh38#0#chr6:28410120-33580577	APR
GRCh38	0	GRCh38#0#chr6		28410701	33580488	+	5169788	5169788	0.9999	1	15763	MHC_GRCh38#0#chr6:28410120-33580577	REF
HG00097	1	HG00097#1#JBIRDD010000044.1		28461910	33634610	+	5172701	5169788	0.9999	1	13867	MHC_GRCh38#0#chr6:28410120-33580577	HPRC_r2
HG00097	2	HG00097#2#JBIRDE010000007.1		28438526	33548333	+	5109808	5170153	0.9999	1	10557	MHC_GRCh38#0#chr6:28410120-33580577	HPRC_r2
HG00099	1	HG00099#1#JBHDWO010000057.1		28378111	33500321	+	5122211	5169788	0.9999	1	10213	MHC_GRCh38#0#chr6:28410120-33580577	HPRC_r2
HG00099	2	HG00099#2#CM087361.1		28397166	33493833	+	5096668	5169788	0.9999	1	9681	MHC_GRCh38#0#chr6:28410120-33580577	HPRC_r2
HG00126	1	HG00126#1#CM090112.1		28356760	33437962	+	5081203	5169788	0.9999	1	9787	MHC_GRCh38#0#chr6:28410120-33580577	HPRC_r2
HG00126	2	HG00126#2#CM090124.1		28373995	33623206	+	5249212	5169788	0.9999	1	10497	MHC_GRCh38#0#chr6:28410120-33580577	HPRC_r2
HG00128	1	HG00128#1#CM090080.1		28391628	33572064	+	5180437	5169788	0.9999	1	10607	MHC_GRCh38#0#chr6:28410120-33580577	HPRC_r2
HG00128	2	HG00128#2#CM090096.1		28379634	33499179	+	5119546	5169788	0.9999	1	10468	MHC_GRCh38#0#chr6:28410120-33580577	HPRC_r2
HG00133	1	HG00133#1#CM090050.1		28455191	33589633	+	5134443	5169788	0.9999	1	10268	MHC_GRCh38#0#chr6:28410120-33580577	HPRC_r2
HG00133	2	HG00133#2#CM090065.1		28391702	33637176	+	5245475	5169788	0.9999	1	10178	MHC_GRCh38#0#chr6:28410120-33580577	HPRC_r2
HG00140	1	HG00140#1#CM087111.1		28362821	33594371	+	5231551	5169788	0.9999	1	10656	MHC_GRCh38#0#chr6:28410120-33580577	HPRC_r2
HG00140	2	HG00140#2#CM087137.1		28381998	33511941	+	5129944	5169788	0.9999	1	10480	MHC_GRCh38#0#chr6:28410120-33580577	HPRC_r2
HG00146	1	HG00146#1#CM090015.1		28391294	33489055	+	5097762	5169788	0.9999	1	9830	MHC_GRCh38#0#chr6:28410120-33580577	HPRC_r2
HG00146	2	HG00146#2#JBHIKP010000006.1		28398454	33526840	+	5128387	5169604	0.9998	1	9414	MHC_GRCh38#0#chr6:28410120-33580577	HPRC_r2
HG00232	1	HG00232#1#JBHIKM010000014.1		28302939	33474178	+	5171240	5169788	0.9999	1	14425	MHC_GRCh38#0#chr6:28410120-33580577	HPRC_r2
HG00232	2	HG00232#2#JBHIKN010000040.1		28366410	33541603	+	5175194	5169788	0.9999	1	12205	MHC_GRCh38#0#chr6:28410120-33580577	HPRC_r2
HG00235	1	HG00235#1#JBIRED010000015.1		28430445	33672471	+	5242027	5169788	0.9999	1	10061	MHC_GRCh38#0#chr6:28410120-33580577	HPRC_r2
HG00235	2	HG00235#2#JBIREE010000012.1		28440799	33687305	+	5246507	5169788	0.9999	1	12106	MHC_GRCh38#0#chr6:28410120-33580577	HPRC_r2
HG00253	1	HG00253#1#CM094460.1		28362997	33511495	+	5148499	5169788	0.9999	1	9707	MHC_GRCh38#0#chr6:28410120-33580577	HPRC_r2
HG00253	2	HG00253#2#CM094482.1		28362559	33525998	+	5163440	5169788	0.9999	1	13047	MHC_GRCh38#0#chr6:28410120-33580577	HPRC_r2
HG00272	1	HG00272#1#CM094189.1		28268096	33422158	+	5154063	5169788	0.9999	1	10084	MHC_GRCh38#0#chr6:28410120-33580577	HPRC_r2
HG00272	2	HG00272#2#CM094216.1		28400431	33497055	+	5096625	5169788	0.9999	1	9675	MHC_GRCh38#0#chr6:28410120-33580577	HPRC_r2
HG00280	1	HG00280#1#CM087149.1		28404965	33542525	+	5137561	5169604	0.9998	1	10004	MHC_GRCh38#0#chr6:28410120-33580577	HPRC_r2
HG00280	2	HG00280#2#CM087160.1		28390542	33496389	+	5105848	5169788	0.9999	1	10722	MHC_GRCh38#0#chr6:28410120-33580577	HPRC_r2
HG00290	1	HG00290#1#CM089982.1		28384478	33524366	+	5139889	5169788	0.9999	1	11451	MHC_GRCh38#0#chr6:28410120-33580577	HPRC_r2
HG00290	2	HG00290#2#CM090006.1		28396532	33558743	+	5162212	5169788	0.9999	1	10371	MHC_GRCh38#0#chr6:28410120-33580577	HPRC_r2
HG00320	1	HG00320#1#CM089951.1		28434922	33547606	+	5112685	5169788	0.9999	1	9624	MHC_GRCh38#0#chr6:28410120-33580577	HPRC_r2
HG00320	2	HG00320#2#CM089965.1		28395668	33476154	+	5080487	5169788	0.9999	1	10935	MHC_GRCh38#0#chr6:28410120-33580577	HPRC_r2
HG00321	1	HG00321#1#CM089541.1		28422537	33579208	+	5156672	5169788	0.9999	1	11890	MHC_GRCh38#0#chr6:28410120-33580577	HPRC_r2
HG00321	2	HG00321#2#CM089572.1		28378789	33420293	+	5041505	5170153	0.9999	1	10087	MHC_GRCh38#0#chr6:28410120-33580577	HPRC_r2
HG00323	1	HG00323#1#CM087306.1		28385818	33469846	+	5084029	5169788	0.9999	1	10766	MHC_GRCh38#0#chr6:28410120-33580577	HPRC_r2
HG00323	2	HG00323#2#CM087331.1		28400279	33501006	+	5100728	5169788	0.9999	1	11840	MHC_GRCh38#0#chr6:28410120-33580577	HPRC_r2
HG00329	1	HG00329#1#CM094227.1		28398918	33572031	+	5173114	5169788	0.9999	1	11143	MHC_GRCh38#0#chr6:28410120-33580577	HPRC_r2
HG00329	2	HG00329#2#JBIRDQ010000006.1		28383055	33548759	+	5165705	5169788	0.9999	1	10271	MHC_GRCh38#0#chr6:28410120-33580577	HPRC_r2
HG00344	1	HG00344#1#JBIREN010000005.1		28404553	33569861	+	5165309	5169604	0.9998	1	12194	MHC_GRCh38#0#chr6:28410120-33580577	HPRC_r2
HG00344	2	HG00344#2#JBIREO010000046.1		28507887	33680519	+	5172633	5169788	0.9999	1	13857	MHC_GRCh38#0#chr6:28410120-33580577	HPRC_r2
HG00350	1	HG00350#1#JBIREL010000054.1		28392042	33553743	+	5161702	5169788	0.9999	1	10557	MHC_GRCh38#0#chr6:28410120-33580577	HPRC_r2
HG00350	2	HG00350#2#JBIREM010000045.1		28412158	33655472	+	5243315	5169604	0.9998	1	10020	MHC_GRCh38#0#chr6:28410120-33580577	HPRC_r2
HG00408	2	HG00408#2#CM085969.1		28371022	33519581	+	5148560	5169788	0.9999	1	11008	MHC_GRCh38#0#chr6:28410120-33580577	HPRC_r2
HG00408	1	HG00408#1#CM085956.1		28367209	33537812	+	5170604	5169788	0.9999	1	10396	MHC_GRCh38#0#chr6:28410120-33580577	HPRC_r2
HG00423	2	HG00423#2#CM089416.1		28353255	33428495	+	5075241	5169788	0.9999	1	10298	MHC_GRCh38#0#chr6:28410120-33580577	HPRC_r2
HG00423	1	HG00423#1#CM089400.1		28362185	33602188	+	5240004	5169788	0.9999	1	10353	MHC_GRCh38#0#chr6:28410120-33580577	HPRC_r2
HG00438	2	HG00438#2#CM089191.1		28355071	33575312	+	5220242	5169788	0.9999	1	10324	MHC_GRCh38#0#chr6:28410120-33580577	HPRC_r2
HG00438	1	HG00438#1#CM089172.1		28419975	33475943	+	5055969	5169604	0.9998	1	10369	MHC_GRCh38#0#chr6:28410120-33580577	HPRC_r2
HG00544	2	HG00544#2#CM089387.1		28377663	33617357	+	5239695	5169788	0.9999	1	10402	MHC_GRCh38#0#chr6:28410120-33580577	HPRC_r2
HG00544	1	HG00544#1#CM089373.1		28382951	33635750	+	5252800	5170153	0.9999	1	10069	MHC_GRCh38#0#chr6:28410120-33580577	HPRC_r2
HG00558	2	HG00558#2#CM088524.1		28472433	33604465	+	5132033	5169788	0.9999	1	9864	MHC_GRCh38#0#chr6:28410120-33580577	HPRC_r2
HG00558	1	HG00558#1#CM088495.1		28611632	33843761	+	5232130	5170153	0.9999	1	10813	MHC_GRCh38#0#chr6:28410120-33580577	HPRC_r2
HG00597	2	HG00597#2#CM085784.1		28381176	33466863	+	5085688	5169788	0.9999	1	10183	MHC_GRCh38#0#chr6:28410120-33580577	HPRC_r2
HG00597	1	HG00597#1#JBHDUU010000003.1		28248152	33413616	+	5165465	5169788	0.9999	1	10573	MHC_GRCh38#0#chr6:28410120-33580577	HPRC_r2
HG005	2	HG005#2#CM099975.1		28427209	33625676	+	5198468	5169360	0.9998	1	9950	MHC_GRCh38#0#chr6:28410120-33580577	HPRC_r2
HG005	1	HG005#1#CM099986.1		28343337	33540760	+	5197424	5169788	0.9999	1	10127	MHC_GRCh38#0#chr6:28410120-33580577	HPRC_r2
HG00609	2	HG00609#2#CM086361.1		28373908	33563607	+	5189700	5169788	0.9999	1	10428	MHC_GRCh38#0#chr6:28410120-33580577	HPRC_r2
HG00609	1	HG00609#1#CM086351.1		28557002	33710805	+	5153804	5169788	0.9999	1	10835	MHC_GRCh38#0#chr6:28410120-33580577	HPRC_r2
HG00621	2	HG00621#2#CM087865.1		28365619	33503852	+	5138234	5170153	0.9999	1	10109	MHC_GRCh38#0#chr6:28410120-33580577	HPRC_r2
HG00621	1	HG00621#1#CM087851.1		28412809	33652212	+	5239404	5169788	0.9999	1	10826	MHC_GRCh38#0#chr6:28410120-33580577	HPRC_r2
HG00639	2	HG00639#2#CM088555.1		28389308	33644836	+	5255529	5169604	0.9998	1	10797	MHC_GRCh38#0#chr6:28410120-33580577	HPRC_r2
HG00639	1	HG00639#1#CM088540.1		28385584	33628081	+	5242498	5169788	0.9999	1	10680	MHC_GRCh38#0#chr6:28410120-33580577	HPRC_r2
HG00642	2	HG00642#2#CM086622.1		28408489	33506502	+	5098014	5170153	0.9999	1	9689	MHC_GRCh38#0#chr6:28410120-33580577	HPRC_r2
HG00642	1	HG00642#1#JBHDST010000009.1		28352295	33459982	+	5107688	5169788	0.9999	1	9712	MHC_GRCh38#0#chr6:28410120-33580577	HPRC_r2
HG00658	2	HG00658#2#CM088798.1		28345511	33527662	+	5182152	5169788	0.9999	1	10313	MHC_GRCh38#0#chr6:28410120-33580577	HPRC_r2
HG00658	1	HG00658#1#CM088776.1		28382214	33455895	+	5073682	5170153	0.9999	1	10202	MHC_GRCh38#0#chr6:28410120-33580577	HPRC_r2
HG00673	2	HG00673#2#CM089157.1		28378967	33442230	+	5063264	5169604	0.9998	1	10022	MHC_GRCh38#0#chr6:28410120-33580577	HPRC_r2
HG00673	1	HG00673#1#CM089145.1		28380395	33412996	+	5032602	5170153	0.9999	1	10086	MHC_GRCh38#0#chr6:28410120-33580577	HPRC_r2
HG00706	2	HG00706#2#CM100060.1		28411727	33571906	+	5160180	5169788	0.9999	1	10975	MHC_GRCh38#0#chr6:28410120-33580577	HPRC_r2
HG00706	1	HG00706#1#CM100016.1		28396497	33554012	+	5157516	5169604	0.9998	1	10723	MHC_GRCh38#0#chr6:28410120-33580577	HPRC_r2
HG00733	2	HG00733#2#JAHEPP020000013.1		28389728	33496160	+	5106433	5169788	0.9999	1	9787	MHC_GRCh38#0#chr6:28410120-33580577	HPRC_r2
HG00733	1	HG00733#1#JAHEPQ020000004.1		28448883	33531506	+	5082624	5169604	0.9998	1	9751	MHC_GRCh38#0#chr6:28410120-33580577	HPRC_r2
HG00735	2	HG00735#2#CM087888.1		28407279	33712571	+	5305293	5169788	0.9999	1	9781	MHC_GRCh38#0#chr6:28410120-33580577	HPRC_r2
HG00735	1	HG00735#1#CM087879.1		28400157	33626272	+	5226116	5169604	0.9998	1	11069	MHC_GRCh38#0#chr6:28410120-33580577	HPRC_r2
HG00738	2	HG00738#2#CM086684.1		28399019	33553590	+	5154572	5169604	0.9998	1	10141	MHC_GRCh38#0#chr6:28410120-33580577	HPRC_r2
HG00738	1	HG00738#1#CM086647.1		28420303	33517291	+	5096989	5169788	0.9999	1	9880	MHC_GRCh38#0#chr6:28410120-33580577	HPRC_r2
HG00741	2	HG00741#2#CM087911.1		28428150	33619756	+	5191607	5169788	0.9999	1	9525	MHC_GRCh38#0#chr6:28410120-33580577	HPRC_r2
HG00741	1	HG00741#1#CM087899.1		28395234	33528259	+	5133026	5169604	0.9998	1	10235	MHC_GRCh38#0#chr6:28410120-33580577	HPRC_r2
HG01071	2	HG01071#2#JAHBCE020000004.1		28353469	33512869	+	5159401	5169788	0.9999	1	11654	MHC_GRCh38#0#chr6:28410120-33580577	HPRC_r2
HG01071	1	HG01071#1#CM089116.1		28400399	33605490	+	5205092	5169788	0.9999	1	10972	MHC_GRCh38#0#chr6:28410120-33580577	HPRC_r2
HG01074	2	HG01074#2#CM088812.1		28367163	33616085	+	5248923	5169604	0.9998	1	10310	MHC_GRCh38#0#chr6:28410120-33580577	HPRC_r2
HG01074	1	HG01074#1#CM088786.1		28385433	33531927	+	5146495	5169788	0.9999	1	10729	MHC_GRCh38#0#chr6:28410120-33580577	HPRC_r2
HG01081	2	HG01081#2#CM088583.1		28313947	33411923	+	5097977	5170153	0.9999	1	9684	MHC_GRCh38#0#chr6:28410120-33580577	HPRC_r2
HG01081	1	HG01081#1#CM088567.1		28461361	33570671	+	5109311	5169788	0.9999	1	10144	MHC_GRCh38#0#chr6:28410120-33580577	HPRC_r2
HG01099	2	HG01099#2#CM086271.1		28372897	33623240	+	5250344	5169788	0.9999	1	10687	MHC_GRCh38#0#chr6:28410120-33580577	HPRC_r2
HG01099	1	HG01099#1#CM086260.1		28473499	33727222	+	5253724	5169788	0.9999	1	10161	MHC_GRCh38#0#chr6:28410120-33580577	HPRC_r2
HG01106	2	HG01106#2#CM087965.1		28447447	33606093	+	5158647	5169788	0.9999	1	10919	MHC_GRCh38#0#chr6:28410120-33580577	HPRC_r2
HG01106	1	HG01106#1#CM087952.1		28365981	33527455	+	5161475	5169788	0.9999	1	9375	MHC_GRCh38#0#chr6:28410120-33580577	HPRC_r2
HG01109	2	HG01109#2#CM092075.1		28375676	33512099	+	5136424	5169604	0.9998	1	9833	MHC_GRCh38#0#chr6:28410120-33580577	HPRC_r2
HG01109	1	HG01109#1#CM092087.1		28385979	33527092	+	5141114	5169788	0.9999	1	10412	MHC_GRCh38#0#chr6:28410120-33580577	HPRC_r2
HG01123	2	HG01123#2#CM089098.1		28415807	33563460	+	5147654	5169788	0.9999	1	10430	MHC_GRCh38#0#chr6:28410120-33580577	HPRC_r2
HG01123	1	HG01123#1#CM089083.1		28404843	33659990	+	5255148	5169788	0.9999	1	9739	MHC_GRCh38#0#chr6:28410120-33580577	HPRC_r2
HG01150	2	HG01150#2#CM088614.1		28600391	33807062	+	5206672	5169788	0.9999	1	9970	MHC_GRCh38#0#chr6:28410120-33580577	HPRC_r2
HG01150	1	HG01150#1#CM088598.1		28377562	33536105	+	5158544	5169788	0.9999	1	10969	MHC_GRCh38#0#chr6:28410120-33580577	HPRC_r2
HG01167	1	HG01167#1#CM094528.1		28408993	33550950	+	5141958	5169788	0.9999	1	10367	MHC_GRCh38#0#chr6:28410120-33580577	HPRC_r2
HG01167	2	HG01167#2#CM094543.1		28383235	33548638	+	5165404	5169788	0.9999	1	11462	MHC_GRCh38#0#chr6:28410120-33580577	HPRC_r2
HG01175	2	HG01175#2#CM087940.1		28426263	33594671	+	5168409	5169604	0.9998	1	10301	MHC_GRCh38#0#chr6:28410120-33580577	HPRC_r2
HG01175	1	HG01175#1#CM087925.1		28388857	33560219	+	5171363	5169788	0.9999	1	14717	MHC_GRCh38#0#chr6:28410120-33580577	HPRC_r2
HG01192	2	HG01192#2#JBHDVJ010000035.1		28425182	33556403	+	5131222	5169604	0.9998	1	9871	MHC_GRCh38#0#chr6:28410120-33580577	HPRC_r2
HG01192	1	HG01192#1#JBHDVI010000008.1		28423245	33497113	+	5073869	5169788	0.9999	1	10284	MHC_GRCh38#0#chr6:28410120-33580577	HPRC_r2
HG01243	2	HG01243#2#JAHEOX020000061.1		28429017	33652180	+	5223164	5170153	0.9999	1	10177	MHC_GRCh38#0#chr6:28410120-33580577	HPRC_r2
HG01243	1	HG01243#1#JAHEOY020000051.1		28395858	33529902	+	5134045	5169788	0.9999	1	10166	MHC_GRCh38#0#chr6:28410120-33580577	HPRC_r2
HG01252	2	HG01252#2#CM088855.1		28339611	33537772	+	5198162	5170153	0.9999	1	9974	MHC_GRCh38#0#chr6:28410120-33580577	HPRC_r2
HG01252	1	HG01252#1#CM088824.1		28394713	33593325	+	5198613	5170153	0.9999	1	10349	MHC_GRCh38#0#chr6:28410120-33580577	HPRC_r2
HG01255	2	HG01255#2#CM086721.1		28434597	33610529	+	5175933	5170153	0.9999	1	11324	MHC_GRCh38#0#chr6:28410120-33580577	HPRC_r2
HG01255	1	HG01255#1#CM086707.1		28387912	33538917	+	5151006	5169788	0.9999	1	9121	MHC_GRCh38#0#chr6:28410120-33580577	HPRC_r2
HG01258	2	HG01258#2#JAGYYU020000010.1		28495340	33647216	+	5151877	5169788	0.9999	1	13080	MHC_GRCh38#0#chr6:28410120-33580577	HPRC_r2
HG01258	1	HG01258#1#CM088113.1		28436863	33569447	+	5132585	5169788	0.9999	1	10856	MHC_GRCh38#0#chr6:28410120-33580577	HPRC_r2
HG01261	2	HG01261#2#JBHDVH010000044.1		28397284	33514117	+	5116834	5169788	0.9999	1	11171	MHC_GRCh38#0#chr6:28410120-33580577	HPRC_r2
HG01261	1	HG01261#1#JBHDVG010000007.1		28479273	33732193	+	5252921	5169788	0.9999	1	10919	MHC_GRCh38#0#chr6:28410120-33580577	HPRC_r2
HG01346	2	HG01346#2#JBHDSS010000002.1		28289708	33434702	+	5144995	5169788	0.9999	1	10796	MHC_GRCh38#0#chr6:28410120-33580577	HPRC_r2
HG01346	1	HG01346#1#CM086588.1		28433990	33540363	+	5106374	5169788	0.9999	1	10064	MHC_GRCh38#0#chr6:28410120-33580577	HPRC_r2
HG01358	2	HG01358#2#CM089068.1		28448274	33504819	+	5056546	5169788	0.9999	1	10042	MHC_GRCh38#0#chr6:28410120-33580577	HPRC_r2
HG01358	1	HG01358#1#CM089055.1		28447322	33645210	+	5197889	5170153	0.9999	1	10025	MHC_GRCh38#0#chr6:28410120-33580577	HPRC_r2
HG01361	2	HG01361#2#CM089040.1		28439662	33687433	+	5247772	5169604	0.9998	1	9403	MHC_GRCh38#0#chr6:28410120-33580577	HPRC_r2
HG01361	1	HG01361#1#CM089024.1		28417386	33535858	+	5118473	5169788	0.9999	1	9937	MHC_GRCh38#0#chr6:28410120-33580577	HPRC_r2
HG01433	2	HG01433#2#CM086511.1		28432606	33680115	+	5247510	5169788	0.9999	1	10194	MHC_GRCh38#0#chr6:28410120-33580577	HPRC_r2
HG01433	1	HG01433#1#CM086483.1		28472310	33714767	+	5242458	5170153	0.9999	1	10075	MHC_GRCh38#0#chr6:28410120-33580577	HPRC_r2
HG01496	2	HG01496#2#CM086388.1		28388376	33615208	+	5226833	5170153	0.9999	1	10552	MHC_GRCh38#0#chr6:28410120-33580577	HPRC_r2
HG01496	1	HG01496#1#CM086373.1		28374305	33527298	+	5152994	5169788	0.9999	1	11856	MHC_GRCh38#0#chr6:28410120-33580577	HPRC_r2
HG01530	1	HG01530#1#CM087536.1		28292231	33446470	+	5154240	5169788	0.9999	1	11725	MHC_GRCh38#0#chr6:28410120-33580577	HPRC_r2
HG01530	2	HG01530#2#CM087560.1		28372601	33566242	+	5193642	5169788	0.9999	1	9898	MHC_GRCh38#0#chr6:28410120-33580577	HPRC_r2
HG01784	1	HG01784#1#CM087570.1		28443802	33693813	+	5250012	5169788	0.9999	1	9468	MHC_GRCh38#0#chr6:28410120-33580577	HPRC_r2
HG01784	2	HG01784#2#CM087597.1		28389780	33578100	+	5188321	5169788	0.9999	1	9683	MHC_GRCh38#0#chr6:28410120-33580577	HPRC_r2
HG01786	1	HG01786#1#CM089504.1		28430581	33555976	+	5125396	5169788	0.9999	1	10283	MHC_GRCh38#0#chr6:28410120-33580577	HPRC_r2
HG01786	2	HG01786#2#JBHIIX010000001.1		28291277	33427374	+	5136098	5169788	0.9999	1	11902	MHC_GRCh38#0#chr6:28410120-33580577	HPRC_r2
HG01884	2	HG01884#2#CM086422.1		28486017	33727367	+	5241351	5169788	0.9999	1	9576	MHC_GRCh38#0#chr6:28410120-33580577	HPRC_r2
HG01884	1	HG01884#1#JBHDSB010000050.1		28364997	33565662	+	5200666	5169604	0.9998	1	9453	MHC_GRCh38#0#chr6:28410120-33580577	HPRC_r2
HG01891	2	HG01891#2#JAGYVN020000007.1		1681129	6883010	+	5201882	5169788	0.9999	1	9213	MHC_GRCh38#0#chr6:28410120-33580577	HPRC_r2
HG01891	1	HG01891#1#JAGYVO020000076.1		2900811	8125517	+	5224707	5169604	0.9998	1	10771	MHC_GRCh38#0#chr6:28410120-33580577	HPRC_r2
HG01928	2	HG01928#2#CM089004.1		28358676	33609094	+	5250419	5169604	0.9998	1	9666	MHC_GRCh38#0#chr6:28410120-33580577	HPRC_r2
HG01928	1	HG01928#1#CM088988.1		28420054	33667363	+	5247310	5169788	0.9999	1	10273	MHC_GRCh38#0#chr6:28410120-33580577	HPRC_r2
HG01934	2	HG01934#2#CM088881.1		28393788	33621610	+	5227823	5169788	0.9999	1	10547	MHC_GRCh38#0#chr6:28410120-33580577	HPRC_r2
HG01934	1	HG01934#1#CM088840.1		28381638	33543037	+	5161400	5169788	0.9999	1	11475	MHC_GRCh38#0#chr6:28410120-33580577	HPRC_r2
HG01940	2	HG01940#2#JBHIHL010000009.1		28391811	33519262	+	5127452	5169788	0.9999	1	10382	MHC_GRCh38#0#chr6:28410120-33580577	HPRC_r2
HG01940	1	HG01940#1#CM088633.1		28416533	33550847	+	5134315	5169788	0.9999	1	10245	MHC_GRCh38#0#chr6:28410120-33580577	HPRC_r2
HG01943	2	HG01943#2#JBHIIL010000059.1		28384336	33527821	+	5143486	5169788	0.9999	1	10182	MHC_GRCh38#0#chr6:28410120-33580577	HPRC_r2
HG01943	1	HG01943#1#JBHIIK010000008.1		28388608	33634739	+	5246132	5169788	0.9999	1	10019	MHC_GRCh38#0#chr6:28410120-33580577	HPRC_r2
HG01952	2	HG01952#2#CM087999.1		28438146	33670995	+	5232850	5169788	0.9999	1	10068	MHC_GRCh38#0#chr6:28410120-33580577	HPRC_r2
HG01952	1	HG01952#1#JAHAME020000003.1		28509779	33725990	+	5216212	5169604	0.9998	1	9755	MHC_GRCh38#0#chr6:28410120-33580577	HPRC_r2
HG01960	2	HG01960#2#JBHIHN010000011.1		28515170	33644789	+	5129620	5169788	0.9999	1	10128	MHC_GRCh38#0#chr6:28410120-33580577	HPRC_r2
HG01960	1	HG01960#1#JBHIHM010000013.1		28299727	33553963	+	5254237	5169788	0.9999	1	10048	MHC_GRCh38#0#chr6:28410120-33580577	HPRC_r2
HG01969	2	HG01969#2#CM088699.1		28424697	33581502	+	5156806	5169788	0.9999	1	11328	MHC_GRCh38#0#chr6:28410120-33580577	HPRC_r2
HG01969	1	HG01969#1#CM088687.1		28438493	33684979	+	5246487	5169788	0.9999	1	9739	MHC_GRCh38#0#chr6:28410120-33580577	HPRC_r2
HG01975	2	HG01975#2#CM099812.1		28391516	33619784	+	5228269	5170153	0.9999	1	9952	MHC_GRCh38#0#chr6:28410120-33580577	HPRC_r2
HG01975	1	HG01975#1#JBJUVS010000062.1		28446168	33791199	+	5345032	5169604	0.9998	1	9893	MHC_GRCh38#0#chr6:28410120-33580577	HPRC_r2
HG01978	2	HG01978#2#CM089273.1		28354032	33630223	+	5276192	5169788	0.9999	1	10314	MHC_GRCh38#0#chr6:28410120-33580577	HPRC_r2
HG01978	1	HG01978#1#CM089247.1		28385214	33602216	+	5217003	5169788	0.9999	1	10019	MHC_GRCh38#0#chr6:28410120-33580577	HPRC_r2
HG01981	2	HG01981#2#JBHDRW010000010.1		28410780	33681446	+	5270667	5169788	0.9999	1	10497	MHC_GRCh38#0#chr6:28410120-33580577	HPRC_r2
HG01981	1	HG01981#1#JBHDRV010000009.1		28410315	33655950	+	5245636	5169788	0.9999	1	10361	MHC_GRCh38#0#chr6:28410120-33580577	HPRC_r2
HG01993	2	HG01993#2#JBHDSM010000062.1		28431770	33594269	+	5162500	5169788	0.9999	1	9834	MHC_GRCh38#0#chr6:28410120-33580577	HPRC_r2
HG01993	1	HG01993#1#JBHDSL010000047.1		28406826	33615858	+	5209033	5169788	0.9999	1	10145	MHC_GRCh38#0#chr6:28410120-33580577	HPRC_r2
HG02004	2	HG02004#2#JBHDRU010000054.1		28359862	33635123	+	5275262	5169604	0.9998	1	10107	MHC_GRCh38#0#chr6:28410120-33580577	HPRC_r2
HG02004	1	HG02004#1#JBHDRT010000003.1		28425702	33656904	+	5231203	5169788	0.9999	1	10494	MHC_GRCh38#0#chr6:28410120-33580577	HPRC_r2
HG02015	2	HG02015#2#CM085899.1		28383446	33717143	+	5333698	5169788	0.9999	1	10063	MHC_GRCh38#0#chr6:28410120-33580577	HPRC_r2
HG02015	1	HG02015#1#CM085893.1		28402846	33586394	+	5183549	5169788	0.9999	1	12481	MHC_GRCh38#0#chr6:28410120-33580577	HPRC_r2
HG02027	2	HG02027#2#JBHDTY010000008.1		1623003	6755193	+	5132191	5170153	0.9999	1	9659	MHC_GRCh38#0#chr6:28410120-33580577	HPRC_r2
HG02027	1	HG02027#1#JBHDTX010000002.1		1623368	6786940	+	5163573	5169604	0.9998	1	9673	MHC_GRCh38#0#chr6:28410120-33580577	HPRC_r2
HG02040	1	HG02040#1#CM087376.1		28407779	33615862	+	5208084	5169788	0.9999	1	9618	MHC_GRCh38#0#chr6:28410120-33580577	HPRC_r2
HG02040	2	HG02040#2#CM087404.1		28421077	33661960	+	5240884	5170153	0.9999	1	9989	MHC_GRCh38#0#chr6:28410120-33580577	HPRC_r2
HG02055	2	HG02055#2#JAHEPJ020000062.1		28297948	33346879	+	5048932	5169788	0.9999	1	11071	MHC_GRCh38#0#chr6:28410120-33580577	HPRC_r2
HG02055	1	HG02055#1#JAHEPK020000065.1		28422841	33550861	+	5128021	5169604	0.9998	1	9446	MHC_GRCh38#0#chr6:28410120-33580577	HPRC_r2
HG02056	2	HG02056#2#JBHDVD010000050.1		28353386	33462193	+	5108808	5169604	0.9998	1	9862	MHC_GRCh38#0#chr6:28410120-33580577	HPRC_r2
HG02056	1	HG02056#1#JBHDVC010000047.1		28415946	33618338	+	5202393	5169788	0.9999	1	10083	MHC_GRCh38#0#chr6:28410120-33580577	HPRC_r2
HG02071	2	HG02071#2#CM088283.1		28360932	33442152	+	5081221	5169788	0.9999	1	10077	MHC_GRCh38#0#chr6:28410120-33580577	HPRC_r2
HG02071	1	HG02071#1#CM088260.1		28423541	33557862	+	5134322	5170153	0.9999	1	10154	MHC_GRCh38#0#chr6:28410120-33580577	HPRC_r2
HG02074	2	HG02074#2#JBHIGL010000008.1		28378730	33632643	+	5253914	5169604	0.9998	1	9759	MHC_GRCh38#0#chr6:28410120-33580577	HPRC_r2
HG02074	1	HG02074#1#JBHIGK010000076.1		28344776	33475569	+	5130794	5169788	0.9999	1	10550	MHC_GRCh38#0#chr6:28410120-33580577	HPRC_r2
HG02080	2	HG02080#2#CM092047.1		28460929	33706794	+	5245866	5169788	0.9999	1	10262	MHC_GRCh38#0#chr6:28410120-33580577	HPRC_r2
HG02080	1	HG02080#1#CM092061.1		28425542	33593192	+	5167651	5169788	0.9999	1	9694	MHC_GRCh38#0#chr6:28410120-33580577	HPRC_r2
HG02083	2	HG02083#2#CM086965.1		28472527	33711689	+	5239163	5169788	0.9999	1	10494	MHC_GRCh38#0#chr6:28410120-33580577	HPRC_r2
HG02083	1	HG02083#1#JBHDTV010000048.1		28371858	33537852	+	5165995	5170153	0.9999	1	10563	MHC_GRCh38#0#chr6:28410120-33580577	HPRC_r2
HG02109	2	HG02109#2#CM092147.1		28420239	33580817	+	5160579	5169604	0.9998	1	9372	MHC_GRCh38#0#chr6:28410120-33580577	HPRC_r2
HG02109	1	HG02109#1#CM092161.1		28294553	33395631	+	5101079	5169788	0.9999	1	9388	MHC_GRCh38#0#chr6:28410120-33580577	HPRC_r2
HG02129	2	HG02129#2#CM085860.1		28366606	33493917	+	5127312	5169788	0.9999	1	10688	MHC_GRCh38#0#chr6:28410120-33580577	HPRC_r2
HG02129	1	HG02129#1#CM085849.1		28352001	33545967	+	5193967	5170153	0.9999	1	9600	MHC_GRCh38#0#chr6:28410120-33580577	HPRC_r2
HG02132	2	HG02132#2#CM086908.1		28367828	33688656	+	5320829	5169788	0.9999	1	9376	MHC_GRCh38#0#chr6:28410120-33580577	HPRC_r2
HG02132	1	HG02132#1#CM086897.1		28372349	33619790	+	5247442	5169788	0.9999	1	9949	MHC_GRCh38#0#chr6:28410120-33580577	HPRC_r2
HG02135	2	HG02135#2#CM088319.1		28377765	33615244	+	5237480	5169604	0.9998	1	9935	MHC_GRCh38#0#chr6:28410120-33580577	HPRC_r2
HG02135	1	HG02135#1#CM088309.1		28410959	33520604	+	5109646	5169788	0.9999	1	10949	MHC_GRCh38#0#chr6:28410120-33580577	HPRC_r2
HG02145	2	HG02145#2#CM099657.1		28376784	33593129	+	5216346	5169788	0.9999	1	9903	MHC_GRCh38#0#chr6:28410120-33580577	HPRC_r2
HG02145	1	HG02145#1#CM099672.1		28303733	33469758	+	5166026	5169788	0.9999	1	10287	MHC_GRCh38#0#chr6:28410120-33580577	HPRC_r2
HG02148	2	HG02148#2#JAHAMF020000005.1		28427628	33536175	+	5108548	5169788	0.9999	1	10004	MHC_GRCh38#0#chr6:28410120-33580577	HPRC_r2
HG02148	1	HG02148#1#JAHAMG020000062.1		28379085	33505835	+	5126751	5169788	0.9999	1	9850	MHC_GRCh38#0#chr6:28410120-33580577	HPRC_r2
HG02155	1	HG02155#1#JBIECB010000043.1		28423029	33561929	+	5138901	5170153	0.9999	1	10273	MHC_GRCh38#0#chr6:28410120-33580577	HPRC_r2
HG02155	2	HG02155#2#CM091924.1		28362729	33591130	+	5228402	5169788	0.9999	1	10948	MHC_GRCh38#0#chr6:28410120-33580577	HPRC_r2
HG02165	1	HG02165#1#CM087444.1		28424290	33561901	+	5137612	5169604	0.9998	1	10208	MHC_GRCh38#0#chr6:28410120-33580577	HPRC_r2
HG02165	2	HG02165#2#JBHDWX010000045.1		28431174	33561779	+	5130606	5169788	0.9999	1	10541	MHC_GRCh38#0#chr6:28410120-33580577	HPRC_r2
HG02178	1	HG02178#1#CM089925.1		28399752	33646110	+	5246359	5169604	0.9998	1	10120	MHC_GRCh38#0#chr6:28410120-33580577	HPRC_r2
HG02178	2	HG02178#2#CM089938.1		28370915	33566694	+	5195780	5169788	0.9999	1	10947	MHC_GRCh38#0#chr6:28410120-33580577	HPRC_r2
HG02257	2	HG02257#2#CM089260.1		28471160	33602067	+	5130908	5169788	0.9999	1	10205	MHC_GRCh38#0#chr6:28410120-33580577	HPRC_r2
HG02257	1	HG02257#1#CM089221.1		28424772	33551966	+	5127195	5169788	0.9999	1	10634	MHC_GRCh38#0#chr6:28410120-33580577	HPRC_r2
HG02258	2	HG02258#2#CM085837.1		28401788	33525465	+	5123678	5169604	0.9998	1	10703	MHC_GRCh38#0#chr6:28410120-33580577	HPRC_r2
HG02258	1	HG02258#1#CM085826.1		28431405	33595237	+	5163833	5169788	0.9999	1	10918	MHC_GRCh38#0#chr6:28410120-33580577	HPRC_r2
HG02273	1	HG02273#1#JBHDVQ010000050.1		28386453	33633535	+	5247083	5169604	0.9998	1	9925	MHC_GRCh38#0#chr6:28410120-33580577	HPRC_r2
HG02273	2	HG02273#2#CM087034.1		28375859	33514787	+	5138929	5169788	0.9999	1	9853	MHC_GRCh38#0#chr6:28410120-33580577	HPRC_r2
HG02280	2	HG02280#2#JBHDRS010000063.1		28438025	33473174	+	5035150	5169788	0.9999	1	9392	MHC_GRCh38#0#chr6:28410120-33580577	HPRC_r2
HG02280	1	HG02280#1#JBHDRR010000050.1		28462941	33680751	+	5217811	5169604	0.9998	1	9394	MHC_GRCh38#0#chr6:28410120-33580577	HPRC_r2
HG02293	2	HG02293#2#CM086237.1		28436443	33671517	+	5235075	5169604	0.9998	1	9871	MHC_GRCh38#0#chr6:28410120-33580577	HPRC_r2
HG02293	1	HG02293#1#CM086249.1		28376541	33683950	+	5307410	5170153	0.9999	1	9910	MHC_GRCh38#0#chr6:28410120-33580577	HPRC_r2
HG02300	2	HG02300#2#JBHDSE010000015.1		28383936	33525808	+	5141873	5169604	0.9998	1	9644	MHC_GRCh38#0#chr6:28410120-33580577	HPRC_r2
HG02300	1	HG02300#1#JBHDSD010000065.1		28384265	33632330	+	5248066	5169788	0.9999	1	10305	MHC_GRCh38#0#chr6:28410120-33580577	HPRC_r2
HG02391	1	HG02391#1#CM087584.1		28379784	33548956	+	5169173	5170153	0.9999	1	10352	MHC_GRCh38#0#chr6:28410120-33580577	HPRC_r2
HG02391	2	HG02391#2#CM087613.1		28373481	33549853	+	5176373	5170153	0.9999	1	11122	MHC_GRCh38#0#chr6:28410120-33580577	HPRC_r2
HG02392	1	HG02392#1#CM099882.1		28340512	33566823	+	5226312	5169604	0.9998	1	10564	MHC_GRCh38#0#chr6:28410120-33580577	HPRC_r2
HG02392	2	HG02392#2#CM099892.1		28378060	33485526	+	5107467	5170153	0.9999	1	10822	MHC_GRCh38#0#chr6:28410120-33580577	HPRC_r2
HG02451	2	HG02451#2#CM086226.1		28455260	33610103	+	5154844	5169788	0.9999	1	10388	MHC_GRCh38#0#chr6:28410120-33580577	HPRC_r2
HG02451	1	HG02451#1#CM086202.1		28416438	33496141	+	5079704	5169788	0.9999	1	10192	MHC_GRCh38#0#chr6:28410120-33580577	HPRC_r2
HG02486	2	HG02486#2#CM088219.1		28305765	33500079	+	5194315	5169788	0.9999	1	9141	MHC_GRCh38#0#chr6:28410120-33580577	HPRC_r2
HG02486	1	HG02486#1#CM088195.1		28400032	33557891	+	5157860	5169788	0.9999	1	10994	MHC_GRCh38#0#chr6:28410120-33580577	HPRC_r2
HG02514	2	HG02514#2#CM098748.1		28370171	33533737	+	5163567	5169788	0.9999	1	10161	MHC_GRCh38#0#chr6:28410120-33580577	HPRC_r2
HG02514	1	HG02514#1#CM098732.1		28373958	33711051	+	5337094	5169788	0.9999	1	9867	MHC_GRCh38#0#chr6:28410120-33580577	HPRC_r2
HG02523	2	HG02523#2#CM086938.1		28380315	33619374	+	5239060	5170153	0.9999	1	10162	MHC_GRCh38#0#chr6:28410120-33580577	HPRC_r2
HG02523	1	HG02523#1#CM086922.1		28564085	33712113	+	5148029	5170153	0.9999	1	10189	MHC_GRCh38#0#chr6:28410120-33580577	HPRC_r2
HG02559	2	HG02559#2#CM088248.1		28392101	33544670	+	5152570	5169788	0.9999	1	10125	MHC_GRCh38#0#chr6:28410120-33580577	HPRC_r2
HG02559	1	HG02559#1#CM088234.1		28438650	33681676	+	5243027	5169788	0.9999	1	10434	MHC_GRCh38#0#chr6:28410120-33580577	HPRC_r2
HG02572	2	HG02572#2#CM088173.1		28510650	33610925	+	5100276	5170153	0.9999	1	10324	MHC_GRCh38#0#chr6:28410120-33580577	HPRC_r2
HG02572	1	HG02572#1#CM088155.1		28443542	33635020	+	5191479	5169788	0.9999	1	9580	MHC_GRCh38#0#chr6:28410120-33580577	HPRC_r2
HG02583	1	HG02583#1#CM089490.1		28310454	33519991	+	5209538	5169788	0.9999	1	9531	MHC_GRCh38#0#chr6:28410120-33580577	HPRC_r2
HG02583	2	HG02583#2#JBHIIV010000002.1		28450971	33556797	+	5105827	5169683	0.9999	1	9462	MHC_GRCh38#0#chr6:28410120-33580577	HPRC_r2
HG02602	2	HG02602#2#CM099701.1		28378684	33507166	+	5128483	5170153	0.9999	1	10286	MHC_GRCh38#0#chr6:28410120-33580577	HPRC_r2
HG02602	1	HG02602#1#CM099687.1		28473876	33718939	+	5245064	5169788	0.9999	1	9619	MHC_GRCh38#0#chr6:28410120-33580577	HPRC_r2
HG02615	2	HG02615#2#JBHDTA010000044.1		28450215	33517590	+	5067376	5169788	0.9999	1	10037	MHC_GRCh38#0#chr6:28410120-33580577	HPRC_r2
HG02615	1	HG02615#1#JBHDSZ010000007.1		28292880	33505607	+	5212728	5169788	0.9999	1	9238	MHC_GRCh38#0#chr6:28410120-33580577	HPRC_r2
HG02622	2	HG02622#2#CM088099.1		28439700	33655942	+	5216243	5170153	0.9999	1	9689	MHC_GRCh38#0#chr6:28410120-33580577	HPRC_r2
HG02622	1	HG02622#1#JAHAOO020000001.1		28509085	33851733	+	5342649	5170153	0.9999	1	9760	MHC_GRCh38#0#chr6:28410120-33580577	HPRC_r2
HG02630	2	HG02630#2#CM091740.1		28323618	33574655	+	5251038	5169788	0.9999	1	10176	MHC_GRCh38#0#chr6:28410120-33580577	HPRC_r2
HG02630	1	HG02630#1#CM091809.1		28389334	33629412	+	5240079	5169788	0.9999	1	10234	MHC_GRCh38#0#chr6:28410120-33580577	HPRC_r2
HG02647	2	HG02647#2#JBHDSQ010000039.1		28453965	33628541	+	5174577	5169788	0.9999	1	10161	MHC_GRCh38#0#chr6:28410120-33580577	HPRC_r2
HG02647	1	HG02647#1#CM086559.1		28392022	33525944	+	5133923	5169788	0.9999	1	9515	MHC_GRCh38#0#chr6:28410120-33580577	HPRC_r2
HG02668	2	HG02668#2#JBHIID010000047.1		28501762	33634486	+	5132725	5169604	0.9998	1	10220	MHC_GRCh38#0#chr6:28410120-33580577	HPRC_r2
HG02668	1	HG02668#1#JBHIIC010000010.1		28453356	33594908	+	5141553	5169788	0.9999	1	9658	MHC_GRCh38#0#chr6:28410120-33580577	HPRC_r2
HG02698	2	HG02698#2#CM086846.1		28436213	33571880	+	5135668	5169788	0.9999	1	9865	MHC_GRCh38#0#chr6:28410120-33580577	HPRC_r2
HG02698	1	HG02698#1#CM086825.1		28387663	33565022	+	5177360	5169788	0.9999	1	10804	MHC_GRCh38#0#chr6:28410120-33580577	HPRC_r2
HG02717	2	HG02717#2#JAHAOR020000010.1		28390930	33657668	+	5266739	5169788	0.9999	1	9765	MHC_GRCh38#0#chr6:28410120-33580577	HPRC_r2
HG02717	1	HG02717#1#JAHAOS020000006.1		28453373	33608309	+	5154937	5169788	0.9999	1	9177	MHC_GRCh38#0#chr6:28410120-33580577	HPRC_r2
HG02723	2	HG02723#2#JAHEOT020000028.1		24121290	29433497	+	5312208	5170153	0.9999	1	9501	MHC_GRCh38#0#chr6:28410120-33580577	HPRC_r2
HG02723	1	HG02723#1#CM092031.1		28492941	33618283	+	5125343	5169788	0.9999	1	9630	MHC_GRCh38#0#chr6:28410120-33580577	HPRC_r2
HG02735	2	HG02735#2#JBHIIJ010000060.1		28392355	33560534	+	5168180	5169788	0.9999	1	9708	MHC_GRCh38#0#chr6:28410120-33580577	HPRC_r2
HG02735	1	HG02735#1#JBHIII010000062.1		28453541	33709307	+	5255767	5169788	0.9999	1	10111	MHC_GRCh38#0#chr6:28410120-33580577	HPRC_r2
HG02738	2	HG02738#2#JBJXQK010000005.1		28378589	33465078	+	5086490	5169788	0.9999	1	9947	MHC_GRCh38#0#chr6:28410120-33580577	HPRC_r2
HG02738	1	HG02738#1#JBJXQJ010000012.1		28448720	33571060	+	5122341	5166832	0.9993	1	10006	MHC_GRCh38#0#chr6:28410120-33580577	HPRC_r2
HG02809	2	HG02809#2#CM088363.1		28447535	33684835	+	5237301	5169683	0.9999	1	9508	MHC_GRCh38#0#chr6:28410120-33580577	HPRC_r2
HG02809	1	HG02809#1#CM088345.1		28415797	33540379	+	5124583	5169604	0.9998	1	9403	MHC_GRCh38#0#chr6:28410120-33580577	HPRC_r2
HG02818	2	HG02818#2#JAHEOR020000002.1		28395424	33521433	+	5126010	5169788	0.9999	1	9907	MHC_GRCh38#0#chr6:28410120-33580577	HPRC_r2
HG02818	1	HG02818#1#JAHEOS020000050.1		28390726	33610396	+	5219671	5169604	0.9998	1	9639	MHC_GRCh38#0#chr6:28410120-33580577	HPRC_r2
HG02841	2	HG02841#2#JBJKOH010000051.1		28480911	33779808	+	5298898	5169604	0.9998	1	10072	MHC_GRCh38#0#chr6:28410120-33580577	HPRC_r2
HG02841	1	HG02841#1#JBJKOG010000054.1		28472700	33602015	+	5129316	5169683	0.9999	1	9899	MHC_GRCh38#0#chr6:28410120-33580577	HPRC_r2
HG02886	2	HG02886#2#CM088127.1		28408235	33704386	+	5296152	5170153	0.9999	1	9672	MHC_GRCh38#0#chr6:28410120-33580577	HPRC_r2
HG02886	1	HG02886#1#CM088086.1		28449049	33579727	+	5130679	5170153	0.9999	1	9548	MHC_GRCh38#0#chr6:28410120-33580577	HPRC_r2
HG02922	1	HG02922#1#JBHDVO010000050.1		28463778	33607859	+	5144082	5169788	0.9999	1	10109	MHC_GRCh38#0#chr6:28410120-33580577	HPRC_r2
HG02922	2	HG02922#2#JBHDVP010000048.1		28393533	33529937	+	5136405	5169604	0.9998	1	9181	MHC_GRCh38#0#chr6:28410120-33580577	HPRC_r2
HG02965	1	HG02965#1#CM087346.1		28413853	33616010	+	5202158	5169788	0.9999	1	9154	MHC_GRCh38#0#chr6:28410120-33580577	HPRC_r2
HG02965	2	HG02965#2#CM087389.1		28497212	33562374	+	5065163	5169788	0.9999	1	9982	MHC_GRCh38#0#chr6:28410120-33580577	HPRC_r2
HG02976	1	HG02976#1#JBHDVW010000052.1		28458918	33596444	+	5137527	5169604	0.9998	1	11252	MHC_GRCh38#0#chr6:28410120-33580577	HPRC_r2
HG02976	2	HG02976#2#JBHDVX010000061.1		28449910	33601091	+	5151182	5169788	0.9999	1	9893	MHC_GRCh38#0#chr6:28410120-33580577	HPRC_r2
HG02984	2	HG02984#2#CM098805.1		28288416	33435352	+	5146937	5169604	0.9998	1	9275	MHC_GRCh38#0#chr6:28410120-33580577	HPRC_r2
HG02984	1	HG02984#1#CM098791.1		28424082	33554288	+	5130207	5169604	0.9998	1	10239	MHC_GRCh38#0#chr6:28410120-33580577	HPRC_r2
HG03017	2	HG03017#2#CM088928.1		28386890	33518406	+	5131517	5169788	0.9999	1	10506	MHC_GRCh38#0#chr6:28410120-33580577	HPRC_r2
HG03017	1	HG03017#1#CM088912.1		28366322	33354914	+	4988593	5169788	0.9999	1	9963	MHC_GRCh38#0#chr6:28410120-33580577	HPRC_r2
HG03041	2	HG03041#2#JBHIHR010000035.1		28469379	33626082	+	5156704	5169788	0.9999	1	10359	MHC_GRCh38#0#chr6:28410120-33580577	HPRC_r2
HG03041	1	HG03041#1#JBHIHQ010000010.1		28523162	33664914	+	5141753	5169788	0.9999	1	9333	MHC_GRCh38#0#chr6:28410120-33580577	HPRC_r2
HG03050	2	HG03050#2#CM098777.1		28436251	33634749	+	5198499	5169788	0.9999	1	9223	MHC_GRCh38#0#chr6:28410120-33580577	HPRC_r2
HG03050	1	HG03050#1#CM098763.1		28357910	33541888	+	5183979	5169788	0.9999	1	9704	MHC_GRCh38#0#chr6:28410120-33580577	HPRC_r2
HG03098	2	HG03098#2#CM092219.1		28417176	33625650	+	5208475	5169788	0.9999	1	9386	MHC_GRCh38#0#chr6:28410120-33580577	HPRC_r2
HG03098	1	HG03098#1#CM092231.1		28431361	33758681	+	5327321	5169788	0.9999	1	9300	MHC_GRCh38#0#chr6:28410120-33580577	HPRC_r2
HG03130	1	HG03130#1#JBHDWI010000052.1		28368259	33497302	+	5129044	5169788	0.9999	1	10264	MHC_GRCh38#0#chr6:28410120-33580577	HPRC_r2
HG03130	2	HG03130#2#JBHDWJ010000015.1		28300492	33501344	+	5200853	5169788	0.9999	1	9488	MHC_GRCh38#0#chr6:28410120-33580577	HPRC_r2
HG03139	1	HG03139#1#JBIEBX010000038.1		1708286	6750584	+	5042299	5169683	0.9999	1	10018	MHC_GRCh38#0#chr6:28410120-33580577	HPRC_r2
HG03139	2	HG03139#2#JBIEBY010000006.1		1675799	6810645	+	5134847	5170153	0.9999	1	10991	MHC_GRCh38#0#chr6:28410120-33580577	HPRC_r2
HG03195	1	HG03195#1#JBHDVU010000053.1		28475373	33604548	+	5129176	5169788	0.9999	1	10250	MHC_GRCh38#0#chr6:28410120-33580577	HPRC_r2
HG03195	2	HG03195#2#JBHDVV010000014.1		28451324	33606358	+	5155035	5169788	0.9999	1	10783	MHC_GRCh38#0#chr6:28410120-33580577	HPRC_r2
HG03209	1	HG03209#1#CM087213.1		28462168	33702122	+	5239955	5169788	0.9999	1	9697	MHC_GRCh38#0#chr6:28410120-33580577	HPRC_r2
HG03209	2	HG03209#2#CM087231.1		28521401	33595827	+	5074427	5169788	0.9999	1	9619	MHC_GRCh38#0#chr6:28410120-33580577	HPRC_r2
HG03225	1	HG03225#1#CM089301.1		28387857	33521155	+	5133299	5169788	0.9999	1	9731	MHC_GRCh38#0#chr6:28410120-33580577	HPRC_r2
HG03225	2	HG03225#2#CM089317.1		28460302	33665041	+	5204740	5169788	0.9999	1	9653	MHC_GRCh38#0#chr6:28410120-33580577	HPRC_r2
HG03239	2	HG03239#2#CM088761.1		28289569	33563315	+	5273747	5169788	0.9999	1	10278	MHC_GRCh38#0#chr6:28410120-33580577	HPRC_r2
HG03239	1	HG03239#1#CM088748.1		28379983	33543593	+	5163611	5169604	0.9998	1	9529	MHC_GRCh38#0#chr6:28410120-33580577	HPRC_r2
HG03270	1	HG03270#1#CM089901.1		28457303	33619918	+	5162616	5169788	0.9999	1	11721	MHC_GRCh38#0#chr6:28410120-33580577	HPRC_r2
HG03270	2	HG03270#2#CM089913.1		28461664	33600109	+	5138446	5169049	0.9997	1	9793	MHC_GRCh38#0#chr6:28410120-33580577	HPRC_r2
HG03369	1	HG03369#1#CM094384.1		28448143	33595830	+	5147688	5169788	0.9999	1	10828	MHC_GRCh38#0#chr6:28410120-33580577	HPRC_r2
HG03369	2	HG03369#2#CM094359.1		28412805	33626591	+	5213787	5169788	0.9999	1	9455	MHC_GRCh38#0#chr6:28410120-33580577	HPRC_r2
HG03453	2	HG03453#2#JAGYVV020000081.1		28470880	33567163	+	5096284	5169683	0.9999	1	10301	MHC_GRCh38#0#chr6:28410120-33580577	HPRC_r2
HG03453	1	HG03453#1#JAGYVW020000075.1		28403120	33611389	+	5208270	5169604	0.9998	1	9524	MHC_GRCh38#0#chr6:28410120-33580577	HPRC_r2
HG03470	1	HG03470#1#CM091822.1		28475508	33736647	+	5261140	5169788	0.9999	1	9949	MHC_GRCh38#0#chr6:28410120-33580577	HPRC_r2
HG03470	2	HG03470#2#CM091870.1		28404010	33497478	+	5093469	5169788	0.9999	1	9643	MHC_GRCh38#0#chr6:28410120-33580577	HPRC_r2
HG03471	1	HG03471#1#CM087523.1		28468339	33683868	+	5215530	5169604	0.9998	1	9408	MHC_GRCh38#0#chr6:28410120-33580577	HPRC_r2
HG03471	2	HG03471#2#CM087546.1		28512656	33707046	+	5194391	5170153	0.9999	1	9011	MHC_GRCh38#0#chr6:28410120-33580577	HPRC_r2
HG03486	2	HG03486#2#CM091960.1		28459830	33596099	+	5136270	5169788	0.9999	1	10172	MHC_GRCh38#0#chr6:28410120-33580577	HPRC_r2
HG03486	1	HG03486#1#CM091974.1		28459101	33585338	+	5126238	5170153	0.9999	1	10365	MHC_GRCh38#0#chr6:28410120-33580577	HPRC_r2
HG03516	2	HG03516#2#JAGYYT020000030.1		28478688	33696340	+	5217653	5169604	0.9998	1	9356	MHC_GRCh38#0#chr6:28410120-33580577	HPRC_r2
HG03516	1	HG03516#1#JAGYYS020000049.1		28451043	33589535	+	5138493	5169788	0.9999	1	9958	MHC_GRCh38#0#chr6:28410120-33580577	HPRC_r2
HG03521	1	HG03521#1#JBIREF010000004.1		28517918	33642180	+	5124263	5169604	0.9998	1	9970	MHC_GRCh38#0#chr6:28410120-33580577	HPRC_r2
HG03521	2	HG03521#2#JBIREG010000058.1		28429727	33569421	+	5139695	5169788	0.9999	1	9968	MHC_GRCh38#0#chr6:28410120-33580577	HPRC_r2
HG03540	2	HG03540#2#CM088063.1		28474762	33566125	+	5091364	5170153	0.9999	1	9489	MHC_GRCh38#0#chr6:28410120-33580577	HPRC_r2
HG03540	1	HG03540#1#CM088050.1		28448847	33686414	+	5237568	5169788	0.9999	1	9685	MHC_GRCh38#0#chr6:28410120-33580577	HPRC_r2
HG03579	2	HG03579#2#CM089288.1		28450187	33638583	+	5188397	5169788	0.9999	1	9477	MHC_GRCh38#0#chr6:28410120-33580577	HPRC_r2
HG03579	1	HG03579#1#CM088945.1		28415698	33501766	+	5086069	5169788	0.9999	1	9592	MHC_GRCh38#0#chr6:28410120-33580577	HPRC_r2
HG03583	1	HG03583#1#CM089881.1		28309910	33645117	+	5335208	5170153	0.9999	1	9105	MHC_GRCh38#0#chr6:28410120-33580577	HPRC_r2
HG03583	2	HG03583#2#CM089891.1		28443100	33514916	+	5071817	5169788	0.9999	1	10694	MHC_GRCh38#0#chr6:28410120-33580577	HPRC_r2
HG03654	2	HG03654#2#JBHDTO010000045.1		28372677	33498093	+	5125417	5169604	0.9998	1	9816	MHC_GRCh38#0#chr6:28410120-33580577	HPRC_r2
HG03654	1	HG03654#1#CM086836.1		28373117	33516554	+	5143438	5169604	0.9998	1	9787	MHC_GRCh38#0#chr6:28410120-33580577	HPRC_r2
HG03669	2	HG03669#2#JBHDTE010000046.1		28389062	33618253	+	5229192	5169604	0.9998	1	9905	MHC_GRCh38#0#chr6:28410120-33580577	HPRC_r2
HG03669	1	HG03669#1#JBHDTD010000072.1		28410266	33591784	+	5181519	5169788	0.9999	1	10168	MHC_GRCh38#0#chr6:28410120-33580577	HPRC_r2
HG03688	2	HG03688#2#JBHDTK010000054.1		28442317	33604941	+	5162625	5169788	0.9999	1	10838	MHC_GRCh38#0#chr6:28410120-33580577	HPRC_r2
HG03688	1	HG03688#1#JBHDTJ010000054.1		28390921	33637286	+	5246366	5169788	0.9999	1	9957	MHC_GRCh38#0#chr6:28410120-33580577	HPRC_r2
HG03704	2	HG03704#2#CM086190.1		28367307	33613199	+	5245893	5169788	0.9999	1	10041	MHC_GRCh38#0#chr6:28410120-33580577	HPRC_r2
HG03704	1	HG03704#1#JBHDRL010000035.1		28385510	33544273	+	5158764	5169788	0.9999	1	9996	MHC_GRCh38#0#chr6:28410120-33580577	HPRC_r2
HG03710	2	HG03710#2#CM086882.1		28406463	33546644	+	5140182	5169788	0.9999	1	10661	MHC_GRCh38#0#chr6:28410120-33580577	HPRC_r2
HG03710	1	HG03710#1#CM086869.1		28406453	33664140	+	5257688	5169788	0.9999	1	10260	MHC_GRCh38#0#chr6:28410120-33580577	HPRC_r2
HG03742	1	HG03742#1#CM087628.1		28422273	33665592	+	5243320	5169788	0.9999	1	10638	MHC_GRCh38#0#chr6:28410120-33580577	HPRC_r2
HG03742	2	HG03742#2#JBHDXM010000003.1		28462365	33593791	+	5131427	5169788	0.9999	1	10293	MHC_GRCh38#0#chr6:28410120-33580577	HPRC_r2
HG03784	1	HG03784#1#CM094174.1		28377153	33515338	+	5138186	5169788	0.9999	1	9783	MHC_GRCh38#0#chr6:28410120-33580577	HPRC_r2
HG03784	2	HG03784#2#CM094203.1		28433118	33600593	+	5167476	5169788	0.9999	1	10107	MHC_GRCh38#0#chr6:28410120-33580577	HPRC_r2
HG03804	2	HG03804#2#CM088379.1		28362365	33467265	+	5104901	5169788	0.9999	1	10942	MHC_GRCh38#0#chr6:28410120-33580577	HPRC_r2
HG03804	1	HG03804#1#CM088331.1		28384562	33565798	+	5181237	5169788	0.9999	1	10426	MHC_GRCh38#0#chr6:28410120-33580577	HPRC_r2
HG03816	2	HG03816#2#JBJXWG010000046.1		28406441	33636019	+	5229579	5169788	0.9999	1	9829	MHC_GRCh38#0#chr6:28410120-33580577	HPRC_r2
HG03816	1	HG03816#1#JBJXWF010000049.1		28427684	33714593	+	5286910	5169788	0.9999	1	10028	MHC_GRCh38#0#chr6:28410120-33580577	HPRC_r2
HG03831	2	HG03831#2#JBHDSO010000065.1		28430318	33704666	+	5274349	5169788	0.9999	1	10209	MHC_GRCh38#0#chr6:28410120-33580577	HPRC_r2
HG03831	1	HG03831#1#JBHDSN010000045.1		28374864	33602539	+	5227676	5169788	0.9999	1	10200	MHC_GRCh38#0#chr6:28410120-33580577	HPRC_r2
HG03834	2	HG03834#2#CM085813.1		28455324	33598071	+	5142748	5169788	0.9999	1	10471	MHC_GRCh38#0#chr6:28410120-33580577	HPRC_r2
HG03834	1	HG03834#1#CM085797.1		28395320	33703328	+	5308009	5169788	0.9999	1	9897	MHC_GRCh38#0#chr6:28410120-33580577	HPRC_r2
HG03874	1	HG03874#1#CM089432.1		28353581	33507962	+	5154382	5169788	0.9999	1	10102	MHC_GRCh38#0#chr6:28410120-33580577	HPRC_r2
HG03874	2	HG03874#2#CM089475.1		28434562	33680043	+	5245482	5169788	0.9999	1	10105	MHC_GRCh38#0#chr6:28410120-33580577	HPRC_r2
HG03927	2	HG03927#2#CM086659.1		28395712	33710667	+	5314956	5169788	0.9999	1	9712	MHC_GRCh38#0#chr6:28410120-33580577	HPRC_r2
HG03927	1	HG03927#1#CM086636.1		28465203	33551033	+	5085831	5169788	0.9999	1	10100	MHC_GRCh38#0#chr6:28410120-33580577	HPRC_r2
HG03942	2	HG03942#2#CM088404.1		29036351	34210946	+	5174596	5169788	0.9999	1	10504	MHC_GRCh38#0#chr6:28410120-33580577	HPRC_r2
HG03942	1	HG03942#1#CM088393.1		28271517	33427607	+	5156091	5169788	0.9999	1	10853	MHC_GRCh38#0#chr6:28410120-33580577	HPRC_r2
HG04115	2	HG04115#2#JBHDTG010000049.1		28423339	33670470	+	5247132	5170153	0.9999	1	9612	MHC_GRCh38#0#chr6:28410120-33580577	HPRC_r2
HG04115	1	HG04115#1#JBHDTF010000057.1		28438850	33586926	+	5148077	5169788	0.9999	1	10388	MHC_GRCh38#0#chr6:28410120-33580577	HPRC_r2
HG04157	2	HG04157#2#CM088438.1		28355512	33488875	+	5133364	5169788	0.9999	1	9885	MHC_GRCh38#0#chr6:28410120-33580577	HPRC_r2
HG04157	1	HG04157#1#CM088414.1		28397949	33735050	+	5337102	5169788	0.9999	1	9277	MHC_GRCh38#0#chr6:28410120-33580577	HPRC_r2
HG04160	2	HG04160#2#JBHIGX010000055.1		28422741	33644744	+	5222004	5169604	0.9998	1	10792	MHC_GRCh38#0#chr6:28410120-33580577	HPRC_r2
HG04160	1	HG04160#1#JBHIGW010000016.1		28356435	33564314	+	5207880	5169604	0.9998	1	9659	MHC_GRCh38#0#chr6:28410120-33580577	HPRC_r2
HG04184	2	HG04184#2#CM086472.1		28433511	33770331	+	5336821	5169788	0.9999	1	9653	MHC_GRCh38#0#chr6:28410120-33580577	HPRC_r2
HG04184	1	HG04184#1#CM086460.1		28371226	33616523	+	5245298	5169788	0.9999	1	9764	MHC_GRCh38#0#chr6:28410120-33580577	HPRC_r2
HG04187	2	HG04187#2#CM099756.1		28400738	33533288	+	5132551	5169788	0.9999	1	10121	MHC_GRCh38#0#chr6:28410120-33580577	HPRC_r2
HG04187	1	HG04187#1#CM099742.1		28415864	33609347	+	5193484	5169788	0.9999	1	10327	MHC_GRCh38#0#chr6:28410120-33580577	HPRC_r2
HG04199	2	HG04199#2#JBHDTI010000015.1		28378462	33549536	+	5171075	5169788	0.9999	1	12499	MHC_GRCh38#0#chr6:28410120-33580577	HPRC_r2
HG04199	1	HG04199#1#JBHDTH010000059.1		28382492	33668076	+	5285585	5169788	0.9999	1	9637	MHC_GRCh38#0#chr6:28410120-33580577	HPRC_r2
HG04204	2	HG04204#2#JBHIGZ010000014.1		28378310	33624751	+	5246442	5169788	0.9999	1	9678	MHC_GRCh38#0#chr6:28410120-33580577	HPRC_r2
HG04204	1	HG04204#1#JBHIGY010000015.1		28376780	33510758	+	5133979	5169788	0.9999	1	10860	MHC_GRCh38#0#chr6:28410120-33580577	HPRC_r2
HG04228	2	HG04228#2#CM088508.1		28466048	33622943	+	5156896	5169788	0.9999	1	10872	MHC_GRCh38#0#chr6:28410120-33580577	HPRC_r2
HG04228	1	HG04228#1#CM088480.1		28407255	33566968	+	5159714	5169788	0.9999	1	11855	MHC_GRCh38#0#chr6:28410120-33580577	HPRC_r2
HG06807	2	HG06807#2#CM101434.1		28441503	33631596	+	5190094	5169788	0.9999	1	10053	MHC_GRCh38#0#chr6:28410120-33580577	HPRC_r2
HG06807	1	HG06807#1#CM101400.1		28463683	33619551	+	5155869	5169788	0.9999	1	10360	MHC_GRCh38#0#chr6:28410120-33580577	HPRC_r2
NA18505	1	NA18505#1#JBHIJY010000048.1		28445967	33542979	+	5097013	5169788	0.9999	1	9586	MHC_GRCh38#0#chr6:28410120-33580577	HPRC_r2
NA18505	2	NA18505#2#JBHIJZ010000041.1		28452551	33607869	+	5155319	5169788	0.9999	1	11113	MHC_GRCh38#0#chr6:28410120-33580577	HPRC_r2
NA18508	1	NA18508#1#CM089650.1		28440826	33645342	+	5204517	5169788	0.9999	1	9620	MHC_GRCh38#0#chr6:28410120-33580577	HPRC_r2
NA18508	2	NA18508#2#JBHIJH010000001.1		28282775	33492562	+	5209788	5169788	0.9999	1	9170	MHC_GRCh38#0#chr6:28410120-33580577	HPRC_r2
NA18522	1	NA18522#1#CM087176.1		28457728	33607889	+	5150162	5169604	0.9998	1	10230	MHC_GRCh38#0#chr6:28410120-33580577	HPRC_r2
NA18522	2	NA18522#2#CM087191.1		28461290	33621227	+	5159938	5169788	0.9999	1	10346	MHC_GRCh38#0#chr6:28410120-33580577	HPRC_r2
NA18565	1	NA18565#1#CM094320.1		28406009	33589453	+	5183445	5169788	0.9999	1	10400	MHC_GRCh38#0#chr6:28410120-33580577	HPRC_r2
NA18565	2	NA18565#2#CM094342.1		28359389	33490962	+	5131574	5169788	0.9999	1	9832	MHC_GRCh38#0#chr6:28410120-33580577	HPRC_r2
NA18570	1	NA18570#1#CM087659.1		28377747	33503647	+	5125901	5169788	0.9999	1	10579	MHC_GRCh38#0#chr6:28410120-33580577	HPRC_r2
NA18570	2	NA18570#2#JBHDXO010000039.1		12253641	17492124	+	5238484	5170153	0.9999	1	10420	MHC_GRCh38#0#chr6:28410120-33580577	HPRC_r2
NA18608	1	NA18608#1#JBHIJW010000005.1		28379380	33466928	+	5087549	5169788	0.9999	1	9919	MHC_GRCh38#0#chr6:28410120-33580577	HPRC_r2
NA18608	2	NA18608#2#JBHIJX010000014.1		28375523	33585552	+	5210030	5169788	0.9999	1	10099	MHC_GRCh38#0#chr6:28410120-33580577	HPRC_r2
NA18620	1	NA18620#1#JBHIJU010000014.1		28371273	33496778	+	5125506	5169788	0.9999	1	9777	MHC_GRCh38#0#chr6:28410120-33580577	HPRC_r2
NA18620	2	NA18620#2#JBHIJV010000064.1		28361084	33404871	+	5043788	5169604	0.9998	1	9772	MHC_GRCh38#0#chr6:28410120-33580577	HPRC_r2
NA18747	1	NA18747#1#CM087202.1		28424227	33559019	+	5134793	5169604	0.9998	1	9975	MHC_GRCh38#0#chr6:28410120-33580577	HPRC_r2
NA18747	2	NA18747#2#CM087242.1		28408784	33568848	+	5160065	5169788	0.9999	1	10794	MHC_GRCh38#0#chr6:28410120-33580577	HPRC_r2
NA18879	1	NA18879#1#CM099716.1		28474558	33526652	+	5052095	5169788	0.9999	1	9031	MHC_GRCh38#0#chr6:28410120-33580577	HPRC_r2
NA18879	2	NA18879#2#JBJUVN010000057.1		28495776	33652599	+	5156824	5169788	0.9999	1	9872	MHC_GRCh38#0#chr6:28410120-33580577	HPRC_r2
NA18906	2	NA18906#2#JAHEON020000009.1		28400633	33549040	+	5148408	5169788	0.9999	1	9980	MHC_GRCh38#0#chr6:28410120-33580577	HPRC_r2
NA18906	1	NA18906#1#JAHEOO020000008.1		28476372	33613648	+	5137277	5169788	0.9999	1	9799	MHC_GRCh38#0#chr6:28410120-33580577	HPRC_r2
NA18940	1	NA18940#1#CM101704.1		28361445	33495650	+	5134206	5169788	0.9999	1	10479	MHC_GRCh38#0#chr6:28410120-33580577	HPRC_r2
NA18940	2	NA18940#2#CM101718.1		28384276	33404776	+	5020501	5169360	0.9998	1	10140	MHC_GRCh38#0#chr6:28410120-33580577	HPRC_r2
NA18943	1	NA18943#1#CM101660.1		28426731	33491938	+	5065208	5169788	0.9999	1	10326	MHC_GRCh38#0#chr6:28410120-33580577	HPRC_r2
NA18943	2	NA18943#2#CM101689.1		28413016	33476747	+	5063732	5169604	0.9998	1	9917	MHC_GRCh38#0#chr6:28410120-33580577	HPRC_r2
NA18944	1	NA18944#1#CM101645.1		28385561	33526630	+	5141070	5170153	0.9999	1	10105	MHC_GRCh38#0#chr6:28410120-33580577	HPRC_r2
NA18944	2	NA18944#2#CM101674.1		28358440	33385619	+	5027180	5170153	0.9999	1	10540	MHC_GRCh38#0#chr6:28410120-33580577	HPRC_r2
NA18945	1	NA18945#1#CM101613.1		28368965	33555846	+	5186882	5169788	0.9999	1	10387	MHC_GRCh38#0#chr6:28410120-33580577	HPRC_r2
NA18945	2	NA18945#2#CM101630.1		28394844	33694406	+	5299563	5170153	0.9999	1	10021	MHC_GRCh38#0#chr6:28410120-33580577	HPRC_r2
NA18948	1	NA18948#1#CM101600.1		28387406	33694585	+	5307180	5169788	0.9999	1	9714	MHC_GRCh38#0#chr6:28410120-33580577	HPRC_r2
NA18948	2	NA18948#2#CM101588.1		28449833	33675773	+	5225941	5169604	0.9998	1	11174	MHC_GRCh38#0#chr6:28410120-33580577	HPRC_r2
NA18952	1	NA18952#1#JBHIJS010000065.1		28372748	33544581	+	5171834	5169604	0.9998	1	11816	MHC_GRCh38#0#chr6:28410120-33580577	HPRC_r2
NA18952	2	NA18952#2#JBHIJT010000011.1		27989065	33294169	+	5305105	5169788	0.9999	1	9965	MHC_GRCh38#0#chr6:28410120-33580577	HPRC_r2
NA18959	1	NA18959#1#CM101546.1		28370803	33504249	+	5133447	5169788	0.9999	1	10346	MHC_GRCh38#0#chr6:28410120-33580577	HPRC_r2
NA18959	2	NA18959#2#CM101574.1		28371257	33493892	+	5122636	5169604	0.9998	1	10622	MHC_GRCh38#0#chr6:28410120-33580577	HPRC_r2
NA18960	1	NA18960#1#CM101531.1		28387298	33581139	+	5193842	5169788	0.9999	1	10075	MHC_GRCh38#0#chr6:28410120-33580577	HPRC_r2
NA18960	2	NA18960#2#CM101559.1		28352755	33558459	+	5205705	5170153	0.9999	1	9985	MHC_GRCh38#0#chr6:28410120-33580577	HPRC_r2
NA18967	1	NA18967#1#CM101498.1		28415274	33499907	+	5084634	5169788	0.9999	1	10794	MHC_GRCh38#0#chr6:28410120-33580577	HPRC_r2
NA18967	2	NA18967#2#JBKABX010000006.1		28395404	33553508	+	5158105	5170153	0.9999	1	10161	MHC_GRCh38#0#chr6:28410120-33580577	HPRC_r2
NA18970	1	NA18970#1#CM101469.1		28338191	33472849	+	5134659	5169788	0.9999	1	10092	MHC_GRCh38#0#chr6:28410120-33580577	HPRC_r2
NA18970	2	NA18970#2#CM101481.1		28437781	33628491	+	5190711	5169788	0.9999	1	10157	MHC_GRCh38#0#chr6:28410120-33580577	HPRC_r2
NA18971	1	NA18971#1#JBHDWK010000075.1		28353861	33541047	+	5187187	5170153	0.9999	1	10151	MHC_GRCh38#0#chr6:28410120-33580577	HPRC_r2
NA18971	2	NA18971#2#CM087282.1		28370956	33557710	+	5186755	5170153	0.9999	1	10031	MHC_GRCh38#0#chr6:28410120-33580577	HPRC_r2
NA18974	1	NA18974#1#JBHIJQ010000061.1		28438445	33702152	+	5263708	5170153	0.9999	1	9979	MHC_GRCh38#0#chr6:28410120-33580577	HPRC_r2
NA18974	2	NA18974#2#JBHIJR010000002.1		28446464	33624399	+	5177936	5170153	0.9999	1	10908	MHC_GRCh38#0#chr6:28410120-33580577	HPRC_r2
NA18976	1	NA18976#1#CM089753.1		28424712	33611473	+	5186762	5169788	0.9999	1	10355	MHC_GRCh38#0#chr6:28410120-33580577	HPRC_r2
NA18976	2	NA18976#2#CM089763.1		28447335	33634097	+	5186763	5169788	0.9999	1	10303	MHC_GRCh38#0#chr6:28410120-33580577	HPRC_r2
NA18982	1	NA18982#1#CM101421.1		28415467	33548909	+	5133443	5169788	0.9999	1	10352	MHC_GRCh38#0#chr6:28410120-33580577	HPRC_r2
NA18982	2	NA18982#2#JBKABT010000006.1		28433660	33435400	+	5001741	5169788	0.9999	1	10772	MHC_GRCh38#0#chr6:28410120-33580577	HPRC_r2
NA18983	1	NA18983#1#CM087420.1		28378465	33528221	+	5149757	5169604	0.9998	1	9945	MHC_GRCh38#0#chr6:28410120-33580577	HPRC_r2
NA18983	2	NA18983#2#CM087432.1		28420692	33672818	+	5252127	5170153	0.9999	1	10115	MHC_GRCh38#0#chr6:28410120-33580577	HPRC_r2
NA19036	1	NA19036#1#JBHIJM010000039.1		28463923	33608059	+	5144137	5169788	0.9999	1	9509	MHC_GRCh38#0#chr6:28410120-33580577	HPRC_r2
NA19036	2	NA19036#2#CM089740.1		28304850	33443783	+	5138934	5169788	0.9999	1	9953	MHC_GRCh38#0#chr6:28410120-33580577	HPRC_r2
NA19043	1	NA19043#1#CM087046.1		28457117	33603533	+	5146417	5169788	0.9999	1	9909	MHC_GRCh38#0#chr6:28410120-33580577	HPRC_r2
NA19043	2	NA19043#2#CM087072.1		28298892	33447476	+	5148585	5169788	0.9999	1	9986	MHC_GRCh38#0#chr6:28410120-33580577	HPRC_r2
NA19087	1	NA19087#1#CM087696.1		28331338	33576082	+	5244745	5169604	0.9998	1	9866	MHC_GRCh38#0#chr6:28410120-33580577	HPRC_r2
NA19087	2	NA19087#2#JBHDXQ010000012.1		23681967	28867579	+	5185613	5169788	0.9999	1	10259	MHC_GRCh38#0#chr6:28410120-33580577	HPRC_r2
NA19159	1	NA19159#1#JBJXQL010000007.1		28425942	33548809	+	5122868	5169788	0.9999	1	10325	MHC_GRCh38#0#chr6:28410120-33580577	HPRC_r2
NA19159	2	NA19159#2#JBJXQM010000009.1		28479051	33767425	+	5288375	5169604	0.9998	1	9896	MHC_GRCh38#0#chr6:28410120-33580577	HPRC_r2
NA19185	1	NA19185#1#CM087724.1		28452686	33600537	+	5147852	5169788	0.9999	1	10122	MHC_GRCh38#0#chr6:28410120-33580577	HPRC_r2
NA19185	2	NA19185#2#CM087740.1		28365127	33559133	+	5194007	5169788	0.9999	1	9164	MHC_GRCh38#0#chr6:28410120-33580577	HPRC_r2
NA19240	2	NA19240#2#CM099616.1		28279408	33546879	+	5267472	5169788	0.9999	1	9676	MHC_GRCh38#0#chr6:28410120-33580577	HPRC_r2
NA19240	1	NA19240#1#JAHEOM020000002.1		28462857	33656907	+	5194051	5169788	0.9999	1	9254	MHC_GRCh38#0#chr6:28410120-33580577	HPRC_r2
NA19338	1	NA19338#1#CM087758.1		28448969	33579906	+	5130938	5169788	0.9999	1	10096	MHC_GRCh38#0#chr6:28410120-33580577	HPRC_r2
NA19338	2	NA19338#2#CM087775.1		28453026	33605437	+	5152412	5169604	0.9998	1	10595	MHC_GRCh38#0#chr6:28410120-33580577	HPRC_r2
NA19391	1	NA19391#1#CM087790.1		28288674	33392322	+	5103649	5169604	0.9998	1	9918	MHC_GRCh38#0#chr6:28410120-33580577	HPRC_r2
NA19391	2	NA19391#2#CM087804.1		28295746	33396359	+	5100614	5169788	0.9999	1	9743	MHC_GRCh38#0#chr6:28410120-33580577	HPRC_r2
NA19443	1	NA19443#1#CM089448.1		28448109	33623879	+	5175771	5169788	0.9999	1	9857	MHC_GRCh38#0#chr6:28410120-33580577	HPRC_r2
NA19443	2	NA19443#2#CM089461.1		28435491	33566565	+	5131075	5169788	0.9999	1	9628	MHC_GRCh38#0#chr6:28410120-33580577	HPRC_r2
NA19468	1	NA19468#1#JBHDXX010000056.1		28478972	33624126	+	5145155	5169788	0.9999	1	10036	MHC_GRCh38#0#chr6:28410120-33580577	HPRC_r2
NA19468	2	NA19468#2#JBHDXY010000045.1		28382628	33499947	+	5117320	5169788	0.9999	1	9952	MHC_GRCh38#0#chr6:28410120-33580577	HPRC_r2
NA19682	1	NA19682#1#CM094150.1		28411407	33568676	+	5157270	5169788	0.9999	1	10204	MHC_GRCh38#0#chr6:28410120-33580577	HPRC_r2
NA19682	2	NA19682#2#CM094164.1		28463959	33644888	+	5180930	5169604	0.9998	1	9681	MHC_GRCh38#0#chr6:28410120-33580577	HPRC_r2
NA19700	1	NA19700#1#CM089621.1		28376765	33517479	+	5140715	5170153	0.9999	1	11573	MHC_GRCh38#0#chr6:28410120-33580577	HPRC_r2
NA19700	2	NA19700#2#CM089638.1		28426616	33709243	+	5282628	5169788	0.9999	1	9017	MHC_GRCh38#0#chr6:28410120-33580577	HPRC_r2
NA19776	1	NA19776#1#CM094012.1		28385884	33702873	+	5316990	5169788	0.9999	1	10099	MHC_GRCh38#0#chr6:28410120-33580577	HPRC_r2
NA19776	2	NA19776#2#CM094049.1		28416676	33523673	+	5106998	5169604	0.9998	1	11739	MHC_GRCh38#0#chr6:28410120-33580577	HPRC_r2
NA19835	1	NA19835#1#CM094026.1		28418644	33486956	+	5068313	5169788	0.9999	1	10064	MHC_GRCh38#0#chr6:28410120-33580577	HPRC_r2
NA19835	2	NA19835#2#CM094035.1		28457594	33528933	+	5071340	5169788	0.9999	1	9801	MHC_GRCh38#0#chr6:28410120-33580577	HPRC_r2
NA19909	1	NA19909#1#JBIRDH010000012.1		28412877	33619076	+	5206200	5169788	0.9999	1	9199	MHC_GRCh38#0#chr6:28410120-33580577	HPRC_r2
NA19909	2	NA19909#2#JBIRDI010000053.1		28451896	33658066	+	5206171	5169788	0.9999	1	9205	MHC_GRCh38#0#chr6:28410120-33580577	HPRC_r2
NA20129	2	NA20129#2#CM092121.1		28370806	33473927	+	5103122	5169788	0.9999	1	10071	MHC_GRCh38#0#chr6:28410120-33580577	HPRC_r2
NA20129	1	NA20129#1#JAHEPE020000006.1		162	4816795	+	4816634	4866872	0.9413	2	9132	MHC_GRCh38#0#chr6:28410120-33580577	HPRC_r2
NA20129	1	NA20129#1#JAHEPE020000013.1		28306363	28595928	+	289566	289430	0.056	2	645	MHC_GRCh38#0#chr6:28410120-33580577	HPRC_r2
NA20282	1	NA20282#1#JBIRDT010000005.1		1683408	6782988	+	5099581	5169604	0.9998	1	10287	MHC_GRCh38#0#chr6:28410120-33580577	HPRC_r2
NA20282	2	NA20282#2#JBIRDU010000003.1		1683297	6763868	+	5080572	5169788	0.9999	1	10482	MHC_GRCh38#0#chr6:28410120-33580577	HPRC_r2
NA20346	1	NA20346#1#CM094251.1		28457185	33666384	+	5209200	5169788	0.9999	1	9035	MHC_GRCh38#0#chr6:28410120-33580577	HPRC_r2
NA20346	2	NA20346#2#CM094262.1		28410681	33542038	+	5131358	5169604	0.9998	1	9957	MHC_GRCh38#0#chr6:28410120-33580577	HPRC_r2
NA20503	1	NA20503#1#CM102459.1		28379297	33541270	+	5161974	5169788	0.9999	1	10052	MHC_GRCh38#0#chr6:28410120-33580577	HPRC_r2
NA20503	2	NA20503#2#CM102476.1		28357590	33489275	+	5131686	5169788	0.9999	1	10892	MHC_GRCh38#0#chr6:28410120-33580577	HPRC_r2
NA20752	1	NA20752#1#CM099770.1		28378820	33526332	+	5147513	5169788	0.9999	1	10293	MHC_GRCh38#0#chr6:28410120-33580577	HPRC_r2
NA20752	2	NA20752#2#CM099783.1		28398107	33586251	+	5188145	5169788	0.9999	1	9848	MHC_GRCh38#0#chr6:28410120-33580577	HPRC_r2
NA20762	1	NA20762#1#CM102512.1		28400125	33568157	+	5168033	5169788	0.9999	1	9361	MHC_GRCh38#0#chr6:28410120-33580577	HPRC_r2
NA20762	2	NA20762#2#CM102528.1		28437013	33575799	+	5138787	5169788	0.9999	1	10457	MHC_GRCh38#0#chr6:28410120-33580577	HPRC_r2
NA20799	1	NA20799#1#CM098688.1		28368547	33505653	+	5137107	5169788	0.9999	1	11629	MHC_GRCh38#0#chr6:28410120-33580577	HPRC_r2
NA20799	2	NA20799#2#CM098717.1		28381748	33532360	+	5150613	5170153	0.9999	1	10481	MHC_GRCh38#0#chr6:28410120-33580577	HPRC_r2
NA20805	1	NA20805#1#CM091887.1		28444744	33554804	+	5110061	5169788	0.9999	1	9552	MHC_GRCh38#0#chr6:28410120-33580577	HPRC_r2
NA20805	2	NA20805#2#CM091899.1		28375930	33456966	+	5081037	5169788	0.9999	1	9995	MHC_GRCh38#0#chr6:28410120-33580577	HPRC_r2
NA20806	1	NA20806#1#CM102442.1		28404226	33564454	+	5160229	5169788	0.9999	1	12659	MHC_GRCh38#0#chr6:28410120-33580577	HPRC_r2
NA20806	2	NA20806#2#CM102496.1		28385854	33548009	+	5162156	5169788	0.9999	1	10981	MHC_GRCh38#0#chr6:28410120-33580577	HPRC_r2
NA20809	1	NA20809#1#CM094332.1		28435710	33676068	+	5240359	5169788	0.9999	1	10916	MHC_GRCh38#0#chr6:28410120-33580577	HPRC_r2
NA20809	2	NA20809#2#CM094351.1		28373506	33544564	+	5171059	5169788	0.9999	1	13303	MHC_GRCh38#0#chr6:28410120-33580577	HPRC_r2
NA20827	1	NA20827#1#CM102544.1		28306620	33546886	+	5240267	5169788	0.9999	1	10045	MHC_GRCh38#0#chr6:28410120-33580577	HPRC_r2
NA20827	2	NA20827#2#CM102564.1		28454949	33740832	+	5285884	5169604	0.9998	1	9553	MHC_GRCh38#0#chr6:28410120-33580577	HPRC_r2
NA20850	1	NA20850#1#CM094293.1		28390909	33636624	+	5245716	5169788	0.9999	1	10087	MHC_GRCh38#0#chr6:28410120-33580577	HPRC_r2
NA20850	2	NA20850#2#CM094307.1		28446289	33597788	+	5151500	5169788	0.9999	1	11316	MHC_GRCh38#0#chr6:28410120-33580577	HPRC_r2
NA20870	1	NA20870#1#JBHIJK010000014.1		28358726	33487328	+	5128603	5169788	0.9999	1	10566	MHC_GRCh38#0#chr6:28410120-33580577	HPRC_r2
NA20870	2	NA20870#2#JBHIJL010000043.1		28382928	33533945	+	5151018	5169788	0.9999	1	10821	MHC_GRCh38#0#chr6:28410120-33580577	HPRC_r2
NA20905	1	NA20905#1#CM087474.1		28381582	33489243	+	5107662	5169788	0.9999	1	10198	MHC_GRCh38#0#chr6:28410120-33580577	HPRC_r2
NA20905	2	NA20905#2#CM087508.1		28378316	33558408	+	5180093	5169788	0.9999	1	10870	MHC_GRCh38#0#chr6:28410120-33580577	HPRC_r2
NA21093	1	NA21093#1#JBHIJC010000009.1		28380468	33627383	+	5246916	5170153	0.9999	1	9794	MHC_GRCh38#0#chr6:28410120-33580577	HPRC_r2
NA21093	2	NA21093#2#JBHIJD010000010.1		28371658	33502471	+	5130814	5169788	0.9999	1	10084	MHC_GRCh38#0#chr6:28410120-33580577	HPRC_r2
NA21102	1	NA21102#1#CM094427.1		28372690	33545460	+	5172771	5169604	0.9998	1	10149	MHC_GRCh38#0#chr6:28410120-33580577	HPRC_r2
NA21102	2	NA21102#2#CM094447.1		28385953	33511436	+	5125484	5169604	0.9998	1	9939	MHC_GRCh38#0#chr6:28410120-33580577	HPRC_r2
NA21106	1	NA21106#1#JBHIJA010000045.1		28388869	33551331	+	5162463	5169788	0.9999	1	10558	MHC_GRCh38#0#chr6:28410120-33580577	HPRC_r2
NA21106	2	NA21106#2#CM089587.1		28353662	33542210	+	5188549	5169788	0.9999	1	10478	MHC_GRCh38#0#chr6:28410120-33580577	HPRC_r2
NA21110	1	NA21110#1#CM089667.1		28379039	33461462	+	5082424	5169604	0.9998	1	9560	MHC_GRCh38#0#chr6:28410120-33580577	HPRC_r2
NA21110	2	NA21110#2#CM089683.1		28365916	33548287	+	5182372	5169788	0.9999	1	10691	MHC_GRCh38#0#chr6:28410120-33580577	HPRC_r2
NA21144	1	NA21144#1#JBIRDF010000052.1		22531832	27777573	+	5245742	5169604	0.9998	1	10039	MHC_GRCh38#0#chr6:28410120-33580577	HPRC_r2
NA21144	2	NA21144#2#JBIRDG010000005.1		14666330	19853787	+	5187458	5169788	0.9999	1	9691	MHC_GRCh38#0#chr6:28410120-33580577	HPRC_r2
NA21309	2	NA21309#2#CM092100.1		28345467	33471001	+	5125535	5169788	0.9999	1	10428	MHC_GRCh38#0#chr6:28410120-33580577	HPRC_r2
NA21309	1	NA21309#1#CM092109.1		28406600	33562487	+	5155888	5169788	0.9999	1	10887	MHC_GRCh38#0#chr6:28410120-33580577	HPRC_r2
chm13	0	CHM13#0#chr6		28282159	33401678	+	5119520	5169788	0.9999	1	10300	MHC_GRCh38#0#chr6:28410120-33580577	REF
hg002	2	HG002#2#chr6		28364349	33511960	+	5147612	5169604	0.9998	1	9986	MHC_GRCh38#0#chr6:28410120-33580577	HPRC_r2
hg002	1	HG002#1#chr6		28367269	33609101	+	5241833	5169788	0.9999	1	10004	MHC_GRCh38#0#chr6:28410120-33580577	HPRC_r2
NA18940.JaSaPaGe	1	NA18940#1#h1tg000082l		22521073	27655405	-	5134333	5169788	0.9999	1	10417	MHC_GRCh38#0#chr6:28410120-33580577	JaSaPaGe-Japanese
NA18940.JaSaPaGe	2	NA18940#2#h2tg000159l		514	4713306	+	4712793	4866872	0.9413	2	9461	MHC_GRCh38#0#chr6:28410120-33580577	JaSaPaGe-Japanese
NA18940.JaSaPaGe	2	NA18940#2#h2tg000080l		4881	298650	-	293770	293894	0.0568	2	643	MHC_GRCh38#0#chr6:28410120-33580577	JaSaPaGe-Japanese
NA18943.JaSaPaGe	1	NA18943#1#CM101660.1		28426731	33491938	+	5065208	5169788	0.9999	1	10326	MHC_GRCh38#0#chr6:28410120-33580577	JaSaPaGe-Japanese
NA18943.JaSaPaGe	2	NA18943#2#CM101689.1		28413016	33476747	+	5063732	5169604	0.9998	1	9917	MHC_GRCh38#0#chr6:28410120-33580577	JaSaPaGe-Japanese
NA18945.JaSaPaGe	1	NA18945#1#h1tg000007l		25526793	30826391	-	5299599	5170153	0.9999	1	9995	MHC_GRCh38#0#chr6:28410120-33580577	JaSaPaGe-Japanese
NA18945.JaSaPaGe	2	NA18945#2#h2tg000002l		28368005	33554919	+	5186915	5169788	0.9999	1	10385	MHC_GRCh38#0#chr6:28410120-33580577	JaSaPaGe-Japanese
NA18952.JaSaPaGe	1	NA18952#1#h1tg000063l		25586722	30891845	-	5305124	5169788	0.9999	1	9924	MHC_GRCh38#0#chr6:28410120-33580577	JaSaPaGe-Japanese
NA18952.JaSaPaGe	2	NA18952#2#JBHIJT010000011.1		27989065	33294169	+	5305105	5169788	0.9999	1	9965	MHC_GRCh38#0#chr6:28410120-33580577	JaSaPaGe-Japanese
NA18970.JaSaPaGe	1	NA18970#1#CM101469.1		28338191	33472849	+	5134659	5169788	0.9999	1	10092	MHC_GRCh38#0#chr6:28410120-33580577	JaSaPaGe-Japanese
NA18970.JaSaPaGe	2	NA18970#2#CM101481.1		28437781	33628491	+	5190711	5169788	0.9999	1	10157	MHC_GRCh38#0#chr6:28410120-33580577	JaSaPaGe-Japanese
NA18990	1	NA18990#1#h1tg000053l		1684255	6870690	+	5186436	5169788	0.9999	1	10335	MHC_GRCh38#0#chr6:28410120-33580577	JaSaPaGe-Japanese
NA18990	2	NA18990#2#h2tg000012l		28380706	33571283	+	5190578	5169788	0.9999	1	10300	MHC_GRCh38#0#chr6:28410120-33580577	JaSaPaGe-Japanese
NA19007	1	NA19007#1#h1tg000006l		27239246	32454334	-	5215089	5169604	0.9998	1	9184	MHC_GRCh38#0#chr6:28410120-33580577	JaSaPaGe-Japanese
NA19007	2	NA19007#2#h2tg000001l		28406882	33472999	+	5066118	5169788	0.9999	1	10403	MHC_GRCh38#0#chr6:28410120-33580577	JaSaPaGe-Japanese
NA19066	1	NA19066#1#h1tg000041l		28321019	33454057	+	5133039	5169604	0.9998	1	10288	MHC_GRCh38#0#chr6:28410120-33580577	JaSaPaGe-Japanese
NA19066	2	NA19066#2#h2tg000023l		28379592	33689338	+	5309747	5169788	0.9999	1	9689	MHC_GRCh38#0#chr6:28410120-33580577	JaSaPaGe-Japanese
NA19079	1	NA19079#1#h1tg000041l		25967753	30989063	-	5021311	5169788	0.9999	1	9790	MHC_GRCh38#0#chr6:28410120-33580577	JaSaPaGe-Japanese
NA19079	2	NA19079#2#h2tg000002l		1677209	6863053	+	5185845	5169788	0.9999	1	10284	MHC_GRCh38#0#chr6:28410120-33580577	JaSaPaGe-Japanese
NA19088	1	NA19088#1#h1tg000014l		26283350	31418977	-	5135628	5169604	0.9998	1	9519	MHC_GRCh38#0#chr6:28410120-33580577	JaSaPaGe-Japanese
NA19088	2	NA19088#2#h2tg000004l		139364569	144598705	-	5234137	5169788	0.9999	1	10442	MHC_GRCh38#0#chr6:28410120-33580577	JaSaPaGe-Japanese
ksa001	1	ksa001#1#P01_compress.k30.hapmer-0000008		28390148	33635536	+	5245389	5169788	0.9999	1	10383	MHC_GRCh38#0#chr6:28410120-33580577	JaSaPaGe-Saudi
ksa001	2	ksa001#2#P02_compress.k30.hapmer-0000137		138158892	143358025	-	5199134	5169788	0.9999	1	10266	MHC_GRCh38#0#chr6:28410120-33580577	JaSaPaGe-Saudi
ksa002	1	ksa002#1#h1tg000032l		22528800	27353974	-	4825175	4861675	0.9403	2	8872	MHC_GRCh38#0#chr6:28410120-33580577	JaSaPaGe-Saudi
ksa002	1	ksa002#1#h1tg000175l		109	301354	-	301246	301133	0.0582	2	643	MHC_GRCh38#0#chr6:28410120-33580577	JaSaPaGe-Saudi
ksa002	2	ksa002#2#h2tg000047l		28364582	33489388	+	5124807	5169788	0.9999	1	10628	MHC_GRCh38#0#chr6:28410120-33580577	JaSaPaGe-Saudi
ksa003	1	ksa003#1#h1tg000003l		26282372	31531568	-	5249197	5169788	0.9999	1	10567	MHC_GRCh38#0#chr6:28410120-33580577	JaSaPaGe-Saudi
ksa003	2	ksa003#2#h2tg000004l		28111634	33359120	-	5247487	5169788	0.9999	1	9459	MHC_GRCh38#0#chr6:28410120-33580577	JaSaPaGe-Saudi
ksa004	1	ksa004#1#h1tg000006l		2475	2699985	-	2697511	2701013	0.5224	5	6025	MHC_GRCh38#0#chr6:28410120-33580577	JaSaPaGe-Saudi
ksa004	1	ksa004#1#h1tg000606l		1559	2019480	-	2017922	2023408	0.3913	5	3786	MHC_GRCh38#0#chr6:28410120-33580577	JaSaPaGe-Saudi
ksa004	1	ksa004#1#h1tg000338l		4331	278892	-	274562	276387	0.0535	5	226	MHC_GRCh38#0#chr6:28410120-33580577	JaSaPaGe-Saudi
ksa004	1	ksa004#1#h1tg001731l		3903	82463	-	78561	77743	0.015	5	139	MHC_GRCh38#0#chr6:28410120-33580577	JaSaPaGe-Saudi
ksa004	1	ksa004#1#h1tg002036l		30311	77335	-	47025	47020	0.0091	5	72	MHC_GRCh38#0#chr6:28410120-33580577	JaSaPaGe-Saudi
ksa004	2	ksa004#2#h2tg000726l		671	1805991	-	1805321	1815688	0.3512	10	3610	MHC_GRCh38#0#chr6:28410120-33580577	JaSaPaGe-Saudi
ksa004	2	ksa004#2#h2tg000267l		728	1057414	-	1056687	1081288	0.2091	10	1596	MHC_GRCh38#0#chr6:28410120-33580577	JaSaPaGe-Saudi
ksa004	2	ksa004#2#h2tg000991l		396	865615	-	865220	867537	0.1678	10	1448	MHC_GRCh38#0#chr6:28410120-33580577	JaSaPaGe-Saudi
ksa004	2	ksa004#2#h2tg000174l		736	458462	-	457727	454387	0.0879	10	1048	MHC_GRCh38#0#chr6:28410120-33580577	JaSaPaGe-Saudi
ksa004	2	ksa004#2#h2tg000583l		42263	292225	-	249963	250122	0.0484	10	461	MHC_GRCh38#0#chr6:28410120-33580577	JaSaPaGe-Saudi
ksa004	2	ksa004#2#h2tg001158l		1262	165074	+	163813	163805	0.0317	10	384	MHC_GRCh38#0#chr6:28410120-33580577	JaSaPaGe-Saudi
ksa004	2	ksa004#2#h2tg001803l		1414	122823	-	121410	120981	0.0234	10	305	MHC_GRCh38#0#chr6:28410120-33580577	JaSaPaGe-Saudi
ksa004	2	ksa004#2#h2tg001683l		288	74325	+	74038	74085	0.0143	10	179	MHC_GRCh38#0#chr6:28410120-33580577	JaSaPaGe-Saudi
ksa004	2	ksa004#2#h2tg002266l		468	67664	-	67197	67210	0.013	10	155	MHC_GRCh38#0#chr6:28410120-33580577	JaSaPaGe-Saudi
ksa004	2	ksa004#2#h2tg001246l		491	65787	+	65297	65299	0.0126	10	150	MHC_GRCh38#0#chr6:28410120-33580577	JaSaPaGe-Saudi
ksa005	1	ksa005#1#h1tg000012l		28289164	33471875	+	5182712	5169788	0.9999	1	10897	MHC_GRCh38#0#chr6:28410120-33580577	JaSaPaGe-Saudi
ksa005	2	ksa005#2#h2tg000015l		28455196	33802696	+	5347501	5169788	0.9999	1	9598	MHC_GRCh38#0#chr6:28410120-33580577	JaSaPaGe-Saudi
ksa006	1	ksa006#1#h1tg000023l		24976893	30234320	-	5257428	5169788	0.9999	1	9846	MHC_GRCh38#0#chr6:28410120-33580577	JaSaPaGe-Saudi
ksa006	2	ksa006#2#h2tg000085l		1610	2499861	-	2498252	2505293	0.4845	5	5288	MHC_GRCh38#0#chr6:28410120-33580577	JaSaPaGe-Saudi
ksa006	2	ksa006#2#h2tg000156l		3140686	4857840	-	1717155	1667463	0.3225	5	2524	MHC_GRCh38#0#chr6:28410120-33580577	JaSaPaGe-Saudi
ksa006	2	ksa006#2#h2tg000427l		1367	681310	-	679944	680299	0.1316	5	831	MHC_GRCh38#0#chr6:28410120-33580577	JaSaPaGe-Saudi
ksa006	2	ksa006#2#h2tg000448l		152	161581	-	161430	161248	0.0312	5	401	MHC_GRCh38#0#chr6:28410120-33580577	JaSaPaGe-Saudi
ksa006	2	ksa006#2#h2tg000559l		496	141297	-	140802	140777	0.0272	5	323	MHC_GRCh38#0#chr6:28410120-33580577	JaSaPaGe-Saudi
ksa007	1	ksa007#1#h1tg000051l		6349428	11505741	-	5156314	5169604	0.9998	1	9694	MHC_GRCh38#0#chr6:28410120-33580577	JaSaPaGe-Saudi
ksa007	2	ksa007#2#h2tg000027l		3344535	8478308	+	5133774	5169788	0.9999	1	10172	MHC_GRCh38#0#chr6:28410120-33580577	JaSaPaGe-Saudi
ksa008	1	ksa008#1#h1tg000006l		28325815	33557944	+	5232130	5169788	0.9999	1	9980	MHC_GRCh38#0#chr6:28410120-33580577	JaSaPaGe-Saudi
ksa008	2	ksa008#2#h2tg000040l		26875251	31991332	-	5116082	5169788	0.9999	1	10041	MHC_GRCh38#0#chr6:28410120-33580577	JaSaPaGe-Saudi
ksa009	1	ksa009#1#h1tg000017l		201	2210210	-	2210010	2215053	0.4284	5	4522	MHC_GRCh38#0#chr6:28410120-33580577	JaSaPaGe-Saudi
ksa009	1	ksa009#1#h1tg000085l		13174598	14754728	-	1580131	1496839	0.2895	5	2364	MHC_GRCh38#0#chr6:28410120-33580577	JaSaPaGe-Saudi
ksa009	1	ksa009#1#h1tg000482l		84	905269	+	905186	917512	0.1775	5	1514	MHC_GRCh38#0#chr6:28410120-33580577	JaSaPaGe-Saudi
ksa009	1	ksa009#1#h1tg000831l		87	411352	-	411266	417684	0.0808	5	968	MHC_GRCh38#0#chr6:28410120-33580577	JaSaPaGe-Saudi
ksa009	1	ksa009#1#h1tg000892l		981	116137	+	115157	115141	0.0223	5	302	MHC_GRCh38#0#chr6:28410120-33580577	JaSaPaGe-Saudi
ksa009	2	ksa009#2#h2tg000180l		126	2719313	-	2719188	2752561	0.5324	2	4651	MHC_GRCh38#0#chr6:28410120-33580577	JaSaPaGe-Saudi
ksa009	2	ksa009#2#h2tg000317l		466	2348990	-	2348525	2403769	0.4649	2	4792	MHC_GRCh38#0#chr6:28410120-33580577	JaSaPaGe-Saudi
