name	cohort	sample	haplotype	region	strand	consensus
apr-m#1#HLA-DRB3	APR	apr-m	1	apr-m#1#h1tg000024l:27029616-32153356_rc:4059186-4076104	-	HLA-DRB3*03:01:01:01
apr-m#2#HLA-DRB3	APR	apr-m	2	apr-m#2#h2tg000013l:28339383-33475735:4078309-4095926	-	HLA-DRB3*02:02:01:new
apr-s#1#HLA-DRB3	APR	apr-s	1	apr-s#1#h1tg000017l:28345655-33481940:4078243-4095860	-	HLA-DRB3*02:02:01:new
apr001#2#HLA-DRB3	APR	apr001	2	apr001#2#h2tg000018l:28338056-33431257:4034452-4051582	-	HLA-DRB3*02:02:01:new
apr004#2#HLA-DRB3	APR	apr004	2	apr004#2#h2tg000008l:138190707-143268823_rc:4018720-4035848	-	HLA-DRB3*02:02:01:new
apr005#1#HLA-DRB3	APR	apr005	1	apr005#1#h1tg000024l:25685419-30792368_rc:4048093-4065221	-	HLA-DRB3*02:02:01:new
apr005#2#HLA-DRB3	APR	apr005	2	apr005#2#h2tg000025l:27505079-32631962_rc:4068027-4085155	-	HLA-DRB3*02:02:01:new
apr006#1#HLA-DRB3	APR	apr006	1	apr006#1#h1tg000006l:28429612-33564591:4075321-4092449	-	HLA-DRB3*02:02:01:new
apr008#2#HLA-DRB3	APR	apr008	2	apr008#2#h2tg000008l:28356191-33484508:4069121-4086249	-	HLA-DRB3*02:02:01:new
apr011#1#HLA-DRB3	APR	apr011	1	apr011#1#h1tg000019l:138093078-143261017_rc:4109902-4127519	-	HLA-DRB3*02:02:01:new
apr011#2#HLA-DRB3	APR	apr011	2	apr011#2#h2tg000011l:137856776-142978436_rc:4062550-4079680	-	HLA-DRB3*02:02:01:new
apr012#1#HLA-DRB3	APR	apr012	1	apr012#1#h1tg000008l:28396959-33512282:4055601-4072727	-	HLA-DRB3*02:02:01:new
apr012#2#HLA-DRB3	APR	apr012	2	apr012#2#h2tg000016l:138252661-143421402_rc:4109149-4126275	-	HLA-DRB3*02:02:01:new
apr014#1#HLA-DRB3	APR	apr014	1	apr014#1#h1tg000020l:28366313-33554706:4129047-4146175	-	HLA-DRB3*02:02:01:new
apr014#2#HLA-DRB3	APR	apr014	2	apr014#2#h2tg000006l:26691275-31885063_rc:4134729-4151635	-	HLA-DRB3*01:62:01:01
apr015#1#HLA-DRB3	APR	apr015	1	apr015#1#h1tg000012l:28398223-33522774:4065529-4082655	-	HLA-DRB3*02:02:01:new
apr015#2#HLA-DRB3	APR	apr015	2	apr015#2#h2tg000018l:138433262-143524291_rc:4032311-4049437	-	HLA-DRB3*02:02:01:new
apr016#2#HLA-DRB3	APR	apr016	2	apr016#2#h2tg000005l:138332729-143447191_rc:4056970-4073878	-	HLA-DRB3*02:02:01:new
apr020#2#HLA-DRB3	APR	apr020	2	apr020#2#h2tg000007l:137677150-142774159_rc:4035927-4053514	-	HLA-DRB3*02:02:01:01
apr021#1#HLA-DRB3	APR	apr021	1	apr021#1#h1tg000013l:137920389-143048373_rc:4069150-4086058	-	HLA-DRB3*02:02:01:new
apr021#2#HLA-DRB3	APR	apr021	2	apr021#2#h2tg000011l:138901647-144060314_rc:4099058-4116182	-	HLA-DRB3*02:02:01:new
apr022#2#HLA-DRB3	APR	apr022	2	apr022#2#h2tg000013l:138031891-143184813_rc:4093469-4110597	-	HLA-DRB3*02:02:01:new
apr029#2#HLA-DRB3	APR	apr029	2	apr029#2#h2tg000012l:28417575-33541972:4065316-4082444	-	HLA-DRB3*02:02:01:new
apr030#1#HLA-DRB3	APR	apr030	1	apr030#1#h1tg000001l:28446903-33506362:3991908-4009523	-	HLA-DRB3*02:02:01:new
apr033#1#HLA-DRB3	APR	apr033	1	apr033#1#h1tg000008l:27149396-32366749_rc:4152134-4169040	-	HLA-DRB3*01:01:02:new
apr034#2#HLA-DRB3	APR	apr034	2	apr034#2#h2tg000008l:28434563-33559669:4069127-4086744	-	HLA-DRB3*02:02:01:new
apr035#1#HLA-DRB3	APR	apr035	1	apr035#1#h1tg000018l:27655502-32798707_rc:4078056-4095667	-	HLA-DRB3*02:02:01:new
apr035#2#HLA-DRB3	APR	apr035	2	apr035#2#h2tg000011l:27516869-32663681_rc:4083914-4100810	-	HLA-DRB3*02:02:01:new
apr036#1#HLA-DRB3	APR	apr036	1	apr036#1#h1tg000026l:25218090-30345004_rc:4065741-4082602	-	HLA-DRB3*02:02:01:new
apr036#2#HLA-DRB3	APR	apr036	2	apr036#2#h2tg000017l:1678659-6817558:4074955-4091855	-	HLA-DRB3*02:02:01:new
apr038#2#HLA-DRB3	APR	apr038	2	apr038#2#h2tg000022l:127876238-133012041_rc:4072265-4089173	-	HLA-DRB3*02:02:01:new
apr041#1#HLA-DRB3	APR	apr041	1	apr041#1#h1tg000024l:23526305-28655372_rc:4064666-4081573	-	HLA-DRB3*02:02:01:new
apr042#1#HLA-DRB3	APR	apr042	1	apr042#1#h1tg000024l:28343014-33430082:4027958-4044864	-	HLA-DRB3*01:01:02:new
apr042#2#HLA-DRB3	APR	apr042	2	apr042#2#h2tg000022l:28456692-33606982:4089000-4105904	-	HLA-DRB3*01:01:02:03
apr043#1#HLA-DRB3	APR	apr043	1	apr043#1#h1tg000012l:139593152-144731880_rc:4077278-4094182	-	HLA-DRB3*01:01:02:03
apr044#2#HLA-DRB3	APR	apr044	2	apr044#2#h2tg000019l:138732995-143879453_rc:4087077-4104694	-	HLA-DRB3*02:02:01:new
apr045#1#HLA-DRB3	APR	apr045	1	apr045#1#h1tg000014l:28436066-33585265:4085353-4102257	-	HLA-DRB3*01:01:02:03
apr046#1#HLA-DRB3	APR	apr046	1	apr046#1#h1tg000020l:28428626-33509292:4016857-4033652	-	HLA-DRB3*02:02:01:10
apr046#2#HLA-DRB3	APR	apr046	2	apr046#2#h2tg000002l:138874465-144007848_rc:4067460-4084377	-	HLA-DRB3*03:01:01:02
apr050#2#HLA-DRB3	APR	apr050	2	apr050#2#h2tg000017l:28548291-33713388:4103534-4121129	-	HLA-DRB3*02:02:01:new
apr051#2#HLA-DRB3	APR	apr051	2	apr051#2#h2tg000005l:138189744-143327910_rc:4069667-4086584	-	HLA-DRB3*03:01:01:new
HIFI032007D#1#HLA-DRB3	CPC-Chinese	HIFI032007D	1	HIFI032007D#1#h1tg000073l_0_0:608286-5760441_rc:4090451-4107362	-	HLA-DRB3*03:01:03:01
HIFI032007D#2#HLA-DRB3	CPC-Chinese	HIFI032007D	2	HIFI032007D#2#h2tg000455l_0_0:608118-2144059_rc:474666-491577	-	HLA-DRB3*03:01:03:02
HIFI032018D#1#HLA-DRB3	CPC-Chinese	HIFI032018D	1	HIFI032018D#1#h1tg000037l_0_0:304267-5382862:4017749-4034660	-	HLA-DRB3*03:01:03:02
HIFI032069D#1#HLA-DRB3	CPC-Chinese	HIFI032069D	1	HIFI032069D#1#h1tg000026l_0_0:610788-5743677_rc:4072132-4089043	-	HLA-DRB3*03:01:03:02
HIFI032097D#1#HLA-DRB3	CPC-Chinese	HIFI032097D	1	HIFI032097D#1#h1tg000023l_0_0:611330-5798061_rc:4120711-4137628	-	HLA-DRB3*03:01:01:02
HIFI032161D#1#HLA-DRB3	CPC-Chinese	HIFI032161D	1	HIFI032161D#1#h1tg000029l_0_0:607863-5752234_rc:4081894-4098805	-	HLA-DRB3*03:65:00:new
HIFI032161D#2#HLA-DRB3	CPC-Chinese	HIFI032161D	2	HIFI032161D#2#h2tg000024l_0_0:611651-5758120_rc:4078601-4095512	-	HLA-DRB3*03:01:03:01
HIFI032164D#2#HLA-DRB3	CPC-Chinese	HIFI032164D	2	HIFI032164D#2#h2tg000212l_0_0:274-1444462:385308-402931	-	HLA-DRB3*02:02:01:new
HIFI032167D#1#HLA-DRB3	CPC-Chinese	HIFI032167D	1	HIFI032167D#1#h1tg000006l_0_0:609993-5773840_rc:4102259-4119170	-	HLA-DRB3*03:01:03:01
HIFI032167D#2#HLA-DRB3	CPC-Chinese	HIFI032167D	2	HIFI032167D#2#h2tg000442l_0_0:609992-1853384_rc:181803-198714	-	HLA-DRB3*03:01:03:01
HIFI032292D#1#HLA-DRB3	CPC-Chinese	HIFI032292D	1	HIFI032292D#1#h1tg000202l_0_0:610779-5026306_rc:3353443-3370354	-	HLA-DRB3*03:65:00:new
HIFI032292D#2#HLA-DRB3	CPC-Chinese	HIFI032292D	2	HIFI032292D#2#h2tg000202l_0_0:301746-5442974:4079334-4096245	-	HLA-DRB3*03:65:00:new
HIFI032302D#2#HLA-DRB3	CPC-Chinese	HIFI032302D	2	HIFI032302D#2#h2tg000125l_0_0:607201-5502153_rc:3835931-3853059	-	HLA-DRB3*02:02:01:new
HIFI032335D#2#HLA-DRB3	CPC-Chinese	HIFI032335D	2	HIFI032335D#2#h2tg000219l_0_0:2273-2943040:2170569-2187369	-	HLA-DRB3*01:01:02:new
HIFI032349D#2#HLA-DRB3	CPC-Chinese	HIFI032349D	2	HIFI032349D#2#h2tg000060l_0_0:608410-5739806_rc:4074196-4091026	-	HLA-DRB3*02:02:01:new
HIFI032373D#1#HLA-DRB3	CPC-Chinese	HIFI032373D	1	HIFI032373D#1#h1tg000049l_0_0:608867-5740038_rc:4063489-4080394	-	HLA-DRB3*02:02:01:new
HIFI032422D#1#HLA-DRB3	CPC-Chinese	HIFI032422D	1	HIFI032422D#1#h1tg000015l_0_0:303813-5358931:3993116-4009916	-	HLA-DRB3*01:01:02:new
HIFI032422D#2#HLA-DRB3	CPC-Chinese	HIFI032422D	2	HIFI032422D#2#h2tg000138l_0_0:303022-5459818:4099118-4116024	-	HLA-DRB3*01:01:02:new
HIFI032429D#2#HLA-DRB3	CPC-Chinese	HIFI032429D	2	HIFI032429D#2#h2tg000236l_0_0:366-3775085:2711749-2728660	-	HLA-DRB3*03:01:03:02
HIFI032440D#1#HLA-DRB3	CPC-Chinese	HIFI032440D	1	HIFI032440D#1#h1tg000035l_0_0:610298-5756202_rc:4078965-4095876	-	HLA-DRB3*03:01:03:01
HIFI032450D#1#HLA-DRB3	CPC-Chinese	HIFI032450D	1	HIFI032450D#1#h1tg000008l_0_0:301757-5443675:4080301-4097207	-	HLA-DRB3*01:01:02:new
HIFI032453D#1#HLA-DRB3	CPC-Chinese	HIFI032453D	1	HIFI032453D#1#h1tg000016l_0_0:608084-5737533_rc:4070077-4087205	-	HLA-DRB3*02:02:01:new
HIFI032453D#2#HLA-DRB3	CPC-Chinese	HIFI032453D	2	HIFI032453D#2#h2tg000022l_0_0:611013-5690080_rc:4015994-4032898	-	HLA-DRB3*02:02:01:new
HIFI032454D#1#HLA-DRB3	CPC-Chinese	HIFI032454D	1	HIFI032454D#1#h1tg000050l_0_0:610949-5688146_rc:4016498-4033409	-	HLA-DRB3*03:01:03:02
HIFI032454D#2#HLA-DRB3	CPC-Chinese	HIFI032454D	2	HIFI032454D#2#h2tg000014l_0_0:303195-5343983:3981389-3998517	-	HLA-DRB3*02:02:01:new
HIFI032462D#2#HLA-DRB3	CPC-Chinese	HIFI032462D	2	HIFI032462D#2#h2tg000118l_0_0:610290-2116716_rc:438805-455708	-	HLA-DRB3*02:02:01:new
HIFI032487D#1#HLA-DRB3	CPC-Chinese	HIFI032487D	1	HIFI032487D#1#h1tg000160l_0_0:610978-5805510_rc:4135513-4152641	-	HLA-DRB3*02:02:01:new
HIFI032501D#2#HLA-DRB3	CPC-Chinese	HIFI032501D	2	HIFI032501D#2#h2tg000105l_0_0:441-3022934:1960962-1977762	-	HLA-DRB3*01:01:02:new
HIFI032510D#2#HLA-DRB3	CPC-Chinese	HIFI032510D	2	HIFI032510D#2#h2tg000003l_0_0:608800-5732063_rc:4061376-4078280	-	HLA-DRB3*02:02:01:new
HIFI032566D#1#HLA-DRB3	CPC-Chinese	HIFI032566D	1	HIFI032566D#1#h1tg000029l_0_0:611087-5707519_rc:4037439-4054567	-	HLA-DRB3*02:02:01:new
HIFI032566D#2#HLA-DRB3	CPC-Chinese	HIFI032566D	2	HIFI032566D#2#h2tg000123l_0_0:610347-5693123_rc:4022188-4039094	-	HLA-DRB3*01:01:02:new
HIFI032567D#1#HLA-DRB3	CPC-Chinese	HIFI032567D	1	HIFI032567D#1#h1tg000065l_0_0:610944-3834657_rc:2164648-2181480	-	HLA-DRB3*02:02:01:new
HIFI032585D#1#HLA-DRB3	CPC-Chinese	HIFI032585D	1	HIFI032585D#1#h1tg000015l_0_0:608714-5788197_rc:4118260-4135166	-	HLA-DRB3*01:01:02:new
HIFI032604D#2#HLA-DRB3	CPC-Chinese	HIFI032604D	2	HIFI032604D#2#h2tg000003l_0_0:608544-5741103_rc:4069974-4086868	-	HLA-DRB3*03:new
HIFI032607D#2#HLA-DRB3	CPC-Chinese	HIFI032607D	2	HIFI032607D#2#h2tg000007l_0_0:611122-5743055_rc:4068501-4085407	-	HLA-DRB3*01:01:02:new
HIFI032662D#1#HLA-DRB3	CPC-Chinese	HIFI032662D	1	HIFI032662D#1#h1tg000154l_0_0:610481-5807545_rc:4133960-4151569	-	HLA-DRB3*02:02:01:new
HIFI032682D#1#HLA-DRB3	CPC-Chinese	HIFI032682D	1	HIFI032682D#1#h1tg000013l_0_0:608436-5749936_rc:4078304-4095215	-	HLA-DRB3*03:01:03:new
HIFI032682D#2#HLA-DRB3	CPC-Chinese	HIFI032682D	2	HIFI032682D#2#h2tg000065l_0_0:608744-5741883_rc:4066974-4083891	-	HLA-DRB3*03:01:01:03
HIFI032685D#1#HLA-DRB3	CPC-Chinese	HIFI032685D	1	HIFI032685D#1#h1tg000048l_0_0:302205-5467452:4103178-4120791	-	HLA-DRB3*02:02:01:02
HIFI032692D#1#HLA-DRB3	CPC-Chinese	HIFI032692D	1	HIFI032692D#1#h1tg000123l_0_0:303312-5470118:4104823-4121622	-	HLA-DRB3*02:02:01:new
HIFI032693D#1#HLA-DRB3	CPC-Chinese	HIFI032693D	1	HIFI032693D#1#h1tg000062l_0_0:608433-5733453_rc:4062636-4080249	-	HLA-DRB3*02:02:01:02
HIFI032693D#2#HLA-DRB3	CPC-Chinese	HIFI032693D	2	HIFI032693D#2#h2tg000033l_0_0:607815-5813555_rc:4144193-4161104	-	HLA-DRB3*03:01:03:02
HIFI032698D#1#HLA-DRB3	CPC-Chinese	HIFI032698D	1	HIFI032698D#1#h1tg000101l_0_0:610392-3981084_rc:2307908-2324708	-	HLA-DRB3*01:01:02:new
HIFI032698D#2#HLA-DRB3	CPC-Chinese	HIFI032698D	2	HIFI032698D#2#h2tg000030l_0_0:608806-5742659_rc:4067441-4084346	-	HLA-DRB3*02:02:01:new
HIFI032711D#1#HLA-DRB3	CPC-Chinese	HIFI032711D	1	HIFI032711D#1#h1tg000033l_0_0:609337-5753811_rc:4080728-4097525	-	HLA-DRB3*02:02:01:new
HIFI032711D#2#HLA-DRB3	CPC-Chinese	HIFI032711D	2	HIFI032711D#2#h2tg000080l_0_0:611264-5763252_rc:4090676-4107587	-	HLA-DRB3*03:01:03:01
HIFI032731D#2#HLA-DRB3	CPC-Chinese	HIFI032731D	2	HIFI032731D#2#h2tg000012l_0_0:303976-5468014:4102003-4118914	-	HLA-DRB3*03:01:03:01
RY01#1#HLA-DRB3	CPC-Chinese	RY01	1	RY01#1#h1tg000072l_0_0:608808-2720770_rc:1050713-1067624	-	HLA-DRB3*03:01:03:02
RY03#2#HLA-DRB3	CPC-Chinese	RY03	2	RY03#2#h2tg000088l_0_0:608725-5740832_rc:4066282-4083137	-	HLA-DRB3*02:02:01:new
RY04#1#HLA-DRB3	CPC-Chinese	RY04	1	RY04#1#h1tg000045l_0_0:610227-5760897_rc:4091792-4109401	-	HLA-DRB3*02:02:01:new
RY04#2#HLA-DRB3	CPC-Chinese	RY04	2	RY04#2#h2tg000053l_0_0:304268-5412344:4044203-4061816	-	HLA-DRB3*02:02:01:02
RY05#1#HLA-DRB3	CPC-Chinese	RY05	1	RY05#1#h1tg000047l_0_0:611110-5457129_rc:3788389-3805996	-	HLA-DRB3*02:02:01:new
RY06#1#HLA-DRB3	CPC-Chinese	RY06	1	RY06#1#h1tg000061l_0_0:607878-5429553_rc:3764062-3780962	-	HLA-DRB3*02:02:01:new
HG00408#1#HLA-DRB3	HPRC-EastAsian	HG00408	1	HG00408#1#CM085956.1:28367209-33537812:4103378-4120283	-	HLA-DRB3*02:02:01:new
HG00438#1#HLA-DRB3	HPRC-EastAsian	HG00438	1	HG00438#1#CM089172.1:28419975-33475943:3989676-4006530	-	HLA-DRB3*02:02:01:new
HG00597#1#HLA-DRB3	HPRC-EastAsian	HG00597	1	HG00597#1#JBHDUU010000003.1:28248152-33413616:4103233-4120846	-	HLA-DRB3*02:02:01:02
HG00597#2#HLA-DRB3	HPRC-EastAsian	HG00597	2	HG00597#2#CM085784.1:28381176-33466863:4027383-4044996	-	HLA-DRB3*02:02:01:02
HG00621#2#HLA-DRB3	HPRC-EastAsian	HG00621	2	HG00621#2#CM087865.1:28365619-33503852:4079988-4097597	-	HLA-DRB3*02:02:01:new
HG00658#2#HLA-DRB3	HPRC-EastAsian	HG00658	2	HG00658#2#CM088798.1:28345511-33527662:4117625-4134527	-	HLA-DRB3*02:02:01:new
HG00673#1#HLA-DRB3	HPRC-EastAsian	HG00673	1	HG00673#1#CM089145.1:28380395-33412996:3975331-3992140	-	HLA-DRB3*02:02:01:new
HG02027#1#HLA-DRB3	HPRC-EastAsian	HG02027	1	HG02027#1#JBHDTX010000002.1:1623368-6786940:4101962-4118873	-	HLA-DRB3*03:01:03:01
HG02027#2#HLA-DRB3	HPRC-EastAsian	HG02027	2	HG02027#2#JBHDTY010000008.1:1623003-6755193:4070912-4087816	-	HLA-DRB3*02:02:01:new
HG02056#1#HLA-DRB3	HPRC-EastAsian	HG02056	1	HG02056#1#JBHDVC010000047.1:28415946-33618338:4139907-4157520	-	HLA-DRB3*02:02:01:02
HG02056#2#HLA-DRB3	HPRC-EastAsian	HG02056	2	HG02056#2#JBHDVD010000050.1:28353386-33462193:4046864-4064477	-	HLA-DRB3*02:02:01:02
HG02071#1#HLA-DRB3	HPRC-EastAsian	HG02071	1	HG02071#1#CM088260.1:28423541-33557862:4072636-4089547	-	HLA-DRB3*03:01:03:02
HG02071#2#HLA-DRB3	HPRC-EastAsian	HG02071	2	HG02071#2#CM088283.1:28360932-33442152:4018468-4035379	-	HLA-DRB3*03:01:03:02
HG02074#1#HLA-DRB3	HPRC-EastAsian	HG02074	1	HG02074#1#JBHIGK010000076.1:28344776-33475569:4064025-4080930	-	HLA-DRB3*02:02:01:new
HG02080#1#HLA-DRB3	HPRC-EastAsian	HG02080	1	HG02080#1#CM092061.1:28425542-33593192:4109130-4126258	-	HLA-DRB3*02:02:01:new
HG02083#1#HLA-DRB3	HPRC-EastAsian	HG02083	1	HG02083#1#JBHDTV010000048.1:28371858-33537852:4104184-4121095	-	HLA-DRB3*03:01:03:02
HG02129#1#HLA-DRB3	HPRC-EastAsian	HG02129	1	HG02129#1#CM085849.1:28352001-33545967:4129072-4145989	-	HLA-DRB3*03:01:01:03
HG02165#1#HLA-DRB3	HPRC-EastAsian	HG02165	1	HG02165#1#CM087444.1:28424290-33561901:4070229-4087131	-	HLA-DRB3*02:02:01:new
HG02165#2#HLA-DRB3	HPRC-EastAsian	HG02165	2	HG02165#2#JBHDWX010000045.1:28431174-33561779:4063861-4080766	-	HLA-DRB3*02:02:01:new
HG02514#2#HLA-DRB3	HPRC-EastAsian	HG02514	2	HG02514#2#CM098748.1:28370171-33533737:4102036-4118947	-	HLA-DRB3*03:01:03:01
NA18565#2#HLA-DRB3	HPRC-EastAsian	NA18565	2	NA18565#2#CM094342.1:28359389-33490962:4070469-4087380	-	HLA-DRB3*03:01:03:02
NA18570#1#HLA-DRB3	HPRC-EastAsian	NA18570	1	NA18570#1#CM087659.1:28377747-33503647:4067717-4085328	-	HLA-DRB3*02:02:01:new
NA18608#1#HLA-DRB3	HPRC-EastAsian	NA18608	1	NA18608#1#JBHIJW010000005.1:28379380-33466928:4023768-4040625	-	HLA-DRB3*02:02:01:new
NA18608#2#HLA-DRB3	HPRC-EastAsian	NA18608	2	NA18608#2#JBHIJX010000014.1:28375523-33585552:4144498-4161355	-	HLA-DRB3*02:02:01:new
NA18620#1#HLA-DRB3	HPRC-EastAsian	NA18620	1	NA18620#1#JBHIJU010000014.1:28371273-33496778:4064652-4081563	-	HLA-DRB3*03:01:03:02
NA18620#2#HLA-DRB3	HPRC-EastAsian	NA18620	2	NA18620#2#JBHIJV010000064.1:28361084-33404871:3986791-4003697	-	HLA-DRB3*01:01:02:new
NA18747#1#HLA-DRB3	HPRC-EastAsian	NA18747	1	NA18747#1#CM087202.1:28424227-33559019:4070279-4087144	-	HLA-DRB3*02:02:01:new
NA18944#1#HLA-DRB3	HPRC-Japanese	NA18944	1	NA18944#1#CM101645.1:28385561-33526630:4078216-4095122	-	HLA-DRB3*01:01:02:new
NA18945#1#HLA-DRB3	HPRC-Japanese	NA18945	1	NA18945#1#CM101613.1:28368965-33555846:4120643-4137560	-	HLA-DRB3*03:01:01:02
NA18952#1#HLA-DRB3	HPRC-Japanese	NA18952	1	NA18952#1#JBHIJS010000065.1:28372748-33544581:4106708-4123563	-	HLA-DRB3*02:02:01:new
NA18967#1#HLA-DRB3	HPRC-Japanese	NA18967	1	NA18967#1#CM101498.1:28415274-33499907:4019847-4036654	-	HLA-DRB3*02:02:01:new
NA18970#1#HLA-DRB3	HPRC-Japanese	NA18970	1	NA18970#1#CM101469.1:28338191-33472849:4070227-4087030	-	HLA-DRB3*02:02:01:new
NA18971#2#HLA-DRB3	HPRC-Japanese	NA18971	2	NA18971#2#CM087282.1:28370956-33557710:4122771-4139578	-	HLA-DRB3*02:02:01:new
NA18976#1#HLA-DRB3	HPRC-Japanese	NA18976	1	NA18976#1#CM089753.1:28424712-33611473:4120666-4137583	-	HLA-DRB3*03:01:01:02
NA18976#2#HLA-DRB3	HPRC-Japanese	NA18976	2	NA18976#2#CM089763.1:28447335-33634097:4120663-4137580	-	HLA-DRB3*03:01:01:02
NA18983#1#HLA-DRB3	HPRC-Japanese	NA18983	1	NA18983#1#CM087420.1:28378465-33528221:4090777-4108388	-	HLA-DRB3*02:02:01:new
NA19087#2#HLA-DRB3	HPRC-Japanese	NA19087	2	NA19087#2#JBHDXQ010000012.1:23681967-28867579:4120667-4137584	-	HLA-DRB3*03:01:01:02
HG00097#2#HLA-DRB3	HPRC-Rest	HG00097	2	HG00097#2#JBIRDE010000007.1:28438526-33548333:4048264-4065168	-	HLA-DRB3*01:01:02:03
HG00099#1#HLA-DRB3	HPRC-Rest	HG00099	1	HG00099#1#JBHDWO010000057.1:28378111-33500321:4063837-4080743	-	HLA-DRB3*02:02:01:new
HG00099#2#HLA-DRB3	HPRC-Rest	HG00099	2	HG00099#2#CM087361.1:28397166-33493833:4036685-4053589	-	HLA-DRB3*01:01:02:01
HG00126#1#HLA-DRB3	HPRC-Rest	HG00126	1	HG00126#1#CM090112.1:28356760-33437962:4017409-4034202	-	HLA-DRB3*02:02:01:new
HG00128#2#HLA-DRB3	HPRC-Rest	HG00128	2	HG00128#2#CM090096.1:28379634-33499179:4059513-4076305	-	HLA-DRB3*02:02:01:new
HG00133#1#HLA-DRB3	HPRC-Rest	HG00133	1	HG00133#1#CM090050.1:28455191-33589633:4068913-4085831	-	HLA-DRB3*03:01:01:new
HG00140#2#HLA-DRB3	HPRC-Rest	HG00140	2	HG00140#2#CM087137.1:28381998-33511941:4068206-4085110	-	HLA-DRB3*01:01:02:01
HG00146#1#HLA-DRB3	HPRC-Rest	HG00146	1	HG00146#1#CM090015.1:28391294-33489055:4036695-4053599	-	HLA-DRB3*01:01:02:01
HG00232#2#HLA-DRB3	HPRC-Rest	HG00232	2	HG00232#2#JBHIKN010000040.1:28366410-33541603:4111269-4128174	-	HLA-DRB3*02:02:01:new
HG00253#1#HLA-DRB3	HPRC-Rest	HG00253	1	HG00253#1#CM094460.1:28362997-33511495:4088017-4104921	-	HLA-DRB3*01:01:02:03
HG00272#1#HLA-DRB3	HPRC-Rest	HG00272	1	HG00272#1#CM094189.1:28268096-33422158:4090042-4106948	-	HLA-DRB3*01:01:02:new
HG00272#2#HLA-DRB3	HPRC-Rest	HG00272	2	HG00272#2#CM094216.1:28400431-33497055:4036653-4053557	-	HLA-DRB3*01:01:02:01
HG00280#1#HLA-DRB3	HPRC-Rest	HG00280	1	HG00280#1#CM087149.1:28404965-33542525:4076091-4092885	-	HLA-DRB3*02:02:01:09
HG00280#2#HLA-DRB3	HPRC-Rest	HG00280	2	HG00280#2#CM087160.1:28390542-33496389:4045899-4062803	-	HLA-DRB3*01:01:02:01
HG00323#1#HLA-DRB3	HPRC-Rest	HG00323	1	HG00323#1#CM087306.1:28385818-33469846:4018033-4034951	-	HLA-DRB3*03:01:01:01
HG00329#1#HLA-DRB3	HPRC-Rest	HG00329	1	HG00329#1#CM094227.1:28398918-33572031:4108234-4125847	-	HLA-DRB3*02:02:01:02
HG00642#1#HLA-DRB3	HPRC-Rest	HG00642	1	HG00642#1#JBHDST010000009.1:28352295-33459982:4046101-4063688	-	HLA-DRB3*02:02:01:01
HG00642#2#HLA-DRB3	HPRC-Rest	HG00642	2	HG00642#2#CM086622.1:28408489-33506502:4032641-4049537	-	HLA-DRB3*02:02:01:new
HG00733#1#HLA-DRB3	HPRC-Rest	HG00733	1	HG00733#1#JAHEPQ020000004.1:28448883-33531506:4024125-4041742	-	HLA-DRB3*02:02:01:new
HG00733#2#HLA-DRB3	HPRC-Rest	HG00733	2	HG00733#2#JAHEPP020000013.1:28389728-33496160:4046082-4063669	-	HLA-DRB3*02:02:01:01
HG00738#1#HLA-DRB3	HPRC-Rest	HG00738	1	HG00738#1#CM086647.1:28420303-33517291:4036719-4053623	-	HLA-DRB3*01:01:02:01
HG00738#2#HLA-DRB3	HPRC-Rest	HG00738	2	HG00738#2#CM086684.1:28399019-33553590:4091168-4108074	-	HLA-DRB3*01:01:02:new
HG00741#1#HLA-DRB3	HPRC-Rest	HG00741	1	HG00741#1#CM087899.1:28395234-33528259:4074152-4091767	-	HLA-DRB3*02:02:01:new
HG00741#2#HLA-DRB3	HPRC-Rest	HG00741	2	HG00741#2#CM087911.1:28428150-33619756:4130031-4146949	-	HLA-DRB3*03:01:01:new
HG01071#2#HLA-DRB3	HPRC-Rest	HG01071	2	HG01071#2#JAHBCE020000004.1:28353469-33512869:4100266-4117388	-	HLA-DRB3*02:02:01:new
HG01081#1#HLA-DRB3	HPRC-Rest	HG01081	1	HG01081#1#CM088567.1:28461361-33570671:4051413-4069030	-	HLA-DRB3*02:02:01:new
HG01081#2#HLA-DRB3	HPRC-Rest	HG01081	2	HG01081#2#CM088583.1:28313947-33411923:4032616-4049512	-	HLA-DRB3*02:02:01:new
HG01106#1#HLA-DRB3	HPRC-Rest	HG01106	1	HG01106#1#CM087952.1:28365981-33527455:4100812-4118399	-	HLA-DRB3*02:02:01:01
HG01106#2#HLA-DRB3	HPRC-Rest	HG01106	2	HG01106#2#CM087965.1:28447447-33606093:4097774-4114579	-	HLA-DRB3*02:02:01:12
HG01123#2#HLA-DRB3	HPRC-Rest	HG01123	2	HG01123#2#CM089098.1:28415807-33563460:4083287-4100193	-	HLA-DRB3*01:01:02:new
HG01150#2#HLA-DRB3	HPRC-Rest	HG01150	2	HG01150#2#CM088614.1:28600391-33807062:4143887-4160789	-	HLA-DRB3*01:01:02:new
HG01192#2#HLA-DRB3	HPRC-Rest	HG01192	2	HG01192#2#JBHDVJ010000035.1:28425182-33556403:4071705-4089292	-	HLA-DRB3*02:02:01:01
HG01243#1#HLA-DRB3	HPRC-Rest	HG01243	1	HG01243#1#JAHEOY020000051.1:28395858-33529902:4067438-4084355	-	HLA-DRB3*03:01:01:03
HG01243#2#HLA-DRB3	HPRC-Rest	HG01243	2	HG01243#2#JAHEOX020000061.1:28429017-33652180:4159544-4176450	-	HLA-DRB3*01:01:02:new
HG01255#1#HLA-DRB3	HPRC-Rest	HG01255	1	HG01255#1#CM086707.1:28387912-33538917:4086800-4103706	-	HLA-DRB3*01:01:02:new
HG01258#1#HLA-DRB3	HPRC-Rest	HG01258	1	HG01258#1#CM088113.1:28436863-33569447:4068186-4085797	-	HLA-DRB3*02:02:01:new
HG01346#1#HLA-DRB3	HPRC-Rest	HG01346	1	HG01346#1#CM086588.1:28433990-33540363:4043842-4060744	-	HLA-DRB3*01:01:02:new
HG01346#2#HLA-DRB3	HPRC-Rest	HG01346	2	HG01346#2#JBHDSS010000002.1:28289708-33434702:4079048-4095966	-	HLA-DRB3*03:01:01:01
HG01358#2#HLA-DRB3	HPRC-Rest	HG01358	2	HG01358#2#CM089068.1:28448274-33504819:3989688-4006605	-	HLA-DRB3*03:01:01:02
HG01361#1#HLA-DRB3	HPRC-Rest	HG01361	1	HG01361#1#CM089024.1:28417386-33535858:4057851-4074654	-	HLA-DRB3*02:02:01:new
HG01786#1#HLA-DRB3	HPRC-Rest	HG01786	1	HG01786#1#CM089504.1:28430581-33555976:4067735-4085350	-	HLA-DRB3*02:02:01:new
HG01786#2#HLA-DRB3	HPRC-Rest	HG01786	2	HG01786#2#JBHIIX010000001.1:28291277-33427374:4071221-4088138	-	HLA-DRB3*03:01:01:02
HG01884#1#HLA-DRB3	HPRC-Rest	HG01884	1	HG01884#1#JBHDSB010000050.1:28364997-33565662:4137215-4154020	-	HLA-DRB3*02:02:01:12
HG01884#2#HLA-DRB3	HPRC-Rest	HG01884	2	HG01884#2#CM086422.1:28486017-33727367:4176145-4193063	-	HLA-DRB3*03:01:01:01
HG01940#1#HLA-DRB3	HPRC-Rest	HG01940	1	HG01940#1#CM088633.1:28416533-33550847:4072076-4088978	-	HLA-DRB3*01:01:02:new
HG01940#2#HLA-DRB3	HPRC-Rest	HG01940	2	HG01940#2#JBHIHL010000009.1:28391811-33519262:4064236-4081142	-	HLA-DRB3*01:01:02:new
HG01952#1#HLA-DRB3	HPRC-Rest	HG01952	1	HG01952#1#JAHAME020000003.1:28509779-33725990:4152152-4169054	-	HLA-DRB3*01:01:02:new
HG01960#2#HLA-DRB3	HPRC-Rest	HG01960	2	HG01960#2#JBHIHN010000011.1:28515170-33644789:4064424-4081342	-	HLA-DRB3*03:01:01:01
HG02055#2#HLA-DRB3	HPRC-Rest	HG02055	2	HG02055#2#JAHEPJ020000062.1:28297948-33346879:3990703-4007508	-	HLA-DRB3*02:02:01:12
HG02109#1#HLA-DRB3	HPRC-Rest	HG02109	1	HG02109#1#CM092161.1:28294553-33395631:4036237-4053132	-	HLA-DRB3*01:01:02:new
HG02145#2#HLA-DRB3	HPRC-Rest	HG02145	2	HG02145#2#CM099657.1:28376784-33593129:4151268-4168174	-	HLA-DRB3*01:01:02:new
HG02148#1#HLA-DRB3	HPRC-Rest	HG02148	1	HG02148#1#JAHAMG020000062.1:28379085-33505835:4063576-4080482	-	HLA-DRB3*01:01:02:new
HG02148#2#HLA-DRB3	HPRC-Rest	HG02148	2	HG02148#2#JAHAMF020000005.1:28427628-33536175:4046961-4064548	-	HLA-DRB3*02:02:01:01
HG02257#1#HLA-DRB3	HPRC-Rest	HG02257	1	HG02257#1#CM089221.1:28424772-33551966:4068977-4085883	-	HLA-DRB3*02:02:01:new
HG02273#2#HLA-DRB3	HPRC-Rest	HG02273	2	HG02273#2#CM087034.1:28375859-33514787:4076617-4093523	-	HLA-DRB3*01:01:02:new
HG02280#1#HLA-DRB3	HPRC-Rest	HG02280	1	HG02280#1#JBHDRR010000050.1:28462941-33680751:4155847-4172751	-	HLA-DRB3*01:01:02:new
HG02451#1#HLA-DRB3	HPRC-Rest	HG02451	1	HG02451#1#CM086202.1:28416438-33496141:4014239-4031147	-	HLA-DRB3*02:02:01:new
HG02486#2#HLA-DRB3	HPRC-Rest	HG02486	2	HG02486#2#CM088219.1:28305765-33500079:4135194-4152100	-	HLA-DRB3*01:62:01:01
HG02559#2#HLA-DRB3	HPRC-Rest	HG02559	2	HG02559#2#CM088248.1:28392101-33544670:4090177-4107083	-	HLA-DRB3*01:01:02:new
HG02572#1#HLA-DRB3	HPRC-Rest	HG02572	1	HG02572#1#CM088155.1:28443542-33635020:4129717-4147304	-	HLA-DRB3*02:02:01:01
HG02572#2#HLA-DRB3	HPRC-Rest	HG02572	2	HG02572#2#CM088173.1:28510650-33610925:4034881-4051799	-	HLA-DRB3*03:01:01:new
HG02602#2#HLA-DRB3	HPRC-Rest	HG02602	2	HG02602#2#CM099701.1:28378684-33507166:4063310-4080165	-	HLA-DRB3*02:02:01:new
HG02615#1#HLA-DRB3	HPRC-Rest	HG02615	1	HG02615#1#JBHDSZ010000007.1:28292880-33505607:4147472-4164390	-	HLA-DRB3*03:01:01:01
HG02615#2#HLA-DRB3	HPRC-Rest	HG02615	2	HG02615#2#JBHDTA010000044.1:28450215-33517590:4001661-4018578	-	HLA-DRB3*03:01:01:new
HG02647#1#HLA-DRB3	HPRC-Rest	HG02647	1	HG02647#1#CM086559.1:28392022-33525944:4070114-4087264	-	HLA-DRB3*02:02:01:new
HG02668#1#HLA-DRB3	HPRC-Rest	HG02668	1	HG02668#1#JBHIIC010000010.1:28453356-33594908:4082039-4098943	-	HLA-DRB3*01:01:02:03
HG02668#2#HLA-DRB3	HPRC-Rest	HG02668	2	HG02668#2#JBHIID010000047.1:28501762-33634486:4066254-4083156	-	HLA-DRB3*02:02:01:05
HG02698#2#HLA-DRB3	HPRC-Rest	HG02698	2	HG02698#2#CM086846.1:28436213-33571880:4070822-4087740	-	HLA-DRB3*03:01:01:01
HG02717#1#HLA-DRB3	HPRC-Rest	HG02717	1	HG02717#1#JAHAOS020000006.1:28453373-33608309:4090549-4107444	-	HLA-DRB3*01:01:02:new
HG02723#1#HLA-DRB3	HPRC-Rest	HG02723	1	HG02723#1#CM092031.1:28492941-33618283:4064559-4081364	-	HLA-DRB3*02:02:01:12
HG02735#2#HLA-DRB3	HPRC-Rest	HG02735	2	HG02735#2#JBHIIJ010000060.1:28392355-33560534:4109092-4126220	-	HLA-DRB3*02:02:01:new
HG02738#1#HLA-DRB3	HPRC-Rest	HG02738	1	HG02738#1#JBJXQJ010000012.1:28448720-33571060:4062843-4079971	-	HLA-DRB3*02:02:01:new
HG02738#2#HLA-DRB3	HPRC-Rest	HG02738	2	HG02738#2#JBJXQK010000005.1:28378589-33465078:4027722-4044850	-	HLA-DRB3*02:02:01:new
HG02809#1#HLA-DRB3	HPRC-Rest	HG02809	1	HG02809#1#CM088345.1:28415797-33540379:4063780-4080583	-	HLA-DRB3*02:02:01:new
HG02818#1#HLA-DRB3	HPRC-Rest	HG02818	1	HG02818#1#JAHEOS020000050.1:28390726-33610396:4154753-4171659	-	HLA-DRB3*01:01:02:new
HG02818#2#HLA-DRB3	HPRC-Rest	HG02818	2	HG02818#2#JAHEOR020000002.1:28395424-33521433:4063525-4080429	-	HLA-DRB3*02:02:01:new
HG02841#1#HLA-DRB3	HPRC-Rest	HG02841	1	HG02841#1#JBJKOG010000054.1:28472700-33602015:4066406-4083321	-	HLA-DRB3*01:01:02:new
HG02886#1#HLA-DRB3	HPRC-Rest	HG02886	1	HG02886#1#CM088086.1:28449049-33579727:4069516-4086422	-	HLA-DRB3*01:62:01:01
HG02922#1#HLA-DRB3	HPRC-Rest	HG02922	1	HG02922#1#JBHDVO010000050.1:28463778-33607859:4078815-4095721	-	HLA-DRB3*02:02:01:new
HG02965#1#HLA-DRB3	HPRC-Rest	HG02965	1	HG02965#1#CM087346.1:28413853-33616010:4138261-4155167	-	HLA-DRB3*01:62:01:01
HG02976#2#HLA-DRB3	HPRC-Rest	HG02976	2	HG02976#2#JBHDVX010000061.1:28449910-33601091:4085395-4102297	-	HLA-DRB3*02:02:01:05
HG02984#1#HLA-DRB3	HPRC-Rest	HG02984	1	HG02984#1#CM098791.1:28424082-33554288:4061973-4078890	-	HLA-DRB3*03:01:01:new
HG03050#2#HLA-DRB3	HPRC-Rest	HG03050	2	HG03050#2#CM098777.1:28436251-33634749:4134833-4151739	-	HLA-DRB3*01:62:01:new
HG03130#2#HLA-DRB3	HPRC-Rest	HG03130	2	HG03130#2#JBHDWJ010000015.1:28300492-33501344:4136391-4153541	-	HLA-DRB3*02:02:01:new
HG03225#1#HLA-DRB3	HPRC-Rest	HG03225	1	HG03225#1#CM089301.1:28387857-33521155:4073511-4090415	-	HLA-DRB3*02:02:34:new
HG03270#2#HLA-DRB3	HPRC-Rest	HG03270	2	HG03270#2#CM089913.1:28461664-33600109:4073139-4090047	-	HLA-DRB3*02:02:01:new
HG03369#1#HLA-DRB3	HPRC-Rest	HG03369	1	HG03369#1#CM094384.1:28448143-33595830:4079078-4095995	-	HLA-DRB3*03:01:01:new
HG03369#2#HLA-DRB3	HPRC-Rest	HG03369	2	HG03369#2#CM094359.1:28412805-33626591:4150942-4167848	-	HLA-DRB3*01:01:02:new
HG03453#2#HLA-DRB3	HPRC-Rest	HG03453	2	HG03453#2#JAGYVV020000081.1:28470880-33567163:4034849-4052436	-	HLA-DRB3*02:02:01:01
HG03471#2#HLA-DRB3	HPRC-Rest	HG03471	2	HG03471#2#CM087546.1:28512656-33707046:4135276-4152182	-	HLA-DRB3*01:62:01:01
HG03486#1#HLA-DRB3	HPRC-Rest	HG03486	1	HG03486#1#CM091974.1:28459101-33585338:4067115-4084021	-	HLA-DRB3*01:62:01:01
HG03486#2#HLA-DRB3	HPRC-Rest	HG03486	2	HG03486#2#CM091960.1:28459830-33596099:4068127-4085044	-	HLA-DRB3*03:01:01:03
HG03516#1#HLA-DRB3	HPRC-Rest	HG03516	1	HG03516#1#JAGYYS020000049.1:28451043-33589535:4073031-4089935	-	HLA-DRB3*02:02:01:new
HG03516#2#HLA-DRB3	HPRC-Rest	HG03516	2	HG03516#2#JAGYYT020000030.1:28478688-33696340:4151667-4168573	-	HLA-DRB3*01:01:02:new
HG03521#1#HLA-DRB3	HPRC-Rest	HG03521	1	HG03521#1#JBIREF010000004.1:28517918-33642180:4061012-4077806	-	HLA-DRB3*02:02:01:new
HG03521#2#HLA-DRB3	HPRC-Rest	HG03521	2	HG03521#2#JBIREG010000058.1:28429727-33569421:4065780-4082930	-	HLA-DRB3*02:02:01:new
HG03579#1#HLA-DRB3	HPRC-Rest	HG03579	1	HG03579#1#CM088945.1:28415698-33501766:4026962-4043868	-	HLA-DRB3*01:62:01:01
HG03579#2#HLA-DRB3	HPRC-Rest	HG03579	2	HG03579#2#CM089288.1:28450187-33638583:4124422-4141328	-	HLA-DRB3*01:62:01:01
HG03654#1#HLA-DRB3	HPRC-Rest	HG03654	1	HG03654#1#CM086836.1:28373117-33516554:4079256-4096055	-	HLA-DRB3*02:02:01:new
HG03654#2#HLA-DRB3	HPRC-Rest	HG03654	2	HG03654#2#JBHDTO010000045.1:28372677-33498093:4065561-4082689	-	HLA-DRB3*02:02:01:new
HG03704#1#HLA-DRB3	HPRC-Rest	HG03704	1	HG03704#1#JBHDRL010000035.1:28385510-33544273:4095059-4111965	-	HLA-DRB3*01:01:02:new
HG03710#2#HLA-DRB3	HPRC-Rest	HG03710	2	HG03710#2#CM086882.1:28406463-33546644:4076726-4093633	-	HLA-DRB3*02:02:01:new
HG03784#1#HLA-DRB3	HPRC-Rest	HG03784	1	HG03784#1#CM094174.1:28377153-33515338:4078344-4095138	-	HLA-DRB3*02:02:01:09
HG03784#2#HLA-DRB3	HPRC-Rest	HG03784	2	HG03784#2#CM094203.1:28433118-33600593:4103082-4119989	-	HLA-DRB3*02:02:01:new
HG03874#1#HLA-DRB3	HPRC-Rest	HG03874	1	HG03874#1#CM089432.1:28353581-33507962:4095976-4113593	-	HLA-DRB3*02:02:01:new
HG03927#1#HLA-DRB3	HPRC-Rest	HG03927	1	HG03927#1#CM086636.1:28465203-33551033:4021560-4038467	-	HLA-DRB3*02:02:01:new
HG04187#1#HLA-DRB3	HPRC-Rest	HG04187	1	HG04187#1#CM099742.1:28415864-33609347:4133630-4150758	-	HLA-DRB3*02:02:01:new
HG04187#2#HLA-DRB3	HPRC-Rest	HG04187	2	HG04187#2#CM099756.1:28400738-33533288:4074500-4092111	-	HLA-DRB3*02:02:01:new
NA18505#1#HLA-DRB3	HPRC-Rest	NA18505	1	NA18505#1#JBHIJY010000048.1:28445967-33542979:4038467-4056054	-	HLA-DRB3*02:02:01:01
NA18508#1#HLA-DRB3	HPRC-Rest	NA18508	1	NA18508#1#CM089650.1:28440826-33645342:4141508-4158414	-	HLA-DRB3*01:62:01:01
NA18508#2#HLA-DRB3	HPRC-Rest	NA18508	2	NA18508#2#JBHIJH010000001.1:28282775-33492562:4137093-4154243	-	HLA-DRB3*02:02:01:new
NA18522#1#HLA-DRB3	HPRC-Rest	NA18522	1	NA18522#1#CM087176.1:28457728-33607889:4087920-4104824	-	HLA-DRB3*01:01:02:03
NA18522#2#HLA-DRB3	HPRC-Rest	NA18522	2	NA18522#2#CM087191.1:28461290-33621227:4094227-4111133	-	HLA-DRB3*01:01:02:new
NA18879#1#HLA-DRB3	HPRC-Rest	NA18879	1	NA18879#1#CM099716.1:28474558-33526652:3988955-4005861	-	HLA-DRB3*01:62:01:01
NA18879#2#HLA-DRB3	HPRC-Rest	NA18879	2	NA18879#2#JBJUVN010000057.1:28495776-33652599:4094407-4111313	-	HLA-DRB3*01:01:02:new
NA18906#1#HLA-DRB3	HPRC-Rest	NA18906	1	NA18906#1#JAHEOO020000008.1:28476372-33613648:4072980-4089888	-	HLA-DRB3*02:02:01:new
NA18906#2#HLA-DRB3	HPRC-Rest	NA18906	2	NA18906#2#JAHEON020000009.1:28400633-33549040:4084358-4101264	-	HLA-DRB3*01:01:02:new
NA19036#1#HLA-DRB3	HPRC-Rest	NA19036	1	NA19036#1#JBHIJM010000039.1:28463923-33608059:4079843-4096749	-	HLA-DRB3*01:01:02:new
NA19036#2#HLA-DRB3	HPRC-Rest	NA19036	2	NA19036#2#CM089740.1:28304850-33443783:4073145-4090053	-	HLA-DRB3*02:02:01:new
NA19043#1#HLA-DRB3	HPRC-Rest	NA19043	1	NA19043#1#CM087046.1:28457117-33603533:4080009-4096915	-	HLA-DRB3*02:02:01:new
NA19043#2#HLA-DRB3	HPRC-Rest	NA19043	2	NA19043#2#CM087072.1:28298892-33447476:4082658-4099564	-	HLA-DRB3*02:02:01:new
NA19159#1#HLA-DRB3	HPRC-Rest	NA19159	1	NA19159#1#JBJXQL010000007.1:28425942-33548809:4060404-4077310	-	HLA-DRB3*01:01:02:new
NA19185#1#HLA-DRB3	HPRC-Rest	NA19185	1	NA19185#1#CM087724.1:28452686-33600537:4084662-4101568	-	HLA-DRB3*01:01:02:new
NA19185#2#HLA-DRB3	HPRC-Rest	NA19185	2	NA19185#2#CM087740.1:28365127-33559133:4134880-4151786	-	HLA-DRB3*01:62:01:01
NA19240#1#HLA-DRB3	HPRC-Rest	NA19240	1	NA19240#1#JAHEOM020000002.1:28462857-33656907:4136086-4152880	-	HLA-DRB3*02:02:01:new
NA19338#1#HLA-DRB3	HPRC-Rest	NA19338	1	NA19338#1#CM087758.1:28448969-33579906:4062703-4079620	-	HLA-DRB3*03:01:01:new
NA19391#1#HLA-DRB3	HPRC-Rest	NA19391	1	NA19391#1#CM087790.1:28288674-33392322:4037581-4054729	-	HLA-DRB3*02:02:01:new
NA19391#2#HLA-DRB3	HPRC-Rest	NA19391	2	NA19391#2#CM087804.1:28295746-33396359:4039081-4055932	-	HLA-DRB3*02:02:01:new
NA19443#1#HLA-DRB3	HPRC-Rest	NA19443	1	NA19443#1#CM089448.1:28448109-33623879:4110418-4127335	-	HLA-DRB3*03:01:01:03
NA19468#2#HLA-DRB3	HPRC-Rest	NA19468	2	NA19468#2#JBHDXY010000045.1:28382628-33499947:4051408-4068202	-	HLA-DRB3*02:02:01:14
NA19682#1#HLA-DRB3	HPRC-Rest	NA19682	1	NA19682#1#CM094150.1:28411407-33568676:4094887-4111789	-	HLA-DRB3*01:01:02:new
NA19682#2#HLA-DRB3	HPRC-Rest	NA19682	2	NA19682#2#CM094164.1:28463959-33644888:4121327-4138244	-	HLA-DRB3*03:01:01:new
NA19700#1#HLA-DRB3	HPRC-Rest	NA19700	1	NA19700#1#CM089621.1:28376765-33517479:4071148-4088759	-	HLA-DRB3*02:02:01:new
NA19776#2#HLA-DRB3	HPRC-Rest	NA19776	2	NA19776#2#CM094049.1:28416676-33523673:4044557-4061459	-	HLA-DRB3*01:01:02:new
NA19835#2#HLA-DRB3	HPRC-Rest	NA19835	2	NA19835#2#CM094035.1:28457594-33528933:4004534-4021684	-	HLA-DRB3*02:02:01:new
NA19909#1#HLA-DRB3	HPRC-Rest	NA19909	1	NA19909#1#JBIRDH010000012.1:28412877-33619076:4147087-4163993	-	HLA-DRB3*01:62:01:01
NA19909#2#HLA-DRB3	HPRC-Rest	NA19909	2	NA19909#2#JBIRDI010000053.1:28451896-33658066:4147061-4163967	-	HLA-DRB3*01:62:01:new
NA20129#1#HLA-DRB3	HPRC-Rest	NA20129	1	NA20129#1#JAHEPE020000006.1:162-4816795:3755749-3772645	-	HLA-DRB3*02:02:01:new
NA20129#2#HLA-DRB3	HPRC-Rest	NA20129	2	NA20129#2#CM092121.1:28370806-33473927:4040316-4057222	-	HLA-DRB3*01:01:02:new
NA20282#2#HLA-DRB3	HPRC-Rest	NA20282	2	NA20282#2#JBIRDU010000003.1:1683297-6763868:4021460-4038366	-	HLA-DRB3*01:62:01:01
NA20346#1#HLA-DRB3	HPRC-Rest	NA20346	1	NA20346#1#CM094251.1:28457185-33666384:4136815-4153965	-	HLA-DRB3*02:02:01:new
NA20346#2#HLA-DRB3	HPRC-Rest	NA20346	2	NA20346#2#CM094262.1:28410681-33542038:4066518-4083435	-	HLA-DRB3*03:01:01:new
NA20503#2#HLA-DRB3	HPRC-Rest	NA20503	2	NA20503#2#CM102476.1:28357590-33489275:4073311-4090211	-	HLA-DRB3*02:02:01:new
NA20762#2#HLA-DRB3	HPRC-Rest	NA20762	2	NA20762#2#CM102528.1:28437013-33575799:4073284-4090191	-	HLA-DRB3*02:24
NA20799#1#HLA-DRB3	HPRC-Rest	NA20799	1	NA20799#1#CM098688.1:28368547-33505653:4079202-4096817	-	HLA-DRB3*02:02:01:new
NA20805#1#HLA-DRB3	HPRC-Rest	NA20805	1	NA20805#1#CM091887.1:28444744-33554804:4046023-4063610	-	HLA-DRB3*02:02:01:01
NA20805#2#HLA-DRB3	HPRC-Rest	NA20805	2	NA20805#2#CM091899.1:28375930-33456966:4023274-4040176	-	HLA-DRB3*02:02:01:new
NA20870#1#HLA-DRB3	HPRC-Rest	NA20870	1	NA20870#1#JBHIJK010000014.1:28358726-33487328:4062426-4079343	-	HLA-DRB3*03:01:01:03
NA20905#1#HLA-DRB3	HPRC-Rest	NA20905	1	NA20905#1#CM087474.1:28381582-33489243:4049119-4066728	-	HLA-DRB3*02:02:01:new
NA21102#2#HLA-DRB3	HPRC-Rest	NA21102	2	NA21102#2#CM094447.1:28385953-33511436:4065569-4082697	-	HLA-DRB3*02:02:01:new
NA21110#1#HLA-DRB3	HPRC-Rest	NA21110	1	NA21110#1#CM089667.1:28379039-33461462:4024099-4041716	-	HLA-DRB3*02:02:01:new
NA21144#2#HLA-DRB3	HPRC-Rest	NA21144	2	NA21144#2#JBIRDG010000005.1:14666330-19853787:4128382-4145510	-	HLA-DRB3*02:02:01:new
NA21309#2#HLA-DRB3	HPRC-Rest	NA21309	2	NA21309#2#CM092100.1:28345467-33471001:4058810-4075728	-	HLA-DRB3*03:01:01:01
NA18945.JaSaPaGe#2#HLA-DRB3	JaSaPaGe-Japanese	NA18945.JaSaPaGe	2	NA18945.JaSaPaGe#2#h2tg000002l:28368005-33554919:4120665-4137582	-	HLA-DRB3*03:01:01:02
NA18970.JaSaPaGe#1#HLA-DRB3	JaSaPaGe-Japanese	NA18970.JaSaPaGe	1	NA18970.JaSaPaGe#1#CM101469.1:28338191-33472849:4070227-4087030	-	HLA-DRB3*02:02:01:new
NA18990#1#HLA-DRB3	JaSaPaGe-Japanese	NA18990	1	NA18990#1#h1tg000053l:1684255-6870690:4120739-4137656	-	HLA-DRB3*03:01:01:02
NA19079#2#HLA-DRB3	JaSaPaGe-Japanese	NA19079	2	NA19079#2#h2tg000002l:1677209-6863053:4120757-4137674	-	HLA-DRB3*03:01:01:02
NA19088#1#HLA-DRB3	JaSaPaGe-Japanese	NA19088	1	NA19088#1#h1tg000014l:26283350-31418977_rc:4072911-4089711	-	HLA-DRB3*01:01:02:new
ksa001#2#HLA-DRB3	JaSaPaGe-Saudi	ksa001	2	ksa001#2#P02_compress.k30.hapmer-0000137:138158892-143358025_rc:4140497-4158112	-	HLA-DRB3*02:02:01:new
ksa002#2#HLA-DRB3	JaSaPaGe-Saudi	ksa002	2	ksa002#2#h2tg000047l:28364582-33489388:4062602-4079728	-	HLA-DRB3*02:02:01:new
ksa004#1#HLA-DRB3	JaSaPaGe-Saudi	ksa004	1	ksa004#1#h1tg000606l:1559-2019480_rc:1004431-1021337	-	HLA-DRB3*01:01:02:new
ksa004#2#HLA-DRB3	JaSaPaGe-Saudi	ksa004	2	ksa004#2#h2tg000267l:728-1057414_rc:323767-340684	-	HLA-DRB3*03:01:01:02
ksa005#1#HLA-DRB3	JaSaPaGe-Saudi	ksa005	1	ksa005#1#h1tg000012l:28289164-33471875:4118238-4135144	-	HLA-DRB3*01:01:02:new
ksa007#1#HLA-DRB3	JaSaPaGe-Saudi	ksa007	1	ksa007#1#h1tg000051l:6349428-11505741_rc:4091859-4108765	-	HLA-DRB3*01:01:02:new
ksa008#2#HLA-DRB3	JaSaPaGe-Saudi	ksa008	2	ksa008#2#h2tg000040l:26875251-31991332_rc:4051922-4068730	-	HLA-DRB3*02:02:01:new
ksa009#2#HLA-DRB3	JaSaPaGe-Saudi	ksa009	2	ksa009#2#h2tg000180l:126-2719313_rc:1672867-1690484	-	HLA-DRB3*02:02:01:new
KOREF1#2#HLA-DRB3	KPanRef-Korean	KOREF1	2	KOREF1#2#chr6_93216:28299861-33486856:4120675-4137592	-	HLA-DRB3*03:01:01:02
KOREF2#1#HLA-DRB3	KPanRef-Korean	KOREF2	1	KOREF2#1#Unplaced_h1tg000017l_2237953:24965590-30159345_rc:4128395-4145312	-	HLA-DRB3*03:01:01:03
KOREF2#2#HLA-DRB3	KPanRef-Korean	KOREF2	2	KOREF2#2#Unplaced_h2tg000026l_88481:28271060-33401074:4071215-4088826	-	HLA-DRB3*02:02:01:new
KPanRef-073#2#HLA-DRB3	KPanRef-Korean	KPanRef-073	2	KPanRef-073#2#Unplaced_h2tg000022l_97593:28283212-33436845:4095832-4113443	-	HLA-DRB3*02:02:01:new
KPanRef-074#1#HLA-DRB3	KPanRef-Korean	KPanRef-074	1	KPanRef-074#1#Unplaced_h1tg000001l_114533789:24969372-30048015_rc:4015534-4032391	-	HLA-DRB3*02:02:01:new
KPanRef-078#1#HLA-DRB3	KPanRef-Korean	KPanRef-078	1	KPanRef-078#1#Unplaced_h1tg000001l_114758335:24960658-30030886_rc:4003895-4020750	-	HLA-DRB3*02:02:01:new
KPanRef-078#2#HLA-DRB3	KPanRef-Korean	KPanRef-078	2	KPanRef-078#2#Unplaced_h2tg000009l_0:3358197-8522429:4104899-4122027	-	HLA-DRB3*02:02:01:new
KPanRef-079#2#HLA-DRB3	KPanRef-Korean	KPanRef-079	2	KPanRef-079#2#Unplaced_h2tg000026l_4253567:24954773-30064329_rc:4047414-4064320	-	HLA-DRB3*01:01:02:new
chm13#0#HLA-DRB3	REF	chm13	0	chm13#0#chr6:28282159-33401678:4061228-4078134	-	HLA-DRB3*02:02:01:new
