method	gene	split	cohort	n	called	correct	accuracy_all	call_rate	accuracy_called	unseen_alleles	majority_accuracy
classII_bundle_presence_transductive	HLA-DQA1	leave_cohort_out	ALL	739	732	665	0.8998646820027063	0.9905277401894452	0.9084699453551912	5	0.19621109607577808
classII_bundle_presence_transductive	HLA-DQA1	leave_cohort_out	APR	106	104	97	0.9150943396226415	0.9811320754716981	0.9326923076923077	0	0.2641509433962264
classII_bundle_presence_transductive	HLA-DQA1	leave_cohort_out	CPC-Chinese	113	112	101	0.8938053097345132	0.9911504424778761	0.9017857142857143	3	0.1504424778761062
classII_bundle_presence_transductive	HLA-DQA1	leave_cohort_out	HPRC-EastAsian	70	68	64	0.9142857142857143	0.9714285714285714	0.9411764705882353	0	0.18571428571428572
classII_bundle_presence_transductive	HLA-DQA1	leave_cohort_out	HPRC-Japanese	32	31	29	0.90625	0.96875	0.9354838709677419	0	0.1875
classII_bundle_presence_transductive	HLA-DQA1	leave_cohort_out	HPRC-Jewish	2	2	2	1.0	1.0	1.0	0	0.0
classII_bundle_presence_transductive	HLA-DQA1	leave_cohort_out	HPRC-Rest	360	360	320	0.8888888888888888	1.0	0.8888888888888888	2	0.20555555555555555
classII_bundle_presence_transductive	HLA-DQA1	leave_cohort_out	JaSaPaGe-Japanese	10	10	10	1.0	1.0	1.0	0	0.2
classII_bundle_presence_transductive	HLA-DQA1	leave_cohort_out	JaSaPaGe-Saudi	18	18	16	0.8888888888888888	1.0	0.8888888888888888	0	0.05555555555555555
classII_bundle_presence_transductive	HLA-DQA1	leave_cohort_out	KPanRef-Korean	28	27	26	0.9285714285714286	0.9642857142857143	0.9629629629629629	0	0.14285714285714285
classII_bundle_presence_transductive	HLA-DQA1	leave_family_out	ALL	739	729	699	0.945872801082544	0.986468200270636	0.9588477366255144	1	0.19621109607577808
classII_bundle_presence_transductive	HLA-DQA1	leave_family_out	APR	106	104	99	0.9339622641509434	0.9811320754716981	0.9519230769230769	0	0.2641509433962264
classII_bundle_presence_transductive	HLA-DQA1	leave_family_out	CPC-Chinese	113	112	108	0.9557522123893806	0.9911504424778761	0.9642857142857143	1	0.1504424778761062
classII_bundle_presence_transductive	HLA-DQA1	leave_family_out	HPRC-EastAsian	70	68	64	0.9142857142857143	0.9714285714285714	0.9411764705882353	0	0.18571428571428572
classII_bundle_presence_transductive	HLA-DQA1	leave_family_out	HPRC-Japanese	32	31	29	0.90625	0.96875	0.9354838709677419	0	0.1875
classII_bundle_presence_transductive	HLA-DQA1	leave_family_out	HPRC-Jewish	2	2	2	1.0	1.0	1.0	0	0.0
classII_bundle_presence_transductive	HLA-DQA1	leave_family_out	HPRC-Rest	360	357	345	0.9583333333333334	0.9916666666666667	0.9663865546218487	0	0.20555555555555555
classII_bundle_presence_transductive	HLA-DQA1	leave_family_out	JaSaPaGe-Japanese	10	10	10	1.0	1.0	1.0	0	0.2
classII_bundle_presence_transductive	HLA-DQA1	leave_family_out	JaSaPaGe-Saudi	18	18	16	0.8888888888888888	1.0	0.8888888888888888	0	0.05555555555555555
classII_bundle_presence_transductive	HLA-DQA1	leave_family_out	KPanRef-Korean	28	27	26	0.9285714285714286	0.9642857142857143	0.9629629629629629	0	0.14285714285714285
classII_bundle_presence_transductive	HLA-DQB1	leave_cohort_out	ALL	736	727	643	0.873641304347826	0.9877717391304348	0.8844566712517193	20	0.10869565217391304
classII_bundle_presence_transductive	HLA-DQB1	leave_cohort_out	APR	105	102	93	0.8857142857142857	0.9714285714285714	0.9117647058823529	0	0.10476190476190476
classII_bundle_presence_transductive	HLA-DQB1	leave_cohort_out	CPC-Chinese	113	108	98	0.8672566371681416	0.9557522123893806	0.9074074074074074	2	0.04424778761061947
classII_bundle_presence_transductive	HLA-DQB1	leave_cohort_out	HPRC-EastAsian	70	69	69	0.9857142857142858	0.9857142857142858	1.0	0	0.22857142857142856
classII_bundle_presence_transductive	HLA-DQB1	leave_cohort_out	HPRC-Japanese	32	32	30	0.9375	1.0	0.9375	1	0.0625
classII_bundle_presence_transductive	HLA-DQB1	leave_cohort_out	HPRC-Jewish	2	2	2	1.0	1.0	1.0	0	0.0
classII_bundle_presence_transductive	HLA-DQB1	leave_cohort_out	HPRC-Rest	359	359	298	0.83008356545961	1.0	0.83008356545961	17	0.11420612813370473
classII_bundle_presence_transductive	HLA-DQB1	leave_cohort_out	JaSaPaGe-Japanese	10	10	10	1.0	1.0	1.0	0	0.1
classII_bundle_presence_transductive	HLA-DQB1	leave_cohort_out	JaSaPaGe-Saudi	18	18	17	0.9444444444444444	1.0	0.9444444444444444	0	0.1111111111111111
classII_bundle_presence_transductive	HLA-DQB1	leave_cohort_out	KPanRef-Korean	27	27	26	0.9629629629629629	1.0	0.9629629629629629	0	0.07407407407407407
classII_bundle_presence_transductive	HLA-DQB1	leave_family_out	ALL	736	723	687	0.9334239130434783	0.9823369565217391	0.950207468879668	6	0.14945652173913043
classII_bundle_presence_transductive	HLA-DQB1	leave_family_out	APR	105	102	96	0.9142857142857143	0.9714285714285714	0.9411764705882353	0	0.10476190476190476
classII_bundle_presence_transductive	HLA-DQB1	leave_family_out	CPC-Chinese	113	110	103	0.911504424778761	0.9734513274336283	0.9363636363636364	2	0.30973451327433627
classII_bundle_presence_transductive	HLA-DQB1	leave_family_out	HPRC-EastAsian	70	70	70	1.0	1.0	1.0	0	0.22857142857142856
classII_bundle_presence_transductive	HLA-DQB1	leave_family_out	HPRC-Japanese	32	32	30	0.9375	1.0	0.9375	1	0.0625
classII_bundle_presence_transductive	HLA-DQB1	leave_family_out	HPRC-Jewish	2	2	2	1.0	1.0	1.0	0	0.0
classII_bundle_presence_transductive	HLA-DQB1	leave_family_out	HPRC-Rest	359	352	333	0.9275766016713092	0.9805013927576601	0.9460227272727273	3	0.11420612813370473
classII_bundle_presence_transductive	HLA-DQB1	leave_family_out	JaSaPaGe-Japanese	10	10	10	1.0	1.0	1.0	0	0.1
classII_bundle_presence_transductive	HLA-DQB1	leave_family_out	JaSaPaGe-Saudi	18	18	17	0.9444444444444444	1.0	0.9444444444444444	0	0.1111111111111111
classII_bundle_presence_transductive	HLA-DQB1	leave_family_out	KPanRef-Korean	27	27	26	0.9629629629629629	1.0	0.9629629629629629	0	0.07407407407407407
classII_bundle_presence_transductive	HLA-DRB1	leave_cohort_out	ALL	724	694	528	0.7292817679558011	0.9585635359116023	0.760806916426513	42	0.04834254143646409
classII_bundle_presence_transductive	HLA-DRB1	leave_cohort_out	APR	104	99	88	0.8461538461538461	0.9519230769230769	0.8888888888888888	8	0.0
classII_bundle_presence_transductive	HLA-DRB1	leave_cohort_out	CPC-Chinese	103	99	86	0.8349514563106796	0.9611650485436893	0.8686868686868687	2	0.06796116504854369
classII_bundle_presence_transductive	HLA-DRB1	leave_cohort_out	HPRC-EastAsian	70	69	59	0.8428571428571429	0.9857142857142858	0.855072463768116	1	0.02857142857142857
classII_bundle_presence_transductive	HLA-DRB1	leave_cohort_out	HPRC-Japanese	32	31	29	0.90625	0.96875	0.9354838709677419	0	0.03125
classII_bundle_presence_transductive	HLA-DRB1	leave_cohort_out	HPRC-Jewish	2	2	2	1.0	1.0	1.0	0	0.0
classII_bundle_presence_transductive	HLA-DRB1	leave_cohort_out	HPRC-Rest	360	345	221	0.6138888888888889	0.9583333333333334	0.6405797101449275	31	0.05277777777777778
classII_bundle_presence_transductive	HLA-DRB1	leave_cohort_out	JaSaPaGe-Japanese	10	9	8	0.8	0.9	0.8888888888888888	0	0.1
classII_bundle_presence_transductive	HLA-DRB1	leave_cohort_out	JaSaPaGe-Saudi	18	17	14	0.7777777777777778	0.9444444444444444	0.8235294117647058	0	0.1111111111111111
classII_bundle_presence_transductive	HLA-DRB1	leave_cohort_out	KPanRef-Korean	25	23	21	0.84	0.92	0.9130434782608695	0	0.12
classII_bundle_presence_transductive	HLA-DRB1	leave_family_out	ALL	724	681	595	0.8218232044198895	0.9406077348066298	0.8737151248164464	15	0.08839779005524862
classII_bundle_presence_transductive	HLA-DRB1	leave_family_out	APR	104	100	88	0.8461538461538461	0.9615384615384616	0.88	6	0.10576923076923077
classII_bundle_presence_transductive	HLA-DRB1	leave_family_out	CPC-Chinese	103	98	88	0.8543689320388349	0.9514563106796117	0.8979591836734694	2	0.06796116504854369
classII_bundle_presence_transductive	HLA-DRB1	leave_family_out	HPRC-EastAsian	70	69	59	0.8428571428571429	0.9857142857142858	0.855072463768116	1	0.02857142857142857
classII_bundle_presence_transductive	HLA-DRB1	leave_family_out	HPRC-Japanese	32	31	29	0.90625	0.96875	0.9354838709677419	0	0.03125
classII_bundle_presence_transductive	HLA-DRB1	leave_family_out	HPRC-Jewish	2	2	2	1.0	1.0	1.0	0	0.0
classII_bundle_presence_transductive	HLA-DRB1	leave_family_out	HPRC-Rest	360	333	286	0.7944444444444444	0.925	0.8588588588588588	6	0.10277777777777777
classII_bundle_presence_transductive	HLA-DRB1	leave_family_out	JaSaPaGe-Japanese	10	9	8	0.8	0.9	0.8888888888888888	0	0.1
classII_bundle_presence_transductive	HLA-DRB1	leave_family_out	JaSaPaGe-Saudi	18	16	14	0.7777777777777778	0.8888888888888888	0.875	0	0.1111111111111111
classII_bundle_presence_transductive	HLA-DRB1	leave_family_out	KPanRef-Korean	25	23	21	0.84	0.92	0.9130434782608695	0	0.12
gene_flanks_31mer_fixed	HLA-DQA1	leave_cohort_out	ALL	740	736	728	0.9837837837837838	0.9945945945945946	0.9891304347826086	5	0.1972972972972973
gene_flanks_31mer_fixed	HLA-DQA1	leave_cohort_out	APR	106	103	103	0.9716981132075472	0.9716981132075472	1.0	0	0.2641509433962264
gene_flanks_31mer_fixed	HLA-DQA1	leave_cohort_out	CPC-Chinese	114	114	110	0.9649122807017544	1.0	0.9649122807017544	3	0.15789473684210525
gene_flanks_31mer_fixed	HLA-DQA1	leave_cohort_out	HPRC-EastAsian	70	69	69	0.9857142857142858	0.9857142857142858	1.0	0	0.18571428571428572
gene_flanks_31mer_fixed	HLA-DQA1	leave_cohort_out	HPRC-Japanese	32	32	31	0.96875	1.0	0.96875	0	0.1875
gene_flanks_31mer_fixed	HLA-DQA1	leave_cohort_out	HPRC-Jewish	2	2	2	1.0	1.0	1.0	0	0.0
gene_flanks_31mer_fixed	HLA-DQA1	leave_cohort_out	HPRC-Rest	360	360	357	0.9916666666666667	1.0	0.9916666666666667	2	0.20555555555555555
gene_flanks_31mer_fixed	HLA-DQA1	leave_cohort_out	JaSaPaGe-Japanese	10	10	10	1.0	1.0	1.0	0	0.2
gene_flanks_31mer_fixed	HLA-DQA1	leave_cohort_out	JaSaPaGe-Saudi	18	18	18	1.0	1.0	1.0	0	0.05555555555555555
gene_flanks_31mer_fixed	HLA-DQA1	leave_cohort_out	KPanRef-Korean	28	28	28	1.0	1.0	1.0	0	0.14285714285714285
gene_flanks_31mer_fixed	HLA-DQA1	leave_family_out	ALL	740	735	727	0.9824324324324324	0.9932432432432432	0.9891156462585035	1	0.1972972972972973
gene_flanks_31mer_fixed	HLA-DQA1	leave_family_out	APR	106	103	103	0.9716981132075472	0.9716981132075472	1.0	0	0.2641509433962264
gene_flanks_31mer_fixed	HLA-DQA1	leave_family_out	CPC-Chinese	114	114	111	0.9736842105263158	1.0	0.9736842105263158	1	0.15789473684210525
gene_flanks_31mer_fixed	HLA-DQA1	leave_family_out	HPRC-EastAsian	70	69	69	0.9857142857142858	0.9857142857142858	1.0	0	0.18571428571428572
gene_flanks_31mer_fixed	HLA-DQA1	leave_family_out	HPRC-Japanese	32	32	31	0.96875	1.0	0.96875	0	0.1875
gene_flanks_31mer_fixed	HLA-DQA1	leave_family_out	HPRC-Jewish	2	2	2	1.0	1.0	1.0	0	0.0
gene_flanks_31mer_fixed	HLA-DQA1	leave_family_out	HPRC-Rest	360	359	355	0.9861111111111112	0.9972222222222222	0.9888579387186629	0	0.20555555555555555
gene_flanks_31mer_fixed	HLA-DQA1	leave_family_out	JaSaPaGe-Japanese	10	10	10	1.0	1.0	1.0	0	0.2
gene_flanks_31mer_fixed	HLA-DQA1	leave_family_out	JaSaPaGe-Saudi	18	18	18	1.0	1.0	1.0	0	0.05555555555555555
gene_flanks_31mer_fixed	HLA-DQA1	leave_family_out	KPanRef-Korean	28	28	28	1.0	1.0	1.0	0	0.14285714285714285
gene_flanks_31mer_fixed	HLA-DQB1	leave_cohort_out	ALL	737	737	715	0.9701492537313433	1.0	0.9701492537313433	20	0.10854816824966079
gene_flanks_31mer_fixed	HLA-DQB1	leave_cohort_out	APR	105	105	104	0.9904761904761905	1.0	0.9904761904761905	0	0.10476190476190476
gene_flanks_31mer_fixed	HLA-DQB1	leave_cohort_out	CPC-Chinese	114	114	112	0.9824561403508771	1.0	0.9824561403508771	2	0.043859649122807015
gene_flanks_31mer_fixed	HLA-DQB1	leave_cohort_out	HPRC-EastAsian	70	70	70	1.0	1.0	1.0	0	0.22857142857142856
gene_flanks_31mer_fixed	HLA-DQB1	leave_cohort_out	HPRC-Japanese	32	32	31	0.96875	1.0	0.96875	1	0.0625
gene_flanks_31mer_fixed	HLA-DQB1	leave_cohort_out	HPRC-Jewish	2	2	2	1.0	1.0	1.0	0	0.0
gene_flanks_31mer_fixed	HLA-DQB1	leave_cohort_out	HPRC-Rest	359	359	341	0.9498607242339833	1.0	0.9498607242339833	17	0.11420612813370473
gene_flanks_31mer_fixed	HLA-DQB1	leave_cohort_out	JaSaPaGe-Japanese	10	10	10	1.0	1.0	1.0	0	0.1
gene_flanks_31mer_fixed	HLA-DQB1	leave_cohort_out	JaSaPaGe-Saudi	18	18	18	1.0	1.0	1.0	0	0.1111111111111111
gene_flanks_31mer_fixed	HLA-DQB1	leave_cohort_out	KPanRef-Korean	27	27	27	1.0	1.0	1.0	0	0.07407407407407407
gene_flanks_31mer_fixed	HLA-DQB1	leave_family_out	ALL	737	737	729	0.989145183175034	1.0	0.989145183175034	6	0.14925373134328357
gene_flanks_31mer_fixed	HLA-DQB1	leave_family_out	APR	105	105	104	0.9904761904761905	1.0	0.9904761904761905	0	0.10476190476190476
gene_flanks_31mer_fixed	HLA-DQB1	leave_family_out	CPC-Chinese	114	114	112	0.9824561403508771	1.0	0.9824561403508771	2	0.30701754385964913
gene_flanks_31mer_fixed	HLA-DQB1	leave_family_out	HPRC-EastAsian	70	70	70	1.0	1.0	1.0	0	0.22857142857142856
gene_flanks_31mer_fixed	HLA-DQB1	leave_family_out	HPRC-Japanese	32	32	31	0.96875	1.0	0.96875	1	0.0625
gene_flanks_31mer_fixed	HLA-DQB1	leave_family_out	HPRC-Jewish	2	2	2	1.0	1.0	1.0	0	0.0
gene_flanks_31mer_fixed	HLA-DQB1	leave_family_out	HPRC-Rest	359	359	355	0.9888579387186629	1.0	0.9888579387186629	3	0.11420612813370473
gene_flanks_31mer_fixed	HLA-DQB1	leave_family_out	JaSaPaGe-Japanese	10	10	10	1.0	1.0	1.0	0	0.1
gene_flanks_31mer_fixed	HLA-DQB1	leave_family_out	JaSaPaGe-Saudi	18	18	18	1.0	1.0	1.0	0	0.1111111111111111
gene_flanks_31mer_fixed	HLA-DQB1	leave_family_out	KPanRef-Korean	27	27	27	1.0	1.0	1.0	0	0.07407407407407407
gene_flanks_31mer_fixed	HLA-DRB1	leave_cohort_out	ALL	724	716	644	0.8895027624309392	0.988950276243094	0.8994413407821229	42	0.04834254143646409
gene_flanks_31mer_fixed	HLA-DRB1	leave_cohort_out	APR	104	104	92	0.8846153846153846	1.0	0.8846153846153846	8	0.0
gene_flanks_31mer_fixed	HLA-DRB1	leave_cohort_out	CPC-Chinese	103	100	97	0.941747572815534	0.970873786407767	0.97	2	0.06796116504854369
gene_flanks_31mer_fixed	HLA-DRB1	leave_cohort_out	HPRC-EastAsian	70	69	65	0.9285714285714286	0.9857142857142858	0.9420289855072463	1	0.02857142857142857
gene_flanks_31mer_fixed	HLA-DRB1	leave_cohort_out	HPRC-Japanese	32	32	32	1.0	1.0	1.0	0	0.03125
gene_flanks_31mer_fixed	HLA-DRB1	leave_cohort_out	HPRC-Jewish	2	2	2	1.0	1.0	1.0	0	0.0
gene_flanks_31mer_fixed	HLA-DRB1	leave_cohort_out	HPRC-Rest	360	356	303	0.8416666666666667	0.9888888888888889	0.851123595505618	31	0.05277777777777778
gene_flanks_31mer_fixed	HLA-DRB1	leave_cohort_out	JaSaPaGe-Japanese	10	10	10	1.0	1.0	1.0	0	0.1
gene_flanks_31mer_fixed	HLA-DRB1	leave_cohort_out	JaSaPaGe-Saudi	18	18	18	1.0	1.0	1.0	0	0.1111111111111111
gene_flanks_31mer_fixed	HLA-DRB1	leave_cohort_out	KPanRef-Korean	25	25	25	1.0	1.0	1.0	0	0.12
gene_flanks_31mer_fixed	HLA-DRB1	leave_family_out	ALL	724	716	689	0.9516574585635359	0.988950276243094	0.9622905027932961	15	0.08839779005524862
gene_flanks_31mer_fixed	HLA-DRB1	leave_family_out	APR	104	104	96	0.9230769230769231	1.0	0.9230769230769231	6	0.10576923076923077
gene_flanks_31mer_fixed	HLA-DRB1	leave_family_out	CPC-Chinese	103	100	97	0.941747572815534	0.970873786407767	0.97	2	0.06796116504854369
gene_flanks_31mer_fixed	HLA-DRB1	leave_family_out	HPRC-EastAsian	70	69	65	0.9285714285714286	0.9857142857142858	0.9420289855072463	1	0.02857142857142857
gene_flanks_31mer_fixed	HLA-DRB1	leave_family_out	HPRC-Japanese	32	32	32	1.0	1.0	1.0	0	0.03125
gene_flanks_31mer_fixed	HLA-DRB1	leave_family_out	HPRC-Jewish	2	2	2	1.0	1.0	1.0	0	0.0
gene_flanks_31mer_fixed	HLA-DRB1	leave_family_out	HPRC-Rest	360	356	344	0.9555555555555556	0.9888888888888889	0.9662921348314607	6	0.10277777777777777
gene_flanks_31mer_fixed	HLA-DRB1	leave_family_out	JaSaPaGe-Japanese	10	10	10	1.0	1.0	1.0	0	0.1
gene_flanks_31mer_fixed	HLA-DRB1	leave_family_out	JaSaPaGe-Saudi	18	18	18	1.0	1.0	1.0	0	0.1111111111111111
gene_flanks_31mer_fixed	HLA-DRB1	leave_family_out	KPanRef-Korean	25	25	25	1.0	1.0	1.0	0	0.12
