donor	gene	feature	hprc_entries	jasapage_entries	hprc_signature	jasapage_signature	unordered_match	interpretation
NA18940	HLA-A	gene_sha256	2	2	b97c51f34a8a9f4982dd5eb1f4230b9807f455ba1caf338e80f8bdf65c677f9f;b97c51f34a8a9f4982dd5eb1f4230b9807f455ba1caf338e80f8bdf65c677f9f	b97c51f34a8a9f4982dd5eb1f4230b9807f455ba1caf338e80f8bdf65c677f9f;b97c51f34a8a9f4982dd5eb1f4230b9807f455ba1caf338e80f8bdf65c677f9f	1	Cross-source assemblies of one donor, not independent biological replication; shared raw-data provenance not excluded
NA18940	HLA-A	cds_sha256	2	2	72592d3f49e03a3d6f390cf4368512ad38f003c50675df48acb2fca426dfbe0a;72592d3f49e03a3d6f390cf4368512ad38f003c50675df48acb2fca426dfbe0a	72592d3f49e03a3d6f390cf4368512ad38f003c50675df48acb2fca426dfbe0a;72592d3f49e03a3d6f390cf4368512ad38f003c50675df48acb2fca426dfbe0a	1	Cross-source assemblies of one donor, not independent biological replication; shared raw-data provenance not excluded
NA18940	HLA-B	gene_sha256	2	2	211618392486acd267830dfd4def9b863a3133befdcec6ffe311c9616a330f86;67cafd8dbce188d0495cbe13ff5f7e37a39890a6efecdf1757262af318ee24fa	211618392486acd267830dfd4def9b863a3133befdcec6ffe311c9616a330f86;67cafd8dbce188d0495cbe13ff5f7e37a39890a6efecdf1757262af318ee24fa	1	Cross-source assemblies of one donor, not independent biological replication; shared raw-data provenance not excluded
NA18940	HLA-B	cds_sha256	2	2	9fe8c844f5ef999265f58fcf1d3091157aec05884ea8c6b8dd2295fad35d1733;cbdb67f65e64f2f41abcc5de908968df2074174bcf033ff3f563977cdbced531	9fe8c844f5ef999265f58fcf1d3091157aec05884ea8c6b8dd2295fad35d1733;cbdb67f65e64f2f41abcc5de908968df2074174bcf033ff3f563977cdbced531	1	Cross-source assemblies of one donor, not independent biological replication; shared raw-data provenance not excluded
NA18940	HLA-C	gene_sha256	2	2	10880f3c19e3c274abd62be1bd64b77ed5f7c3bd498e08d026c7e9d61d9066e9;277f04923b17fd106093b89644bf74fdccc5308d8b8e679a3ade9eda59b18f7b	10880f3c19e3c274abd62be1bd64b77ed5f7c3bd498e08d026c7e9d61d9066e9;277f04923b17fd106093b89644bf74fdccc5308d8b8e679a3ade9eda59b18f7b	1	Cross-source assemblies of one donor, not independent biological replication; shared raw-data provenance not excluded
NA18940	HLA-C	cds_sha256	2	2	4ebf37142a43331f63e79351fbff14e94abe86b4fc49827ac95807f710b0b5bd;840b574535325f084d243ef3d4f91f54800c42624fd046927708509515d422db	4ebf37142a43331f63e79351fbff14e94abe86b4fc49827ac95807f710b0b5bd;840b574535325f084d243ef3d4f91f54800c42624fd046927708509515d422db	1	Cross-source assemblies of one donor, not independent biological replication; shared raw-data provenance not excluded
NA18940	HLA-DPA1	gene_sha256	2	2	c21fa50fcdb71551772a814aab50d75e10e1432c78dbb7df74a263a97464aeb8;c2e94a215a367c02bfdbc9244e7d29531cbe746963bbd9d6c17ef53cb0a84bb6	c21fa50fcdb71551772a814aab50d75e10e1432c78dbb7df74a263a97464aeb8;c2e94a215a367c02bfdbc9244e7d29531cbe746963bbd9d6c17ef53cb0a84bb6	1	Cross-source assemblies of one donor, not independent biological replication; shared raw-data provenance not excluded
NA18940	HLA-DPA1	cds_sha256	2	2	cd4b4a8379521cde40d22bcc3332de97483af0ab8ed70ac983159d1805c26d9d;cd4b4a8379521cde40d22bcc3332de97483af0ab8ed70ac983159d1805c26d9d	cd4b4a8379521cde40d22bcc3332de97483af0ab8ed70ac983159d1805c26d9d;cd4b4a8379521cde40d22bcc3332de97483af0ab8ed70ac983159d1805c26d9d	1	Cross-source assemblies of one donor, not independent biological replication; shared raw-data provenance not excluded
NA18940	HLA-DPB1	gene_sha256	2	2	5cc1f3714368a76761e6ec039567538062e8c8a0138b692b02465602e67ee62e;70973a44e0bd55b03291b556c02a2d3c746311ca8fd123bdd0d74672d1412fef	5cc1f3714368a76761e6ec039567538062e8c8a0138b692b02465602e67ee62e;70973a44e0bd55b03291b556c02a2d3c746311ca8fd123bdd0d74672d1412fef	1	Cross-source assemblies of one donor, not independent biological replication; shared raw-data provenance not excluded
NA18940	HLA-DPB1	cds_sha256	2	2	56a8099990f049426b85114a4b73649da45136b9447548676da3050edeaaaa5a;f30464a91b665761c38da5026c2d2c80858662c09b96d78f3274f68199c674a0	56a8099990f049426b85114a4b73649da45136b9447548676da3050edeaaaa5a;f30464a91b665761c38da5026c2d2c80858662c09b96d78f3274f68199c674a0	1	Cross-source assemblies of one donor, not independent biological replication; shared raw-data provenance not excluded
NA18940	HLA-DQA1	gene_sha256	2	2	0f103bb7233d535935eec921c489bbcd9229b3730a4386dc4d00335302005251;1379fc1f5a3478ce85e3415fa7384673e88fbc3e2081363b447489c2df3bf507	0f103bb7233d535935eec921c489bbcd9229b3730a4386dc4d00335302005251;1379fc1f5a3478ce85e3415fa7384673e88fbc3e2081363b447489c2df3bf507	1	Cross-source assemblies of one donor, not independent biological replication; shared raw-data provenance not excluded
NA18940	HLA-DQA1	cds_sha256	2	2	90c9c3a50684523bf8b75dea2974ffeb6b2dc9616517164c2905e1137b3ec843;ef42119adc4fa8ebebfabc2dcc50a44db2d7a71ce515bd218c42ef3865230290	90c9c3a50684523bf8b75dea2974ffeb6b2dc9616517164c2905e1137b3ec843;ef42119adc4fa8ebebfabc2dcc50a44db2d7a71ce515bd218c42ef3865230290	1	Cross-source assemblies of one donor, not independent biological replication; shared raw-data provenance not excluded
NA18940	HLA-DQB1	gene_sha256	2	2	78369ac90cfcc9b0f947af33a74275693a87e9cfda7b3dc0edcf48ba0ff32604;b36957f77600058a8a310638d79539a94852a07388b6abb647733afdadf74d73	78369ac90cfcc9b0f947af33a74275693a87e9cfda7b3dc0edcf48ba0ff32604;b36957f77600058a8a310638d79539a94852a07388b6abb647733afdadf74d73	1	Cross-source assemblies of one donor, not independent biological replication; shared raw-data provenance not excluded
NA18940	HLA-DQB1	cds_sha256	2	2	8eca11e1cbc387d4515e4bc63897990cebd76dea14df174cd8eba8947cef38b2;8f95dab73c25b349b4914e7e67926246e72522e7ef9b9b64f358eac9cc8eab9f	8eca11e1cbc387d4515e4bc63897990cebd76dea14df174cd8eba8947cef38b2;8f95dab73c25b349b4914e7e67926246e72522e7ef9b9b64f358eac9cc8eab9f	1	Cross-source assemblies of one donor, not independent biological replication; shared raw-data provenance not excluded
NA18940	HLA-DRB1	gene_sha256	2	2	19a2d5dd89be56b714bc3665e4376f633c30e4fbfc71ee98cfcd409419723983;d85e9b37315b7a14192cfb8e2d82cb8ab53855e6627ff80cc81996d14b80c4bf	19a2d5dd89be56b714bc3665e4376f633c30e4fbfc71ee98cfcd409419723983;d85e9b37315b7a14192cfb8e2d82cb8ab53855e6627ff80cc81996d14b80c4bf	1	Cross-source assemblies of one donor, not independent biological replication; shared raw-data provenance not excluded
NA18940	HLA-DRB1	cds_sha256	2	2	6275ef6c7063a7eced24212a3cd5d9d447ec1672e25865fadc68ec020dd4454a;a17743db4d4b1307ff21b592d4401cfdb4c88e2a154bd86921df47c161e985d2	6275ef6c7063a7eced24212a3cd5d9d447ec1672e25865fadc68ec020dd4454a;a17743db4d4b1307ff21b592d4401cfdb4c88e2a154bd86921df47c161e985d2	1	Cross-source assemblies of one donor, not independent biological replication; shared raw-data provenance not excluded
NA18940	HLA-DRB5	gene_sha256	1	1	931f7dcbb771d8aa660c8efce32eb0e2c40ad36875d4d8575e4c8f66f6a4d0f5	931f7dcbb771d8aa660c8efce32eb0e2c40ad36875d4d8575e4c8f66f6a4d0f5	1	Cross-source assemblies of one donor, not independent biological replication; shared raw-data provenance not excluded
NA18940	HLA-DRB5	cds_sha256	1	1	2d6ca9d13e90e7d446ee80de6c4a34ff1ec59034ebfb69b804546fd5790fdff8	2d6ca9d13e90e7d446ee80de6c4a34ff1ec59034ebfb69b804546fd5790fdff8	1	Cross-source assemblies of one donor, not independent biological replication; shared raw-data provenance not excluded
NA18943	HLA-A	gene_sha256	2	2	e4821f6d1187108951df2642f5e1c99b08c168aa4cebe66c811a78f3ce00552e;fc8785ae525b4296fdb0553cb7468a0393d0c8cb49675133ddaeaf9f41505f46	e4821f6d1187108951df2642f5e1c99b08c168aa4cebe66c811a78f3ce00552e;fc8785ae525b4296fdb0553cb7468a0393d0c8cb49675133ddaeaf9f41505f46	1	Cross-source assemblies of one donor, not independent biological replication; shared raw-data provenance not excluded
NA18943	HLA-A	cds_sha256	2	2	3bbf94e3a6eb94ec9a012607d69d6f28e5bad45c740349deee06cebb40aebe65;3f18b5bd42e5ff8362e02166d6bb9f316de2fa9db04cda38ad12e42c7f388c55	3bbf94e3a6eb94ec9a012607d69d6f28e5bad45c740349deee06cebb40aebe65;3f18b5bd42e5ff8362e02166d6bb9f316de2fa9db04cda38ad12e42c7f388c55	1	Cross-source assemblies of one donor, not independent biological replication; shared raw-data provenance not excluded
NA18943	HLA-B	gene_sha256	2	2	211618392486acd267830dfd4def9b863a3133befdcec6ffe311c9616a330f86;f74f5ad9e1e3dc8f9758a8eb651cabbaf69ebc2d6dc5f14fb17a488b99ab3ea2	211618392486acd267830dfd4def9b863a3133befdcec6ffe311c9616a330f86;f74f5ad9e1e3dc8f9758a8eb651cabbaf69ebc2d6dc5f14fb17a488b99ab3ea2	1	Cross-source assemblies of one donor, not independent biological replication; shared raw-data provenance not excluded
NA18943	HLA-B	cds_sha256	2	2	8a550ca1da2eeff7ccb1678a6fa342e2872a8e90ae61363ca2267e8fc4407fad;9fe8c844f5ef999265f58fcf1d3091157aec05884ea8c6b8dd2295fad35d1733	8a550ca1da2eeff7ccb1678a6fa342e2872a8e90ae61363ca2267e8fc4407fad;9fe8c844f5ef999265f58fcf1d3091157aec05884ea8c6b8dd2295fad35d1733	1	Cross-source assemblies of one donor, not independent biological replication; shared raw-data provenance not excluded
NA18943	HLA-C	gene_sha256	2	2	717d3c3e165a78749a4ff7e0f7f642f8f8c96aa47a5bb7482c98810ee0d8e3e9;76efa46ca6a4bb8deaf1e059af45d2aecc7c662538491850eaa3b574895eb7b7	717d3c3e165a78749a4ff7e0f7f642f8f8c96aa47a5bb7482c98810ee0d8e3e9;76efa46ca6a4bb8deaf1e059af45d2aecc7c662538491850eaa3b574895eb7b7	1	Cross-source assemblies of one donor, not independent biological replication; shared raw-data provenance not excluded
NA18943	HLA-C	cds_sha256	2	2	12dc70eb013cdf6c9253f19a4b55b82c73877e7e1771165364736c2d90579a7d;716c15217f162d2fd1bf86f82c78947f7d581b204ab2bd20ddafe0b90018c36a	12dc70eb013cdf6c9253f19a4b55b82c73877e7e1771165364736c2d90579a7d;716c15217f162d2fd1bf86f82c78947f7d581b204ab2bd20ddafe0b90018c36a	1	Cross-source assemblies of one donor, not independent biological replication; shared raw-data provenance not excluded
NA18943	HLA-DPA1	gene_sha256	2	2	009a1299e87ee587cb554ce4fde834f9dedfe204453fe4caac93ce35133baa3f;0869fdeff20acc8dff2f99f9436a637a8f67bf28a34e024871bfac0ab1ae8380	009a1299e87ee587cb554ce4fde834f9dedfe204453fe4caac93ce35133baa3f;0869fdeff20acc8dff2f99f9436a637a8f67bf28a34e024871bfac0ab1ae8380	1	Cross-source assemblies of one donor, not independent biological replication; shared raw-data provenance not excluded
NA18943	HLA-DPA1	cds_sha256	2	2	56a6d8ff783454876a7dc74858b229fb861bd66049037583f43d3bc3a93b047f;cd4b4a8379521cde40d22bcc3332de97483af0ab8ed70ac983159d1805c26d9d	56a6d8ff783454876a7dc74858b229fb861bd66049037583f43d3bc3a93b047f;cd4b4a8379521cde40d22bcc3332de97483af0ab8ed70ac983159d1805c26d9d	1	Cross-source assemblies of one donor, not independent biological replication; shared raw-data provenance not excluded
NA18943	HLA-DPB1	gene_sha256	2	2	35acafdb7ca0ce6229ee0b61649f4eec80b78fba3a4af32628c8d2a6cc285a80;ea306ca181258436502aaa1d9898f7708e3ce3c83144403aecdf4539a74b1a36	35acafdb7ca0ce6229ee0b61649f4eec80b78fba3a4af32628c8d2a6cc285a80;ea306ca181258436502aaa1d9898f7708e3ce3c83144403aecdf4539a74b1a36	1	Cross-source assemblies of one donor, not independent biological replication; shared raw-data provenance not excluded
NA18943	HLA-DPB1	cds_sha256	2	2	6659e1c24df3dbbe8976f1368b8a5790244e9dadb8a49e2234c4f02856d9b9b3;f30464a91b665761c38da5026c2d2c80858662c09b96d78f3274f68199c674a0	6659e1c24df3dbbe8976f1368b8a5790244e9dadb8a49e2234c4f02856d9b9b3;f30464a91b665761c38da5026c2d2c80858662c09b96d78f3274f68199c674a0	1	Cross-source assemblies of one donor, not independent biological replication; shared raw-data provenance not excluded
NA18943	HLA-DQA1	gene_sha256	2	2	1379fc1f5a3478ce85e3415fa7384673e88fbc3e2081363b447489c2df3bf507;b3de5996efbfb408ad6cc456ce23486a8eb3df06f4d80eaff56f8436fb3a025b	1379fc1f5a3478ce85e3415fa7384673e88fbc3e2081363b447489c2df3bf507;b3de5996efbfb408ad6cc456ce23486a8eb3df06f4d80eaff56f8436fb3a025b	1	Cross-source assemblies of one donor, not independent biological replication; shared raw-data provenance not excluded
NA18943	HLA-DQA1	cds_sha256	2	2	90c9c3a50684523bf8b75dea2974ffeb6b2dc9616517164c2905e1137b3ec843;ef42119adc4fa8ebebfabc2dcc50a44db2d7a71ce515bd218c42ef3865230290	90c9c3a50684523bf8b75dea2974ffeb6b2dc9616517164c2905e1137b3ec843;ef42119adc4fa8ebebfabc2dcc50a44db2d7a71ce515bd218c42ef3865230290	1	Cross-source assemblies of one donor, not independent biological replication; shared raw-data provenance not excluded
NA18943	HLA-DQB1	gene_sha256	2	2	12fb3ed05a09a6f38c4ce32b2998f663be6b4bcdc98fdd1675a37186f3f7a26f;78369ac90cfcc9b0f947af33a74275693a87e9cfda7b3dc0edcf48ba0ff32604	12fb3ed05a09a6f38c4ce32b2998f663be6b4bcdc98fdd1675a37186f3f7a26f;78369ac90cfcc9b0f947af33a74275693a87e9cfda7b3dc0edcf48ba0ff32604	1	Cross-source assemblies of one donor, not independent biological replication; shared raw-data provenance not excluded
NA18943	HLA-DQB1	cds_sha256	2	2	8eca11e1cbc387d4515e4bc63897990cebd76dea14df174cd8eba8947cef38b2;8f95dab73c25b349b4914e7e67926246e72522e7ef9b9b64f358eac9cc8eab9f	8eca11e1cbc387d4515e4bc63897990cebd76dea14df174cd8eba8947cef38b2;8f95dab73c25b349b4914e7e67926246e72522e7ef9b9b64f358eac9cc8eab9f	1	Cross-source assemblies of one donor, not independent biological replication; shared raw-data provenance not excluded
NA18943	HLA-DRB1	gene_sha256	2	2	856a1c8f3ab3bb181e85e70668235dd63a6a77cb79c70b380f52e5820bbc0cab;93e2a845306e2932e051c7b506c0eb189d94aded75cd19b89e30766d1eef895e	856a1c8f3ab3bb181e85e70668235dd63a6a77cb79c70b380f52e5820bbc0cab;93e2a845306e2932e051c7b506c0eb189d94aded75cd19b89e30766d1eef895e	1	Cross-source assemblies of one donor, not independent biological replication; shared raw-data provenance not excluded
NA18943	HLA-DRB1	cds_sha256	2	2	7ada4206f852c616880e72a429ea13bdb349e1ccd0da36c0f42a847e9ab8944f;a17743db4d4b1307ff21b592d4401cfdb4c88e2a154bd86921df47c161e985d2	7ada4206f852c616880e72a429ea13bdb349e1ccd0da36c0f42a847e9ab8944f;a17743db4d4b1307ff21b592d4401cfdb4c88e2a154bd86921df47c161e985d2	1	Cross-source assemblies of one donor, not independent biological replication; shared raw-data provenance not excluded
NA18945	HLA-A	gene_sha256	2	2	7aee19df8cbd6e6d8094371761bb347347b160b8342d73bbedce4260aa1e6e55;e22534ab3292ecf0d0a962ef6c228b901453d295a0024a3e0c493112816567bb	7aee19df8cbd6e6d8094371761bb347347b160b8342d73bbedce4260aa1e6e55;e22534ab3292ecf0d0a962ef6c228b901453d295a0024a3e0c493112816567bb	1	Cross-source assemblies of one donor, not independent biological replication; shared raw-data provenance not excluded
NA18945	HLA-A	cds_sha256	2	2	5b04ec1e27d27a644b49df91d06adecb6f588ef54ea7111e6fdc94da2982e8bc;885011b0a86ef4f9b70e8a5cf3181d61ba946b2eda2bfab2abb7b5db6421e3e4	5b04ec1e27d27a644b49df91d06adecb6f588ef54ea7111e6fdc94da2982e8bc;885011b0a86ef4f9b70e8a5cf3181d61ba946b2eda2bfab2abb7b5db6421e3e4	1	Cross-source assemblies of one donor, not independent biological replication; shared raw-data provenance not excluded
NA18945	HLA-B	gene_sha256	2	2	41254bae685d86c5c44b2a892b4d1b5a20264571ee3308601df7046925a98644;d794c8b710ce9dfd7d3aa211650c251bcf1c1401ee37e73b4fb7ac45d82e77dd	41254bae685d86c5c44b2a892b4d1b5a20264571ee3308601df7046925a98644;d794c8b710ce9dfd7d3aa211650c251bcf1c1401ee37e73b4fb7ac45d82e77dd	1	Cross-source assemblies of one donor, not independent biological replication; shared raw-data provenance not excluded
NA18945	HLA-B	cds_sha256	2	2	1d44ca5fbebab117a234400b2fbd2353eb719a6ed3ed31e921be1a5f57a0a56c;4e0af67175e86f409721018a7af772365528639d5299ed273ce9fdb77e0ce8a5	1d44ca5fbebab117a234400b2fbd2353eb719a6ed3ed31e921be1a5f57a0a56c;4e0af67175e86f409721018a7af772365528639d5299ed273ce9fdb77e0ce8a5	1	Cross-source assemblies of one donor, not independent biological replication; shared raw-data provenance not excluded
NA18945	HLA-C	gene_sha256	2	2	be57c9768705689edff206e555e3a1c3569e9ee1b3c31678e1bb220b73d3d971;d3bd228f39fb04d37d7ea201329625df289582d6006dba66ce5677feaab3640a	be57c9768705689edff206e555e3a1c3569e9ee1b3c31678e1bb220b73d3d971;d3bd228f39fb04d37d7ea201329625df289582d6006dba66ce5677feaab3640a	1	Cross-source assemblies of one donor, not independent biological replication; shared raw-data provenance not excluded
NA18945	HLA-C	cds_sha256	2	2	049c0d12f791833def7d5f8b879b2a76d96a3cd4a13130943916e22204d82cee;3143d1ea713e21466f1351365db0594f43bb6c7a106007340283721f8d0670f0	049c0d12f791833def7d5f8b879b2a76d96a3cd4a13130943916e22204d82cee;3143d1ea713e21466f1351365db0594f43bb6c7a106007340283721f8d0670f0	1	Cross-source assemblies of one donor, not independent biological replication; shared raw-data provenance not excluded
NA18945	HLA-DPA1	gene_sha256	2	2	009a1299e87ee587cb554ce4fde834f9dedfe204453fe4caac93ce35133baa3f;0869fdeff20acc8dff2f99f9436a637a8f67bf28a34e024871bfac0ab1ae8380	009a1299e87ee587cb554ce4fde834f9dedfe204453fe4caac93ce35133baa3f;0869fdeff20acc8dff2f99f9436a637a8f67bf28a34e024871bfac0ab1ae8380	1	Cross-source assemblies of one donor, not independent biological replication; shared raw-data provenance not excluded
NA18945	HLA-DPA1	cds_sha256	2	2	56a6d8ff783454876a7dc74858b229fb861bd66049037583f43d3bc3a93b047f;cd4b4a8379521cde40d22bcc3332de97483af0ab8ed70ac983159d1805c26d9d	56a6d8ff783454876a7dc74858b229fb861bd66049037583f43d3bc3a93b047f;cd4b4a8379521cde40d22bcc3332de97483af0ab8ed70ac983159d1805c26d9d	1	Cross-source assemblies of one donor, not independent biological replication; shared raw-data provenance not excluded
NA18945	HLA-DPB1	gene_sha256	2	2	a54bdb04e031bc1703b3687c3d75c330d1f81ad44c655c63676c1d3485b49e97;d774ddc45806e1ee5e8304b95035a433e7130c557bd5dee5e8644c7d6c6e3822	a54bdb04e031bc1703b3687c3d75c330d1f81ad44c655c63676c1d3485b49e97;d774ddc45806e1ee5e8304b95035a433e7130c557bd5dee5e8644c7d6c6e3822	1	Cross-source assemblies of one donor, not independent biological replication; shared raw-data provenance not excluded
NA18945	HLA-DPB1	cds_sha256	2	2	6659e1c24df3dbbe8976f1368b8a5790244e9dadb8a49e2234c4f02856d9b9b3;f30464a91b665761c38da5026c2d2c80858662c09b96d78f3274f68199c674a0	6659e1c24df3dbbe8976f1368b8a5790244e9dadb8a49e2234c4f02856d9b9b3;f30464a91b665761c38da5026c2d2c80858662c09b96d78f3274f68199c674a0	1	Cross-source assemblies of one donor, not independent biological replication; shared raw-data provenance not excluded
NA18945	HLA-DQA1	gene_sha256	2	2	035575286deb4be0e472ae74561c2933c9cbf1fb33be6133b8d3a9673b522ded;ec31c1c13f52306c6ee38164677eda034d54b48b8e210d4c7a12a4b0cb94ffbc	035575286deb4be0e472ae74561c2933c9cbf1fb33be6133b8d3a9673b522ded;ec31c1c13f52306c6ee38164677eda034d54b48b8e210d4c7a12a4b0cb94ffbc	1	Cross-source assemblies of one donor, not independent biological replication; shared raw-data provenance not excluded
NA18945	HLA-DQA1	cds_sha256	2	2	ac00e3c799d85af7172274b322ab9998ef73923e79aeaa1943af09f52b98c601;d84fddf474293b4337a3ba0b30586fad1d146bb1d21524b59f2798efe5b37ae1	ac00e3c799d85af7172274b322ab9998ef73923e79aeaa1943af09f52b98c601;d84fddf474293b4337a3ba0b30586fad1d146bb1d21524b59f2798efe5b37ae1	1	Cross-source assemblies of one donor, not independent biological replication; shared raw-data provenance not excluded
NA18945	HLA-DQB1	gene_sha256	2	2	d18739a512e4933a0626cdb4425eb86895964b8bc3890ef2e9a6616dd8200a64;ef513a993cd69f374beef4ea8313b70b19ed579908ee7e5213fa0f25c95642c3	d18739a512e4933a0626cdb4425eb86895964b8bc3890ef2e9a6616dd8200a64;ef513a993cd69f374beef4ea8313b70b19ed579908ee7e5213fa0f25c95642c3	1	Cross-source assemblies of one donor, not independent biological replication; shared raw-data provenance not excluded
NA18945	HLA-DQB1	cds_sha256	2	2	781a32b1f021c638f5e6fc5652f5cc4367e8e30291c9f3df3e2e01102c3a79e0;fd754da00993e6470e831e2e7683c0890075f5dbd9b5b4586c79199d59370574	781a32b1f021c638f5e6fc5652f5cc4367e8e30291c9f3df3e2e01102c3a79e0;fd754da00993e6470e831e2e7683c0890075f5dbd9b5b4586c79199d59370574	1	Cross-source assemblies of one donor, not independent biological replication; shared raw-data provenance not excluded
NA18945	HLA-DRB1	gene_sha256	2	2	a4a0c79b27a0a2e9355d7f08c2d5f7282cf3a4317862a891d996288dfa6fe4a0;f0c949f106342fd478020181ce8cb1cf710bb28e8aef6f49df35a0101fbd7c2a	a4a0c79b27a0a2e9355d7f08c2d5f7282cf3a4317862a891d996288dfa6fe4a0;f0c949f106342fd478020181ce8cb1cf710bb28e8aef6f49df35a0101fbd7c2a	1	Cross-source assemblies of one donor, not independent biological replication; shared raw-data provenance not excluded
NA18945	HLA-DRB1	cds_sha256	2	2	58aef5c6739eab202e6a4a2d13527a848f64ecf61e2311478599b08be1aaafe9;5e021b812d252bfee27d60019fc03b2dd17f7199086ec2ae6ad8a870c2c2e990	58aef5c6739eab202e6a4a2d13527a848f64ecf61e2311478599b08be1aaafe9;5e021b812d252bfee27d60019fc03b2dd17f7199086ec2ae6ad8a870c2c2e990	1	Cross-source assemblies of one donor, not independent biological replication; shared raw-data provenance not excluded
NA18945	HLA-DRB3	gene_sha256	1	1	05fca781a5e3dbf6b23c1f46b9bbafc864214c95a01f01399d368b8d121f917c	05fca781a5e3dbf6b23c1f46b9bbafc864214c95a01f01399d368b8d121f917c	1	Cross-source assemblies of one donor, not independent biological replication; shared raw-data provenance not excluded
NA18945	HLA-DRB3	cds_sha256	1	1	177a36ff15a114a831e7f7fb127c7813990115f54e301084e8386406c0e8d340	177a36ff15a114a831e7f7fb127c7813990115f54e301084e8386406c0e8d340	1	Cross-source assemblies of one donor, not independent biological replication; shared raw-data provenance not excluded
NA18945	HLA-DRB4	gene_sha256	1	1	01af78bfa1abf245342634868a4049d79d4a5d8401c9b79f59525d6c3e1b7712	01af78bfa1abf245342634868a4049d79d4a5d8401c9b79f59525d6c3e1b7712	1	Cross-source assemblies of one donor, not independent biological replication; shared raw-data provenance not excluded
NA18945	HLA-DRB4	cds_sha256	1	1	cf3bc91c6737c9f5011b77ec84d64a4bc89c502af91fa2b8d5414948978c9588	cf3bc91c6737c9f5011b77ec84d64a4bc89c502af91fa2b8d5414948978c9588	1	Cross-source assemblies of one donor, not independent biological replication; shared raw-data provenance not excluded
NA18952	HLA-A	gene_sha256	2	2	b97c51f34a8a9f4982dd5eb1f4230b9807f455ba1caf338e80f8bdf65c677f9f;e22534ab3292ecf0d0a962ef6c228b901453d295a0024a3e0c493112816567bb	e22534ab3292ecf0d0a962ef6c228b901453d295a0024a3e0c493112816567bb;e22534ab3292ecf0d0a962ef6c228b901453d295a0024a3e0c493112816567bb	0	Cross-source assemblies of one donor, not independent biological replication; shared raw-data provenance not excluded
NA18952	HLA-A	cds_sha256	2	2	72592d3f49e03a3d6f390cf4368512ad38f003c50675df48acb2fca426dfbe0a;885011b0a86ef4f9b70e8a5cf3181d61ba946b2eda2bfab2abb7b5db6421e3e4	885011b0a86ef4f9b70e8a5cf3181d61ba946b2eda2bfab2abb7b5db6421e3e4;885011b0a86ef4f9b70e8a5cf3181d61ba946b2eda2bfab2abb7b5db6421e3e4	0	Cross-source assemblies of one donor, not independent biological replication; shared raw-data provenance not excluded
NA18952	HLA-B	gene_sha256	2	2	3d3e91fc88a546b095c6540cd520eaa85f8f476619091f08db81eb278fdef786;dd9dddd7803ef0c3631f3110f5386863809fa8dfd23a32b380976bbf5bd535e9	dd9dddd7803ef0c3631f3110f5386863809fa8dfd23a32b380976bbf5bd535e9;dd9dddd7803ef0c3631f3110f5386863809fa8dfd23a32b380976bbf5bd535e9	0	Cross-source assemblies of one donor, not independent biological replication; shared raw-data provenance not excluded
NA18952	HLA-B	cds_sha256	2	2	2b462b750b99ab69c978efcfb824da318bac7838a1455a93ca9cff3c58fb94b6;c114731eea76865bb5f2ceb78422467544c62585ee021dc7a57deffd1993bcfa	c114731eea76865bb5f2ceb78422467544c62585ee021dc7a57deffd1993bcfa;c114731eea76865bb5f2ceb78422467544c62585ee021dc7a57deffd1993bcfa	0	Cross-source assemblies of one donor, not independent biological replication; shared raw-data provenance not excluded
NA18952	HLA-C	gene_sha256	2	2	60125bc111c19f57dce81684cbcb92f08ece982c95aa22f898066a06f25b6be1;f03c8120ba6eeb7d66697993b68f27718bed9cfb98a80e23d19721ba5cedb607	60125bc111c19f57dce81684cbcb92f08ece982c95aa22f898066a06f25b6be1;60125bc111c19f57dce81684cbcb92f08ece982c95aa22f898066a06f25b6be1	0	Cross-source assemblies of one donor, not independent biological replication; shared raw-data provenance not excluded
NA18952	HLA-C	cds_sha256	2	2	049c0d12f791833def7d5f8b879b2a76d96a3cd4a13130943916e22204d82cee;b309a8704f0ff654fc8c1b44346630d779017a724cede9f450135e3ffadd51a6	b309a8704f0ff654fc8c1b44346630d779017a724cede9f450135e3ffadd51a6;b309a8704f0ff654fc8c1b44346630d779017a724cede9f450135e3ffadd51a6	0	Cross-source assemblies of one donor, not independent biological replication; shared raw-data provenance not excluded
NA18952	HLA-DPA1	gene_sha256	2	2	009a1299e87ee587cb554ce4fde834f9dedfe204453fe4caac93ce35133baa3f;d272eeaf9f9b5de9221dd007d6462b2bf6af989bd8090aec25f2736113a26a35	009a1299e87ee587cb554ce4fde834f9dedfe204453fe4caac93ce35133baa3f;009a1299e87ee587cb554ce4fde834f9dedfe204453fe4caac93ce35133baa3f	0	Cross-source assemblies of one donor, not independent biological replication; shared raw-data provenance not excluded
NA18952	HLA-DPA1	cds_sha256	2	2	56a6d8ff783454876a7dc74858b229fb861bd66049037583f43d3bc3a93b047f;b098f34ca4caa05c92e4525da9a0fb4789be3e19b5e809a73931d90d6a1edf32	56a6d8ff783454876a7dc74858b229fb861bd66049037583f43d3bc3a93b047f;56a6d8ff783454876a7dc74858b229fb861bd66049037583f43d3bc3a93b047f	0	Cross-source assemblies of one donor, not independent biological replication; shared raw-data provenance not excluded
NA18952	HLA-DPB1	gene_sha256	2	2	99b3cd6d053bd6b8c978dd86406a3e2e6d92fff641232f363004a5352b5bde08;d3632948dbfaf8a225b312daa0e58bb95314143a0ecde9890449e15ab0e16b7c	99b3cd6d053bd6b8c978dd86406a3e2e6d92fff641232f363004a5352b5bde08;99b3cd6d053bd6b8c978dd86406a3e2e6d92fff641232f363004a5352b5bde08	0	Cross-source assemblies of one donor, not independent biological replication; shared raw-data provenance not excluded
NA18952	HLA-DPB1	cds_sha256	2	2	6659e1c24df3dbbe8976f1368b8a5790244e9dadb8a49e2234c4f02856d9b9b3;6659e1c24df3dbbe8976f1368b8a5790244e9dadb8a49e2234c4f02856d9b9b3	6659e1c24df3dbbe8976f1368b8a5790244e9dadb8a49e2234c4f02856d9b9b3;6659e1c24df3dbbe8976f1368b8a5790244e9dadb8a49e2234c4f02856d9b9b3	1	Cross-source assemblies of one donor, not independent biological replication; shared raw-data provenance not excluded
NA18952	HLA-DQA1	gene_sha256	2	2	b8a3cd72fc23d2731e5fcace9c3fd6b22b576cc9fa3bdaf82c1d142a1e4f2b3e;ec31c1c13f52306c6ee38164677eda034d54b48b8e210d4c7a12a4b0cb94ffbc	ec31c1c13f52306c6ee38164677eda034d54b48b8e210d4c7a12a4b0cb94ffbc;ec31c1c13f52306c6ee38164677eda034d54b48b8e210d4c7a12a4b0cb94ffbc	0	Cross-source assemblies of one donor, not independent biological replication; shared raw-data provenance not excluded
NA18952	HLA-DQA1	cds_sha256	2	2	979abe17f229c9ee8fe56fdf4709e5b1d1a0c4b7c69ebcf8773e32a980e7132a;d84fddf474293b4337a3ba0b30586fad1d146bb1d21524b59f2798efe5b37ae1	d84fddf474293b4337a3ba0b30586fad1d146bb1d21524b59f2798efe5b37ae1;d84fddf474293b4337a3ba0b30586fad1d146bb1d21524b59f2798efe5b37ae1	0	Cross-source assemblies of one donor, not independent biological replication; shared raw-data provenance not excluded
NA18952	HLA-DQB1	gene_sha256	2	2	90faff758028e2b8168d92cff964f95d7fbd9ba96b4eb10f0dac8776d764a92b;f552315b05f3e4d85f4308ccaa62e49b931e4b5f0029d7b8f86b6473ae7854e2	90faff758028e2b8168d92cff964f95d7fbd9ba96b4eb10f0dac8776d764a92b;90faff758028e2b8168d92cff964f95d7fbd9ba96b4eb10f0dac8776d764a92b	0	Cross-source assemblies of one donor, not independent biological replication; shared raw-data provenance not excluded
NA18952	HLA-DQB1	cds_sha256	2	2	1222a2a8ff0a0ff4b60420b7ed15fea9fde0e1cc02a2a5cb8ec46d4b5cea199e;781a32b1f021c638f5e6fc5652f5cc4367e8e30291c9f3df3e2e01102c3a79e0	781a32b1f021c638f5e6fc5652f5cc4367e8e30291c9f3df3e2e01102c3a79e0;781a32b1f021c638f5e6fc5652f5cc4367e8e30291c9f3df3e2e01102c3a79e0	0	Cross-source assemblies of one donor, not independent biological replication; shared raw-data provenance not excluded
NA18952	HLA-DRB1	gene_sha256	2	2	3c8582f874ac09c2c5b1b5cf59aa29fbe554fcb3086b9ee6644d7de8dc5405a1;b3400e274e0c22945c35de1492db90373bb3e482d5744a15034714e7c8a1da50	47c63e49302f5f86f8e2b4e8c8c427ce9e67e4507d2e412af2883d540775d9f9;b3400e274e0c22945c35de1492db90373bb3e482d5744a15034714e7c8a1da50	0	Cross-source assemblies of one donor, not independent biological replication; shared raw-data provenance not excluded
NA18952	HLA-DRB1	cds_sha256	2	2	58aef5c6739eab202e6a4a2d13527a848f64ecf61e2311478599b08be1aaafe9;ee53527cacf6135f4c472389529ba124cdaf8874dd80633ae7b73b61195a688e	58aef5c6739eab202e6a4a2d13527a848f64ecf61e2311478599b08be1aaafe9;58aef5c6739eab202e6a4a2d13527a848f64ecf61e2311478599b08be1aaafe9	0	Cross-source assemblies of one donor, not independent biological replication; shared raw-data provenance not excluded
NA18952	HLA-DRB3	gene_sha256	1	0	20be1dc5cb8dcfc49f39f489c7cc294750dcd782b74da36d7d0da18f97709ac7		0	Cross-source assemblies of one donor, not independent biological replication; shared raw-data provenance not excluded
NA18952	HLA-DRB3	cds_sha256	1	0	62a4a14af20e5746b68b608179dc77d8f17e2dfb1f0b6095dd43be9fa35d35ea		0	Cross-source assemblies of one donor, not independent biological replication; shared raw-data provenance not excluded
NA18952	HLA-DRB4	gene_sha256	1	2	23f00f068faadb7a88cb9e2c86346f014a3a482c713c7437258de5c53b13c3a2	23f00f068faadb7a88cb9e2c86346f014a3a482c713c7437258de5c53b13c3a2;23f00f068faadb7a88cb9e2c86346f014a3a482c713c7437258de5c53b13c3a2	0	Cross-source assemblies of one donor, not independent biological replication; shared raw-data provenance not excluded
NA18952	HLA-DRB4	cds_sha256	1	2	cf3bc91c6737c9f5011b77ec84d64a4bc89c502af91fa2b8d5414948978c9588	cf3bc91c6737c9f5011b77ec84d64a4bc89c502af91fa2b8d5414948978c9588;cf3bc91c6737c9f5011b77ec84d64a4bc89c502af91fa2b8d5414948978c9588	0	Cross-source assemblies of one donor, not independent biological replication; shared raw-data provenance not excluded
NA18970	HLA-A	gene_sha256	2	2	2e735934b48404eb9b3de6bb06920c346faaed79c608dd32baffaeaa7a05f68b;b97c51f34a8a9f4982dd5eb1f4230b9807f455ba1caf338e80f8bdf65c677f9f	2e735934b48404eb9b3de6bb06920c346faaed79c608dd32baffaeaa7a05f68b;b97c51f34a8a9f4982dd5eb1f4230b9807f455ba1caf338e80f8bdf65c677f9f	1	Cross-source assemblies of one donor, not independent biological replication; shared raw-data provenance not excluded
NA18970	HLA-A	cds_sha256	2	2	72592d3f49e03a3d6f390cf4368512ad38f003c50675df48acb2fca426dfbe0a;a3476b2cf404d7a789cfc62d0fe3664dcb1ac6e37f32c0996ccb726557ada93e	72592d3f49e03a3d6f390cf4368512ad38f003c50675df48acb2fca426dfbe0a;a3476b2cf404d7a789cfc62d0fe3664dcb1ac6e37f32c0996ccb726557ada93e	1	Cross-source assemblies of one donor, not independent biological replication; shared raw-data provenance not excluded
NA18970	HLA-B	gene_sha256	2	2	256c59193547dc48c16081d3abc9afe3116ce1c57220fe0d07348005fa29da6b;66b655fd393d1f4b91e14faf434317412a0d86eed354584f99ce8cc45a620e6e	256c59193547dc48c16081d3abc9afe3116ce1c57220fe0d07348005fa29da6b;66b655fd393d1f4b91e14faf434317412a0d86eed354584f99ce8cc45a620e6e	1	Cross-source assemblies of one donor, not independent biological replication; shared raw-data provenance not excluded
NA18970	HLA-B	cds_sha256	2	2	0d17d95e3e88128ec1031aa79f7b69f9f94b56f7b7812b024894e21ba5903eab;2bd78b2fa0de3d528d64bfe5acd2ad5778f136f66f9e3ab30d08158883c48b9b	0d17d95e3e88128ec1031aa79f7b69f9f94b56f7b7812b024894e21ba5903eab;2bd78b2fa0de3d528d64bfe5acd2ad5778f136f66f9e3ab30d08158883c48b9b	1	Cross-source assemblies of one donor, not independent biological replication; shared raw-data provenance not excluded
NA18970	HLA-C	gene_sha256	2	2	471aeb9dd08d9f3640250c09da5b4fade018dc3729ad885bb9fb8987f15ec6e8;552122ea0fca551277c6eb9116c4fa518410199812eb20c5a0b9d683153ee845	471aeb9dd08d9f3640250c09da5b4fade018dc3729ad885bb9fb8987f15ec6e8;552122ea0fca551277c6eb9116c4fa518410199812eb20c5a0b9d683153ee845	1	Cross-source assemblies of one donor, not independent biological replication; shared raw-data provenance not excluded
NA18970	HLA-C	cds_sha256	2	2	716c15217f162d2fd1bf86f82c78947f7d581b204ab2bd20ddafe0b90018c36a;a50be52f47a30f6871b5cc318045df51c4d4f604056d11b54053f978c9780dd8	716c15217f162d2fd1bf86f82c78947f7d581b204ab2bd20ddafe0b90018c36a;a50be52f47a30f6871b5cc318045df51c4d4f604056d11b54053f978c9780dd8	1	Cross-source assemblies of one donor, not independent biological replication; shared raw-data provenance not excluded
NA18970	HLA-DPA1	gene_sha256	2	2	009a1299e87ee587cb554ce4fde834f9dedfe204453fe4caac93ce35133baa3f;22d92697ce81373f32ad3fc597baedb42510db2e845eb88fa7fa8c94e4bc103d	009a1299e87ee587cb554ce4fde834f9dedfe204453fe4caac93ce35133baa3f;22d92697ce81373f32ad3fc597baedb42510db2e845eb88fa7fa8c94e4bc103d	1	Cross-source assemblies of one donor, not independent biological replication; shared raw-data provenance not excluded
NA18970	HLA-DPA1	cds_sha256	2	2	56a6d8ff783454876a7dc74858b229fb861bd66049037583f43d3bc3a93b047f;b098f34ca4caa05c92e4525da9a0fb4789be3e19b5e809a73931d90d6a1edf32	56a6d8ff783454876a7dc74858b229fb861bd66049037583f43d3bc3a93b047f;b098f34ca4caa05c92e4525da9a0fb4789be3e19b5e809a73931d90d6a1edf32	1	Cross-source assemblies of one donor, not independent biological replication; shared raw-data provenance not excluded
NA18970	HLA-DPB1	gene_sha256	2	2	8e245ab6b3fe697dd30dad80acfd0bc218332952f406bfffe78a3f3a921f73c7;99b3cd6d053bd6b8c978dd86406a3e2e6d92fff641232f363004a5352b5bde08	8e245ab6b3fe697dd30dad80acfd0bc218332952f406bfffe78a3f3a921f73c7;99b3cd6d053bd6b8c978dd86406a3e2e6d92fff641232f363004a5352b5bde08	1	Cross-source assemblies of one donor, not independent biological replication; shared raw-data provenance not excluded
NA18970	HLA-DPB1	cds_sha256	2	2	6659e1c24df3dbbe8976f1368b8a5790244e9dadb8a49e2234c4f02856d9b9b3;f72da6a24a15b8818a19d0e19219a074f17aed891695ffbd4275c0436054c624	6659e1c24df3dbbe8976f1368b8a5790244e9dadb8a49e2234c4f02856d9b9b3;f72da6a24a15b8818a19d0e19219a074f17aed891695ffbd4275c0436054c624	1	Cross-source assemblies of one donor, not independent biological replication; shared raw-data provenance not excluded
NA18970	HLA-DQA1	gene_sha256	2	2	2dd68097e1bab81493b5eae6b3560373a11dd91bb3089516c70e6c82d2a484fb;59c7724f6661d90275ec8d016036697c38fde5778c157f202330e325d490a1c3	2dd68097e1bab81493b5eae6b3560373a11dd91bb3089516c70e6c82d2a484fb;59c7724f6661d90275ec8d016036697c38fde5778c157f202330e325d490a1c3	1	Cross-source assemblies of one donor, not independent biological replication; shared raw-data provenance not excluded
NA18970	HLA-DQA1	cds_sha256	2	2	9537ba88302dad0c595d3ec1dfbf914c4d8fde404fc0a46129b08fb98993a65d;979abe17f229c9ee8fe56fdf4709e5b1d1a0c4b7c69ebcf8773e32a980e7132a	9537ba88302dad0c595d3ec1dfbf914c4d8fde404fc0a46129b08fb98993a65d;979abe17f229c9ee8fe56fdf4709e5b1d1a0c4b7c69ebcf8773e32a980e7132a	1	Cross-source assemblies of one donor, not independent biological replication; shared raw-data provenance not excluded
NA18970	HLA-DQB1	gene_sha256	2	2	247fac28560c5fc749055330e6144f1785c72c454cdaf66582edce45530a10a3;945425f7e09e10143a84857f89c8f9723514510cc026f65641f23735e7908190	247fac28560c5fc749055330e6144f1785c72c454cdaf66582edce45530a10a3;945425f7e09e10143a84857f89c8f9723514510cc026f65641f23735e7908190	1	Cross-source assemblies of one donor, not independent biological replication; shared raw-data provenance not excluded
NA18970	HLA-DQB1	cds_sha256	2	2	1222a2a8ff0a0ff4b60420b7ed15fea9fde0e1cc02a2a5cb8ec46d4b5cea199e;dd51d83ba51f21891c45c87881c1d4b642921e3dee0e8dbd419fb7bcb2a40707	1222a2a8ff0a0ff4b60420b7ed15fea9fde0e1cc02a2a5cb8ec46d4b5cea199e;dd51d83ba51f21891c45c87881c1d4b642921e3dee0e8dbd419fb7bcb2a40707	1	Cross-source assemblies of one donor, not independent biological replication; shared raw-data provenance not excluded
NA18970	HLA-DRB1	gene_sha256	2	2	ac9efdc827847178358448bbbdf8922539dffdbb9abd1a69e418c35af61ade48;dd03b4cc319e7899cb481f471943a2871979b06d9c88b4df69654acad2b64e98	ac9efdc827847178358448bbbdf8922539dffdbb9abd1a69e418c35af61ade48;dd03b4cc319e7899cb481f471943a2871979b06d9c88b4df69654acad2b64e98	1	Cross-source assemblies of one donor, not independent biological replication; shared raw-data provenance not excluded
NA18970	HLA-DRB1	cds_sha256	2	2	18a617313058242da1f38929507aa7565b4844a7f354eaef08f80ab1e52f916f;ba87842fd0ca5f5be38d523659639b1462de3ce516ee28ebfc1df8434ff5bdae	18a617313058242da1f38929507aa7565b4844a7f354eaef08f80ab1e52f916f;ba87842fd0ca5f5be38d523659639b1462de3ce516ee28ebfc1df8434ff5bdae	1	Cross-source assemblies of one donor, not independent biological replication; shared raw-data provenance not excluded
NA18970	HLA-DRB3	gene_sha256	1	1	8cc2857d12e412d12c0cb18a0c6469267f6102404727673850e81198713ca7dc	8cc2857d12e412d12c0cb18a0c6469267f6102404727673850e81198713ca7dc	1	Cross-source assemblies of one donor, not independent biological replication; shared raw-data provenance not excluded
NA18970	HLA-DRB3	cds_sha256	1	1	62a4a14af20e5746b68b608179dc77d8f17e2dfb1f0b6095dd43be9fa35d35ea	62a4a14af20e5746b68b608179dc77d8f17e2dfb1f0b6095dd43be9fa35d35ea	1	Cross-source assemblies of one donor, not independent biological replication; shared raw-data provenance not excluded
NA18970	HLA-DRB4	gene_sha256	1	1	f6693e8af82c24e34e88479d295352b8fd374e5654451a434c62f4ec994d42b7	f6693e8af82c24e34e88479d295352b8fd374e5654451a434c62f4ec994d42b7	1	Cross-source assemblies of one donor, not independent biological replication; shared raw-data provenance not excluded
NA18970	HLA-DRB4	cds_sha256	1	1	a0904ac555ca09186930b5228f8074ad8867cff1865f0b9a015fe6a468fe4a63	a0904ac555ca09186930b5228f8074ad8867cff1865f0b9a015fe6a468fe4a63	1	Cross-source assemblies of one donor, not independent biological replication; shared raw-data provenance not excluded
