donor	gene	experimental	current_exact_cds	old_annotation	assessment	experimental_possible_g_groups	assembly_g_groups	limitation
NA18505	HLA-C	02:02;07:01	HLA-C*07:01;HLA-C*02:10	HLA-C*07:01:01:16;HLA-C*02:10:01:01	compatible_with_antigen_exon_resolution	"[[""C*02:02:01"", ""C*02:02:02G"", ""C*02:02:03"", ""C*02:02:06"", ""C*02:02:07"", ""C*02:02:08"", ""C*02:02:09"", ""C*02:02:10"", ""C*02:02:11"", ""C*02:02:12"", ""C*02:02:13"", ""C*02:02:14"", ""C*02:02:15"", ""C*02:02:16"", ""C*02:02:18"", ""C*02:02:19"", ""C*02:02:20"", ""C*02:02:21"", ""C*02:02:22"", ""C*02:02:23"", ""C*02:02:24"", ""C*02:02:25"", ""C*02:02:26"", ""C*02:02:27"", ""C*02:02:28"", ""C*02:02:29"", ""C*02:02:30"", ""C*02:02:31"", ""C*02:02:32"", ""C*02:02:35"", ""C*02:02:38"", ""C*02:02:40"", ""C*02:02:42"", ""C*02:02:43"", ""C*02:02:44"", ""C*02:02:45"", ""C*02:02:46"", ""C*02:02:47"", ""C*02:02:49"", ""C*02:02:53"", ""C*02:02:56"", ""C*02:02:57"", ""C*02:02:58"", ""C*02:02:60"", ""C*02:02:61"", ""C*02:02:62"", ""C*02:02:63"", ""C*02:02:64"", ""C*02:02:65"", ""C*02:02:67"", ""C*02:02:68"", ""C*02:02:69"", ""C*02:02:70"", ""C*02:02:72"", ""C*02:02:73"", ""C*02:02:74"", ""C*02:02:75"", ""C*02:02:77"", ""C*02:02:78"", ""C*02:02:80"", ""C*02:02:82"", ""C*02:10:01G""], [""C*07:01:01G"", ""C*07:01:04"", ""C*07:01:05G"", ""C*07:01:06"", ""C*07:01:07"", ""C*07:01:08"", ""C*07:01:10"", ""C*07:01:103"", ""C*07:01:104"", ""C*07:01:105G"", ""C*07:01:106"", ""C*07:01:107"", ""C*07:01:108"", ""C*07:01:11"", ""C*07:01:110"", ""C*07:01:111"", ""C*07:01:117G"", ""C*07:01:118"", ""C*07:01:12"", ""C*07:01:123"", ""C*07:01:125"", ""C*07:01:128"", ""C*07:01:129"", ""C*07:01:13"", ""C*07:01:130"", ""C*07:01:132"", ""C*07:01:134"", ""C*07:01:137"", ""C*07:01:139"", ""C*07:01:14"", ""C*07:01:140"", ""C*07:01:15"", ""C*07:01:16"", ""C*07:01:17"", ""C*07:01:18"", ""C*07:01:20G"", ""C*07:01:21"", ""C*07:01:22"", ""C*07:01:23"", ""C*07:01:24"", ""C*07:01:25"", ""C*07:01:26"", ""C*07:01:28"", ""C*07:01:29"", ""C*07:01:30"", ""C*07:01:31"", ""C*07:01:32"", ""C*07:01:33"", ""C*07:01:34"", ""C*07:01:35"", ""C*07:01:36"", ""C*07:01:37"", ""C*07:01:38"", ""C*07:01:40"", ""C*07:01:41"", ""C*07:01:42"", ""C*07:01:43"", ""C*07:01:44"", ""C*07:01:45"", ""C*07:01:46"", ""C*07:01:47"", ""C*07:01:48"", ""C*07:01:49"", ""C*07:01:50"", ""C*07:01:51"", ""C*07:01:52"", ""C*07:01:53"", ""C*07:01:54"", ""C*07:01:55"", ""C*07:01:56"", ""C*07:01:57G"", ""C*07:01:58G"", ""C*07:01:59"", ""C*07:01:60"", ""C*07:01:62"", ""C*07:01:63"", ""C*07:01:64"", ""C*07:01:65"", ""C*07:01:66"", ""C*07:01:67"", ""C*07:01:68"", ""C*07:01:69"", ""C*07:01:70"", ""C*07:01:71"", ""C*07:01:72"", ""C*07:01:73"", ""C*07:01:74G"", ""C*07:01:76"", ""C*07:01:82"", ""C*07:01:86"", ""C*07:01:87"", ""C*07:01:88"", ""C*07:01:91"", ""C*07:01:93"", ""C*07:01:94"", ""C*07:01:96"", ""C*07:01:99""]]"	"[[""C*07:01:01G""], [""C*02:10:01G""]]"	G-group compatibility is possible exon identity under expanded historical ambiguity, not proof of assay error or whole-gene agreement; unresolved cases require read/assembly inspection
NA18508	HLA-DQB1	02:01;04:02	HLA-DQB1*04:02;HLA-DQB1*02:02	HLA-DQB1*04:02:01:08;HLA-DQB1*02:02:01:01	compatible_with_antigen_exon_resolution	"[[""DQB1*02:01:01G"", ""DQB1*02:01:02"", ""DQB1*02:01:03"", ""DQB1*02:01:04G"", ""DQB1*02:01:05"", ""DQB1*02:01:06"", ""DQB1*02:01:07"", ""DQB1*02:01:09"", ""DQB1*02:01:11"", ""DQB1*02:01:12"", ""DQB1*02:01:13"", ""DQB1*02:01:15"", ""DQB1*02:01:16"", ""DQB1*02:01:17"", ""DQB1*02:01:18"", ""DQB1*02:01:19"", ""DQB1*02:01:20"", ""DQB1*02:01:21"", ""DQB1*02:01:22"", ""DQB1*02:01:23"", ""DQB1*02:01:24"", ""DQB1*02:01:25"", ""DQB1*02:01:28"", ""DQB1*02:01:29"", ""DQB1*02:01:30"", ""DQB1*02:01:31"", ""DQB1*02:01:34"", ""DQB1*02:01:38G"", ""DQB1*02:01:42"", ""DQB1*02:01:44"", ""DQB1*02:01:45"", ""DQB1*02:01:48G"", ""DQB1*02:01:56"", ""DQB1*02:01:57"", ""DQB1*02:01:60""], [""DQB1*04:02:01G"", ""DQB1*04:02:02"", ""DQB1*04:02:03"", ""DQB1*04:02:04"", ""DQB1*04:02:05"", ""DQB1*04:02:06"", ""DQB1*04:02:07"", ""DQB1*04:02:08"", ""DQB1*04:02:09"", ""DQB1*04:02:11"", ""DQB1*04:02:16"", ""DQB1*04:02:17"", ""DQB1*04:02:19"", ""DQB1*04:02:22"", ""DQB1*04:02:23"", ""DQB1*04:02:25"", ""DQB1*04:02:27"", ""DQB1*04:02:29""]]"	"[[""DQB1*04:02:01G""], [""DQB1*02:01:01G""]]"	G-group compatibility is possible exon identity under expanded historical ambiguity, not proof of assay error or whole-gene agreement; unresolved cases require read/assembly inspection
NA18522	HLA-C	02:02;07:01	HLA-C*07:01;HLA-C*02:10	HLA-C*07:01:02:01;HLA-C*02:10:01:01	compatible_with_antigen_exon_resolution	"[[""C*02:02:01"", ""C*02:02:02G"", ""C*02:02:03"", ""C*02:02:06"", ""C*02:02:07"", ""C*02:02:08"", ""C*02:02:09"", ""C*02:02:10"", ""C*02:02:11"", ""C*02:02:12"", ""C*02:02:13"", ""C*02:02:14"", ""C*02:02:15"", ""C*02:02:16"", ""C*02:02:18"", ""C*02:02:19"", ""C*02:02:20"", ""C*02:02:21"", ""C*02:02:22"", ""C*02:02:23"", ""C*02:02:24"", ""C*02:02:25"", ""C*02:02:26"", ""C*02:02:27"", ""C*02:02:28"", ""C*02:02:29"", ""C*02:02:30"", ""C*02:02:31"", ""C*02:02:32"", ""C*02:02:35"", ""C*02:02:38"", ""C*02:02:40"", ""C*02:02:42"", ""C*02:02:43"", ""C*02:02:44"", ""C*02:02:45"", ""C*02:02:46"", ""C*02:02:47"", ""C*02:02:49"", ""C*02:02:53"", ""C*02:02:56"", ""C*02:02:57"", ""C*02:02:58"", ""C*02:02:60"", ""C*02:02:61"", ""C*02:02:62"", ""C*02:02:63"", ""C*02:02:64"", ""C*02:02:65"", ""C*02:02:67"", ""C*02:02:68"", ""C*02:02:69"", ""C*02:02:70"", ""C*02:02:72"", ""C*02:02:73"", ""C*02:02:74"", ""C*02:02:75"", ""C*02:02:77"", ""C*02:02:78"", ""C*02:02:80"", ""C*02:02:82"", ""C*02:10:01G""], [""C*07:01:01G"", ""C*07:01:04"", ""C*07:01:05G"", ""C*07:01:06"", ""C*07:01:07"", ""C*07:01:08"", ""C*07:01:10"", ""C*07:01:103"", ""C*07:01:104"", ""C*07:01:105G"", ""C*07:01:106"", ""C*07:01:107"", ""C*07:01:108"", ""C*07:01:11"", ""C*07:01:110"", ""C*07:01:111"", ""C*07:01:117G"", ""C*07:01:118"", ""C*07:01:12"", ""C*07:01:123"", ""C*07:01:125"", ""C*07:01:128"", ""C*07:01:129"", ""C*07:01:13"", ""C*07:01:130"", ""C*07:01:132"", ""C*07:01:134"", ""C*07:01:137"", ""C*07:01:139"", ""C*07:01:14"", ""C*07:01:140"", ""C*07:01:15"", ""C*07:01:16"", ""C*07:01:17"", ""C*07:01:18"", ""C*07:01:20G"", ""C*07:01:21"", ""C*07:01:22"", ""C*07:01:23"", ""C*07:01:24"", ""C*07:01:25"", ""C*07:01:26"", ""C*07:01:28"", ""C*07:01:29"", ""C*07:01:30"", ""C*07:01:31"", ""C*07:01:32"", ""C*07:01:33"", ""C*07:01:34"", ""C*07:01:35"", ""C*07:01:36"", ""C*07:01:37"", ""C*07:01:38"", ""C*07:01:40"", ""C*07:01:41"", ""C*07:01:42"", ""C*07:01:43"", ""C*07:01:44"", ""C*07:01:45"", ""C*07:01:46"", ""C*07:01:47"", ""C*07:01:48"", ""C*07:01:49"", ""C*07:01:50"", ""C*07:01:51"", ""C*07:01:52"", ""C*07:01:53"", ""C*07:01:54"", ""C*07:01:55"", ""C*07:01:56"", ""C*07:01:57G"", ""C*07:01:58G"", ""C*07:01:59"", ""C*07:01:60"", ""C*07:01:62"", ""C*07:01:63"", ""C*07:01:64"", ""C*07:01:65"", ""C*07:01:66"", ""C*07:01:67"", ""C*07:01:68"", ""C*07:01:69"", ""C*07:01:70"", ""C*07:01:71"", ""C*07:01:72"", ""C*07:01:73"", ""C*07:01:74G"", ""C*07:01:76"", ""C*07:01:82"", ""C*07:01:86"", ""C*07:01:87"", ""C*07:01:88"", ""C*07:01:91"", ""C*07:01:93"", ""C*07:01:94"", ""C*07:01:96"", ""C*07:01:99""]]"	"[[""C*07:01:01G""], [""C*02:10:01G""]]"	G-group compatibility is possible exon identity under expanded historical ambiguity, not proof of assay error or whole-gene agreement; unresolved cases require read/assembly inspection
NA18608	HLA-DRB1	14:01;14:44	HLA-DRB1*14:05;HLA-DRB1*14:07	HLA-DRB1*14:05:01:new;HLA-DRB1*14:07:01:new	unresolved_antigen_exon_discordance	"[[""DRB1*14:01:01G"", ""DRB1*14:01:02"", ""DRB1*14:01:03"", ""DRB1*14:01:04"", ""DRB1*14:01:05""], [""DRB1*14:44:01"", ""DRB1*14:44:02"", ""DRB1*14:44:03""]]"	"[[""DRB1*14:05:01G""], [""DRB1*14:07:01G""]]"	G-group compatibility is possible exon identity under expanded historical ambiguity, not proof of assay error or whole-gene agreement; unresolved cases require read/assembly inspection
NA18943	HLA-A	02:01;02:06	HLA-A*02:07;HLA-A*02:06	HLA-A*02:07:01:01;HLA-A*02:06:01:01	unresolved_antigen_exon_discordance	"[[""A*02:01:01G"", ""A*02:01:02G"", ""A*02:01:03"", ""A*02:01:04"", ""A*02:01:05"", ""A*02:01:06"", ""A*02:01:07"", ""A*02:01:09"", ""A*02:01:10"", ""A*02:01:100"", ""A*02:01:101"", ""A*02:01:102"", ""A*02:01:103"", ""A*02:01:105"", ""A*02:01:106"", ""A*02:01:107"", ""A*02:01:108"", ""A*02:01:109"", ""A*02:01:110"", ""A*02:01:111"", ""A*02:01:112"", ""A*02:01:113"", ""A*02:01:114"", ""A*02:01:115"", ""A*02:01:116"", ""A*02:01:117"", ""A*02:01:118"", ""A*02:01:119"", ""A*02:01:12"", ""A*02:01:120"", ""A*02:01:121"", ""A*02:01:122"", ""A*02:01:123"", ""A*02:01:124"", ""A*02:01:125"", ""A*02:01:126"", ""A*02:01:127"", ""A*02:01:128"", ""A*02:01:129"", ""A*02:01:13"", ""A*02:01:137"", ""A*02:01:138"", ""A*02:01:139"", ""A*02:01:140"", ""A*02:01:141"", ""A*02:01:142"", ""A*02:01:144"", ""A*02:01:145"", ""A*02:01:146"", ""A*02:01:147"", ""A*02:01:150"", ""A*02:01:152"", ""A*02:01:153"", ""A*02:01:155"", ""A*02:01:157"", ""A*02:01:158"", ""A*02:01:162"", ""A*02:01:165"", ""A*02:01:17"", ""A*02:01:171"", ""A*02:01:172"", ""A*02:01:173"", ""A*02:01:174"", ""A*02:01:175"", ""A*02:01:176"", ""A*02:01:177"", ""A*02:01:178"", ""A*02:01:179"", ""A*02:01:18"", ""A*02:01:180"", ""A*02:01:187"", ""A*02:01:189"", ""A*02:01:19"", ""A*02:01:190"", ""A*02:01:210"", ""A*02:01:212"", ""A*02:01:214"", ""A*02:01:217"", ""A*02:01:22"", ""A*02:01:223"", ""A*02:01:224"", ""A*02:01:225"", ""A*02:01:228"", ""A*02:01:23"", ""A*02:01:230"", ""A*02:01:231"", ""A*02:01:232"", ""A*02:01:233"", ""A*02:01:236"", ""A*02:01:238"", ""A*02:01:24"", ""A*02:01:25"", ""A*02:01:26"", ""A*02:01:27"", ""A*02:01:28"", ""A*02:01:29"", ""A*02:01:30"", ""A*02:01:31"", ""A*02:01:32"", ""A*02:01:33"", ""A*02:01:34"", ""A*02:01:35"", ""A*02:01:36"", ""A*02:01:37"", ""A*02:01:38"", ""A*02:01:39"", ""A*02:01:40"", ""A*02:01:41"", ""A*02:01:42"", ""A*02:01:43"", ""A*02:01:44"", ""A*02:01:45"", ""A*02:01:46"", ""A*02:01:47"", ""A*02:01:49"", ""A*02:01:51"", ""A*02:01:52"", ""A*02:01:53"", ""A*02:01:54"", ""A*02:01:55"", ""A*02:01:56"", ""A*02:01:57"", ""A*02:01:58"", ""A*02:01:59"", ""A*02:01:60"", ""A*02:01:61"", ""A*02:01:62"", ""A*02:01:63"", ""A*02:01:64"", ""A*02:01:65"", ""A*02:01:66"", ""A*02:01:67"", ""A*02:01:68"", ""A*02:01:69"", ""A*02:01:70"", ""A*02:01:71"", ""A*02:01:72"", ""A*02:01:73"", ""A*02:01:74"", ""A*02:01:75"", ""A*02:01:76"", ""A*02:01:77"", ""A*02:01:78"", ""A*02:01:81"", ""A*02:01:83"", ""A*02:01:84"", ""A*02:01:85"", ""A*02:01:86"", ""A*02:01:87"", ""A*02:01:88"", ""A*02:01:90"", ""A*02:01:91"", ""A*02:01:92"", ""A*02:01:93"", ""A*02:01:94"", ""A*02:01:95"", ""A*02:01:96""], [""A*02:06:01G"", ""A*02:06:02"", ""A*02:06:03"", ""A*02:06:04"", ""A*02:06:05"", ""A*02:06:06"", ""A*02:06:07"", ""A*02:06:08"", ""A*02:06:09"", ""A*02:06:10"", ""A*02:06:11"", ""A*02:06:12"", ""A*02:06:14"", ""A*02:06:17"", ""A*02:06:18"", ""A*02:06:19"", ""A*02:06:20"", ""A*02:06:21"", ""A*02:06:22"", ""A*02:06:24"", ""A*02:06:30"", ""A*02:06:31"", ""A*02:06:32"", ""A*02:06:33"", ""A*02:06:35"", ""A*02:06:36"", ""A*02:06:37""]]"	"[[""A*02:07:01G""], [""A*02:06:01G""]]"	G-group compatibility is possible exon identity under expanded historical ambiguity, not proof of assay error or whole-gene agreement; unresolved cases require read/assembly inspection
NA18943	HLA-DRB1	08:01:01/08:01:03;08:02	HLA-DRB1*08:03;HLA-DRB1*08:02	HLA-DRB1*08:03:02:02;HLA-DRB1*08:02:01:01	unresolved_antigen_exon_discordance	"[[""DRB1*08:01:01G""], [""DRB1*08:02:01G"", ""DRB1*08:02:02"", ""DRB1*08:02:03"", ""DRB1*08:02:04"", ""DRB1*08:02:05""]]"	"[[""DRB1*08:03:02G""], [""DRB1*08:02:01G""]]"	G-group compatibility is possible exon identity under expanded historical ambiguity, not proof of assay error or whole-gene agreement; unresolved cases require read/assembly inspection
NA18948	HLA-DQB1	05:01;02:01	HLA-DQB1*02:02;HLA-DQB1*05:01	HLA-DQB1*02:02:01:01;HLA-DQB1*05:01:01:03	compatible_with_antigen_exon_resolution	"[[""DQB1*05:01:01G"", ""DQB1*05:01:02"", ""DQB1*05:01:03"", ""DQB1*05:01:04"", ""DQB1*05:01:05"", ""DQB1*05:01:06"", ""DQB1*05:01:07"", ""DQB1*05:01:08"", ""DQB1*05:01:09"", ""DQB1*05:01:10"", ""DQB1*05:01:11"", ""DQB1*05:01:12"", ""DQB1*05:01:13"", ""DQB1*05:01:14"", ""DQB1*05:01:15"", ""DQB1*05:01:16"", ""DQB1*05:01:17"", ""DQB1*05:01:18"", ""DQB1*05:01:19"", ""DQB1*05:01:20"", ""DQB1*05:01:25"", ""DQB1*05:01:30"", ""DQB1*05:01:31"", ""DQB1*05:01:32"", ""DQB1*05:01:36"", ""DQB1*05:01:41"", ""DQB1*05:01:46"", ""DQB1*05:01:48"", ""DQB1*05:01:49"", ""DQB1*05:01:51"", ""DQB1*05:01:54"", ""DQB1*05:01:58""], [""DQB1*02:01:01G"", ""DQB1*02:01:02"", ""DQB1*02:01:03"", ""DQB1*02:01:04G"", ""DQB1*02:01:05"", ""DQB1*02:01:06"", ""DQB1*02:01:07"", ""DQB1*02:01:09"", ""DQB1*02:01:11"", ""DQB1*02:01:12"", ""DQB1*02:01:13"", ""DQB1*02:01:15"", ""DQB1*02:01:16"", ""DQB1*02:01:17"", ""DQB1*02:01:18"", ""DQB1*02:01:19"", ""DQB1*02:01:20"", ""DQB1*02:01:21"", ""DQB1*02:01:22"", ""DQB1*02:01:23"", ""DQB1*02:01:24"", ""DQB1*02:01:25"", ""DQB1*02:01:28"", ""DQB1*02:01:29"", ""DQB1*02:01:30"", ""DQB1*02:01:31"", ""DQB1*02:01:34"", ""DQB1*02:01:38G"", ""DQB1*02:01:42"", ""DQB1*02:01:44"", ""DQB1*02:01:45"", ""DQB1*02:01:48G"", ""DQB1*02:01:56"", ""DQB1*02:01:57"", ""DQB1*02:01:60""]]"	"[[""DQB1*02:01:01G""], [""DQB1*05:01:01G""]]"	G-group compatibility is possible exon identity under expanded historical ambiguity, not proof of assay error or whole-gene agreement; unresolved cases require read/assembly inspection
NA18952	HLA-DRB1	14:01;09:01	HLA-DRB1*14:54;HLA-DRB1*09:01	HLA-DRB1*14:54:01:new;HLA-DRB1*09:01:02:new	compatible_with_antigen_exon_resolution	"[[""DRB1*14:01:01G"", ""DRB1*14:01:02"", ""DRB1*14:01:03"", ""DRB1*14:01:04"", ""DRB1*14:01:05""], [""DRB1*09:01:02G"", ""DRB1*09:01:03"", ""DRB1*09:01:04"", ""DRB1*09:01:05"", ""DRB1*09:01:06"", ""DRB1*09:01:07"", ""DRB1*09:01:08"", ""DRB1*09:01:09"", ""DRB1*09:01:10"", ""DRB1*09:01:11"", ""DRB1*09:01:13"", ""DRB1*09:01:14"", ""DRB1*09:01:18""]]"	"[[""DRB1*14:01:01G""], [""DRB1*09:01:02G""]]"	G-group compatibility is possible exon identity under expanded historical ambiguity, not proof of assay error or whole-gene agreement; unresolved cases require read/assembly inspection
NA18971	HLA-DRB1	14:01;09:01	HLA-DRB1*09:01;HLA-DRB1*14:54	HLA-DRB1*09:01:02:new;HLA-DRB1*14:54:01:new	compatible_with_antigen_exon_resolution	"[[""DRB1*14:01:01G"", ""DRB1*14:01:02"", ""DRB1*14:01:03"", ""DRB1*14:01:04"", ""DRB1*14:01:05""], [""DRB1*09:01:02G"", ""DRB1*09:01:03"", ""DRB1*09:01:04"", ""DRB1*09:01:05"", ""DRB1*09:01:06"", ""DRB1*09:01:07"", ""DRB1*09:01:08"", ""DRB1*09:01:09"", ""DRB1*09:01:10"", ""DRB1*09:01:11"", ""DRB1*09:01:13"", ""DRB1*09:01:14"", ""DRB1*09:01:18""]]"	"[[""DRB1*09:01:02G""], [""DRB1*14:01:01G""]]"	G-group compatibility is possible exon identity under expanded historical ambiguity, not proof of assay error or whole-gene agreement; unresolved cases require read/assembly inspection
NA19007	HLA-A	02:01;26:03	HLA-A*26:03;HLA-A*02:07	HLA-A*26:03:01:01;HLA-A*02:07:01:01	unresolved_antigen_exon_discordance	"[[""A*02:01:01G"", ""A*02:01:02G"", ""A*02:01:03"", ""A*02:01:04"", ""A*02:01:05"", ""A*02:01:06"", ""A*02:01:07"", ""A*02:01:09"", ""A*02:01:10"", ""A*02:01:100"", ""A*02:01:101"", ""A*02:01:102"", ""A*02:01:103"", ""A*02:01:105"", ""A*02:01:106"", ""A*02:01:107"", ""A*02:01:108"", ""A*02:01:109"", ""A*02:01:110"", ""A*02:01:111"", ""A*02:01:112"", ""A*02:01:113"", ""A*02:01:114"", ""A*02:01:115"", ""A*02:01:116"", ""A*02:01:117"", ""A*02:01:118"", ""A*02:01:119"", ""A*02:01:12"", ""A*02:01:120"", ""A*02:01:121"", ""A*02:01:122"", ""A*02:01:123"", ""A*02:01:124"", ""A*02:01:125"", ""A*02:01:126"", ""A*02:01:127"", ""A*02:01:128"", ""A*02:01:129"", ""A*02:01:13"", ""A*02:01:137"", ""A*02:01:138"", ""A*02:01:139"", ""A*02:01:140"", ""A*02:01:141"", ""A*02:01:142"", ""A*02:01:144"", ""A*02:01:145"", ""A*02:01:146"", ""A*02:01:147"", ""A*02:01:150"", ""A*02:01:152"", ""A*02:01:153"", ""A*02:01:155"", ""A*02:01:157"", ""A*02:01:158"", ""A*02:01:162"", ""A*02:01:165"", ""A*02:01:17"", ""A*02:01:171"", ""A*02:01:172"", ""A*02:01:173"", ""A*02:01:174"", ""A*02:01:175"", ""A*02:01:176"", ""A*02:01:177"", ""A*02:01:178"", ""A*02:01:179"", ""A*02:01:18"", ""A*02:01:180"", ""A*02:01:187"", ""A*02:01:189"", ""A*02:01:19"", ""A*02:01:190"", ""A*02:01:210"", ""A*02:01:212"", ""A*02:01:214"", ""A*02:01:217"", ""A*02:01:22"", ""A*02:01:223"", ""A*02:01:224"", ""A*02:01:225"", ""A*02:01:228"", ""A*02:01:23"", ""A*02:01:230"", ""A*02:01:231"", ""A*02:01:232"", ""A*02:01:233"", ""A*02:01:236"", ""A*02:01:238"", ""A*02:01:24"", ""A*02:01:25"", ""A*02:01:26"", ""A*02:01:27"", ""A*02:01:28"", ""A*02:01:29"", ""A*02:01:30"", ""A*02:01:31"", ""A*02:01:32"", ""A*02:01:33"", ""A*02:01:34"", ""A*02:01:35"", ""A*02:01:36"", ""A*02:01:37"", ""A*02:01:38"", ""A*02:01:39"", ""A*02:01:40"", ""A*02:01:41"", ""A*02:01:42"", ""A*02:01:43"", ""A*02:01:44"", ""A*02:01:45"", ""A*02:01:46"", ""A*02:01:47"", ""A*02:01:49"", ""A*02:01:51"", ""A*02:01:52"", ""A*02:01:53"", ""A*02:01:54"", ""A*02:01:55"", ""A*02:01:56"", ""A*02:01:57"", ""A*02:01:58"", ""A*02:01:59"", ""A*02:01:60"", ""A*02:01:61"", ""A*02:01:62"", ""A*02:01:63"", ""A*02:01:64"", ""A*02:01:65"", ""A*02:01:66"", ""A*02:01:67"", ""A*02:01:68"", ""A*02:01:69"", ""A*02:01:70"", ""A*02:01:71"", ""A*02:01:72"", ""A*02:01:73"", ""A*02:01:74"", ""A*02:01:75"", ""A*02:01:76"", ""A*02:01:77"", ""A*02:01:78"", ""A*02:01:81"", ""A*02:01:83"", ""A*02:01:84"", ""A*02:01:85"", ""A*02:01:86"", ""A*02:01:87"", ""A*02:01:88"", ""A*02:01:90"", ""A*02:01:91"", ""A*02:01:92"", ""A*02:01:93"", ""A*02:01:94"", ""A*02:01:95"", ""A*02:01:96""], [""A*26:03:01G"", ""A*26:03:03"", ""A*26:03:05""]]"	"[[""A*26:03:01G""], [""A*02:07:01G""]]"	G-group compatibility is possible exon identity under expanded historical ambiguity, not proof of assay error or whole-gene agreement; unresolved cases require read/assembly inspection
NA19159	HLA-C	16:01;18:01	HLA-C*16:01;HLA-C*18:02	HLA-C*16:01:01:01;HLA-C*18:02:01:01	compatible_with_antigen_exon_resolution	"[[""C*16:01:01G"", ""C*16:01:02"", ""C*16:01:03"", ""C*16:01:04"", ""C*16:01:05"", ""C*16:01:06"", ""C*16:01:07"", ""C*16:01:08"", ""C*16:01:09"", ""C*16:01:10"", ""C*16:01:11"", ""C*16:01:12"", ""C*16:01:13"", ""C*16:01:14"", ""C*16:01:15"", ""C*16:01:16"", ""C*16:01:17"", ""C*16:01:18"", ""C*16:01:19"", ""C*16:01:20"", ""C*16:01:21"", ""C*16:01:22"", ""C*16:01:23"", ""C*16:01:25"", ""C*16:01:26"", ""C*16:01:27"", ""C*16:01:28"", ""C*16:01:29"", ""C*16:01:30"", ""C*16:01:31"", ""C*16:01:33"", ""C*16:01:34"", ""C*16:01:35"", ""C*16:01:36"", ""C*16:01:37"", ""C*16:01:38"", ""C*16:01:42"", ""C*16:01:43"", ""C*16:01:44"", ""C*16:01:46"", ""C*16:01:47"", ""C*16:01:49"", ""C*16:01:52"", ""C*16:01:53"", ""C*16:01:55""], [""C*18:01:01G"", ""C*18:01:03""]]"	"[[""C*16:01:01G""], [""C*18:01:01G""]]"	G-group compatibility is possible exon identity under expanded historical ambiguity, not proof of assay error or whole-gene agreement; unresolved cases require read/assembly inspection
NA19159	HLA-DQB1	06:03;02:01	HLA-DQB1*06:03;HLA-DQB1*02:02	HLA-DQB1*06:03:01:02;HLA-DQB1*02:02:01:01	compatible_with_antigen_exon_resolution	"[[""DQB1*06:03:01G"", ""DQB1*06:03:02"", ""DQB1*06:03:03"", ""DQB1*06:03:04"", ""DQB1*06:03:05"", ""DQB1*06:03:06"", ""DQB1*06:03:07"", ""DQB1*06:03:08"", ""DQB1*06:03:09"", ""DQB1*06:03:10"", ""DQB1*06:03:11"", ""DQB1*06:03:12"", ""DQB1*06:03:13"", ""DQB1*06:03:14"", ""DQB1*06:03:15"", ""DQB1*06:03:16"", ""DQB1*06:03:17"", ""DQB1*06:03:18"", ""DQB1*06:03:19"", ""DQB1*06:03:20"", ""DQB1*06:03:25"", ""DQB1*06:03:26"", ""DQB1*06:03:28"", ""DQB1*06:03:29"", ""DQB1*06:03:30"", ""DQB1*06:03:31"", ""DQB1*06:03:33"", ""DQB1*06:03:34"", ""DQB1*06:03:38"", ""DQB1*06:03:39"", ""DQB1*06:03:45"", ""DQB1*06:03:53"", ""DQB1*06:03:57"", ""DQB1*06:03:60""], [""DQB1*02:01:01G"", ""DQB1*02:01:02"", ""DQB1*02:01:03"", ""DQB1*02:01:04G"", ""DQB1*02:01:05"", ""DQB1*02:01:06"", ""DQB1*02:01:07"", ""DQB1*02:01:09"", ""DQB1*02:01:11"", ""DQB1*02:01:12"", ""DQB1*02:01:13"", ""DQB1*02:01:15"", ""DQB1*02:01:16"", ""DQB1*02:01:17"", ""DQB1*02:01:18"", ""DQB1*02:01:19"", ""DQB1*02:01:20"", ""DQB1*02:01:21"", ""DQB1*02:01:22"", ""DQB1*02:01:23"", ""DQB1*02:01:24"", ""DQB1*02:01:25"", ""DQB1*02:01:28"", ""DQB1*02:01:29"", ""DQB1*02:01:30"", ""DQB1*02:01:31"", ""DQB1*02:01:34"", ""DQB1*02:01:38G"", ""DQB1*02:01:42"", ""DQB1*02:01:44"", ""DQB1*02:01:45"", ""DQB1*02:01:48G"", ""DQB1*02:01:56"", ""DQB1*02:01:57"", ""DQB1*02:01:60""]]"	"[[""DQB1*06:03:01G""], [""DQB1*02:01:01G""]]"	G-group compatibility is possible exon identity under expanded historical ambiguity, not proof of assay error or whole-gene agreement; unresolved cases require read/assembly inspection
NA19240	HLA-C	04:01;18:01	HLA-C*04:01;HLA-C*18:02	HLA-C*04:01:01:14;HLA-C*18:02:01:01	compatible_with_antigen_exon_resolution	"[[""C*04:01:01G"", ""C*04:01:02"", ""C*04:01:03"", ""C*04:01:04"", ""C*04:01:05"", ""C*04:01:06"", ""C*04:01:07"", ""C*04:01:08"", ""C*04:01:09"", ""C*04:01:10"", ""C*04:01:100"", ""C*04:01:101"", ""C*04:01:103"", ""C*04:01:104"", ""C*04:01:105"", ""C*04:01:107"", ""C*04:01:11"", ""C*04:01:112"", ""C*04:01:115"", ""C*04:01:116"", ""C*04:01:12"", ""C*04:01:121G"", ""C*04:01:122"", ""C*04:01:124"", ""C*04:01:125"", ""C*04:01:126"", ""C*04:01:127"", ""C*04:01:13"", ""C*04:01:132"", ""C*04:01:137"", ""C*04:01:138"", ""C*04:01:139"", ""C*04:01:14"", ""C*04:01:140"", ""C*04:01:143"", ""C*04:01:147"", ""C*04:01:148"", ""C*04:01:149"", ""C*04:01:15"", ""C*04:01:150"", ""C*04:01:151"", ""C*04:01:153"", ""C*04:01:154"", ""C*04:01:155"", ""C*04:01:158"", ""C*04:01:159"", ""C*04:01:16"", ""C*04:01:162"", ""C*04:01:163"", ""C*04:01:167"", ""C*04:01:169"", ""C*04:01:17"", ""C*04:01:174"", ""C*04:01:175"", ""C*04:01:176"", ""C*04:01:177"", ""C*04:01:178"", ""C*04:01:179G"", ""C*04:01:18"", ""C*04:01:19"", ""C*04:01:20"", ""C*04:01:21"", ""C*04:01:22"", ""C*04:01:23"", ""C*04:01:24"", ""C*04:01:25"", ""C*04:01:26"", ""C*04:01:27"", ""C*04:01:28"", ""C*04:01:29"", ""C*04:01:30"", ""C*04:01:31"", ""C*04:01:32"", ""C*04:01:33"", ""C*04:01:34"", ""C*04:01:35"", ""C*04:01:36"", ""C*04:01:37"", ""C*04:01:38"", ""C*04:01:39"", ""C*04:01:40"", ""C*04:01:41"", ""C*04:01:42"", ""C*04:01:43"", ""C*04:01:44"", ""C*04:01:45"", ""C*04:01:46"", ""C*04:01:47"", ""C*04:01:48"", ""C*04:01:49"", ""C*04:01:50"", ""C*04:01:51"", ""C*04:01:52"", ""C*04:01:53"", ""C*04:01:55"", ""C*04:01:56"", ""C*04:01:58"", ""C*04:01:59"", ""C*04:01:60"", ""C*04:01:61"", ""C*04:01:62"", ""C*04:01:63"", ""C*04:01:64"", ""C*04:01:65"", ""C*04:01:66"", ""C*04:01:67"", ""C*04:01:68"", ""C*04:01:70"", ""C*04:01:71"", ""C*04:01:72"", ""C*04:01:73"", ""C*04:01:74"", ""C*04:01:75"", ""C*04:01:76G"", ""C*04:01:77"", ""C*04:01:80"", ""C*04:01:81"", ""C*04:01:84"", ""C*04:01:87"", ""C*04:01:88"", ""C*04:01:89"", ""C*04:01:90"", ""C*04:01:91"", ""C*04:01:98"", ""C*04:01:99""], [""C*18:01:01G"", ""C*18:01:03""]]"	"[[""C*04:01:01G""], [""C*18:01:01G""]]"	G-group compatibility is possible exon identity under expanded historical ambiguity, not proof of assay error or whole-gene agreement; unresolved cases require read/assembly inspection
NA20805	HLA-C	05:01:01:01/05:01:01:02/05:01:04/05:01:05/05:03;16:04:01	HLA-C*05:37;HLA-C*16:04	HLA-C*05:37;HLA-C*16:04:01:01	compatible_with_antigen_exon_resolution	"[[""C*05:01:01G""], [""C*16:04:01G""]]"	"[[""C*05:01:01G""], [""C*16:04:01G""]]"	G-group compatibility is possible exon identity under expanded historical ambiguity, not proof of assay error or whole-gene agreement; unresolved cases require read/assembly inspection
