Haplotype	Contig	Contig_Cut_Start	Contig_Cut_End	Query_Orientation	CutSegmentCoordinates	RCCX_Architecture
HG01890.hap1	haplotype1-0000013	136591214.0	142720859.0	-1.0	{1: {'start': 3930469, 'end': 3951094, 'strand': 1, 'label': 'C4AL'}, 2: {'start': 3963208, 'end': 3977464, 'strand': 1, 'label': 'C4BS'}, 3: {'start': 3954094, 'end': 3957322, 'strand': 1, 'label': 'CYP21A1P'}, 4: {'start': 3980461, 'end': 3983690, 'strand': 1, 'label': 'CYP21A2'}, 5: {'start': 3961633, 'end': 3962200, 'strand': 1, 'label': 'STK19B'}, 6: {'start': 3920775, 'end': 3929858, 'strand': 1, 'label': 'STK19'}, 7: {'start': 3957027, 'end': 3960885, 'strand': -1, 'label': 'TNXA'}, 8: {'start': 3983199, 'end': 4051397, 'strand': -1, 'label': 'TNXB'}}	STK19_C4AL_CYP21A1P_TNXA_STK19B_C4BS_CYP21A2_TNXB
HG01890.hap2	haplotype2-0000060	28162931.0	34170981.0	1.0	{1: {'start': 3822846, 'end': 3843471, 'strand': 1, 'label': 'C4AL'}, 2: {'start': 3855585, 'end': 3869842, 'strand': 1, 'label': 'C4BS'}, 3: {'start': 3846471, 'end': 3849699, 'strand': 1, 'label': 'CYP21A1P'}, 4: {'start': 3872839, 'end': 3876068, 'strand': 1, 'label': 'CYP21A2'}, 5: {'start': 3854010, 'end': 3854577, 'strand': 1, 'label': 'STK19B'}, 6: {'start': 3813162, 'end': 3822235, 'strand': 1, 'label': 'STK19'}, 7: {'start': 3849404, 'end': 3853262, 'strand': -1, 'label': 'TNXA'}, 8: {'start': 3875577, 'end': 3943764, 'strand': -1, 'label': 'TNXB'}}	STK19_C4AL_CYP21A1P_TNXA_STK19B_C4BS_CYP21A2_TNXB
HG02554.hap1	haplotype1-0000014	28158506.0	34195564.0	1.0	{1: {'start': 3852258, 'end': 3872883, 'strand': 1, 'label': 'C4AL'}, 2: {'start': 3884997, 'end': 3899253, 'strand': 1, 'label': 'C4BS'}, 3: {'start': 3875883, 'end': 3879111, 'strand': 1, 'label': 'CYP21A1P'}, 4: {'start': 3902250, 'end': 3905479, 'strand': 1, 'label': 'CYP21A2'}, 5: {'start': 3883422, 'end': 3883989, 'strand': 1, 'label': 'STK19B'}, 6: {'start': 3842565, 'end': 3851647, 'strand': 1, 'label': 'STK19'}, 7: {'start': 3878816, 'end': 3882674, 'strand': -1, 'label': 'TNXA'}, 8: {'start': 3904988, 'end': 3973196, 'strand': -1, 'label': 'TNXB'}}	STK19_C4AL_CYP21A1P_TNXA_STK19B_C4BS_CYP21A2_TNXB
HG02554.hap2	haplotype2-0000167	28105048.0	34171783.0	1.0	{1: {'start': 3909517, 'end': 3930141, 'strand': 1, 'label': 'C4AL'}, 2: {'start': 3942255, 'end': 3956511, 'strand': 1, 'label': 'C4AS'}, 3: {'start': 3933141, 'end': 3936369, 'strand': 1, 'label': 'CYP21A1P'}, 4: {'start': 3959508, 'end': 3962737, 'strand': 1, 'label': 'CYP21A2'}, 5: {'start': 3940680, 'end': 3941247, 'strand': 1, 'label': 'STK19B'}, 6: {'start': 3899824, 'end': 3908906, 'strand': 1, 'label': 'STK19'}, 7: {'start': 3936074, 'end': 3939932, 'strand': -1, 'label': 'TNXA'}, 8: {'start': 3962246, 'end': 4030440, 'strand': -1, 'label': 'TNXB'}}	STK19_C4AL_CYP21A1P_TNXA_STK19B_C4AS_CYP21A2_TNXB
HG02011.hap1	haplotype1-0000020	140336941.0	146494496.0	-1.0	{1: {'start': 3898076, 'end': 3918700, 'strand': 1, 'label': 'C4AL'}, 2: {'start': 3930814, 'end': 3951438, 'strand': 1, 'label': 'C4BL'}, 3: {'start': 3921700, 'end': 3924928, 'strand': 1, 'label': 'CYP21A1P'}, 4: {'start': 3954435, 'end': 3957661, 'strand': 1, 'label': 'CYP21A2'}, 5: {'start': 3929239, 'end': 3929806, 'strand': 1, 'label': 'STK19B'}, 6: {'start': 3888382, 'end': 3897465, 'strand': 1, 'label': 'STK19'}, 7: {'start': 3924633, 'end': 3928491, 'strand': -1, 'label': 'TNXA'}, 8: {'start': 3957170, 'end': 4025347, 'strand': -1, 'label': 'TNXB'}}	STK19_C4AL_CYP21A1P_TNXA_STK19B_C4BL_CYP21A2_TNXB
HG02011.hap2	haplotype2-0000074	138017490.0	144057456.0	-1.0	{1: {'start': 3881103, 'end': 3895359, 'strand': 1, 'label': 'C4BS'}, 2: {'start': 3898356, 'end': 3901585, 'strand': 1, 'label': 'CYP21A2'}, 3: {'start': 3871409, 'end': 3880492, 'strand': 1, 'label': 'STK19'}, 4: {'start': 3901094, 'end': 3969283, 'strand': -1, 'label': 'TNXB'}}	STK19_C4BS_CYP21A2_TNXB
HG02282.hap1	haplotype1-0000021	137822144.0	143836293.0	-1.0	{1: {'start': 3846753, 'end': 3867378, 'strand': 1, 'label': 'C4AL'}, 2: {'start': 3879492, 'end': 3893749, 'strand': 1, 'label': 'C4BS'}, 3: {'start': 3870378, 'end': 3873606, 'strand': 1, 'label': 'CYP21A1P'}, 4: {'start': 3896746, 'end': 3899975, 'strand': 1, 'label': 'CYP21A2'}, 5: {'start': 3877917, 'end': 3878484, 'strand': 1, 'label': 'STK19B'}, 6: {'start': 3837069, 'end': 3846142, 'strand': 1, 'label': 'STK19'}, 7: {'start': 3873311, 'end': 3877169, 'strand': -1, 'label': 'TNXA'}, 8: {'start': 3899484, 'end': 3967664, 'strand': -1, 'label': 'TNXB'}}	STK19_C4AL_CYP21A1P_TNXA_STK19B_C4BS_CYP21A2_TNXB
HG02282.hap2	haplotype2-0000148	137833836.0	143861546.0	-1.0	{1: {'start': 3851195, 'end': 3871820, 'strand': 1, 'label': 'C4AL'}, 2: {'start': 3883934, 'end': 3898191, 'strand': 1, 'label': 'C4BS'}, 3: {'start': 3874820, 'end': 3878048, 'strand': 1, 'label': 'CYP21A1P'}, 4: {'start': 3901188, 'end': 3904417, 'strand': 1, 'label': 'CYP21A2'}, 5: {'start': 3882359, 'end': 3882926, 'strand': 1, 'label': 'STK19B'}, 6: {'start': 3841511, 'end': 3850584, 'strand': 1, 'label': 'STK19'}, 7: {'start': 3877753, 'end': 3881611, 'strand': -1, 'label': 'TNXA'}, 8: {'start': 3903926, 'end': 3972108, 'strand': -1, 'label': 'TNXB'}}	STK19_C4AL_CYP21A1P_TNXA_STK19B_C4BS_CYP21A2_TNXB
NA24385.hap1	haplotype1-0000024	28111767.0	34124822.0	1.0	{1: {'start': 3818761, 'end': 3839385, 'strand': 1, 'label': 'C4AL'}, 2: {'start': 3851499, 'end': 3872123, 'strand': 1, 'label': 'C4BL'}, 3: {'start': 3842385, 'end': 3845613, 'strand': 1, 'label': 'CYP21A1P'}, 4: {'start': 3875119, 'end': 3878348, 'strand': 1, 'label': 'CYP21A2'}, 5: {'start': 3849924, 'end': 3850491, 'strand': 1, 'label': 'STK19B'}, 6: {'start': 3809066, 'end': 3818150, 'strand': 1, 'label': 'STK19'}, 7: {'start': 3845318, 'end': 3849176, 'strand': -1, 'label': 'TNXA'}, 8: {'start': 3877857, 'end': 3946042, 'strand': -1, 'label': 'TNXB'}}	STK19_C4AL_CYP21A1P_TNXA_STK19B_C4BL_CYP21A2_TNXB
NA24385.hap2	haplotype2-0000066	28699466.0	34784738.0	-1.0	{1: {'start': 3819422, 'end': 3840046, 'strand': 1, 'label': 'C4AL'}, 2: {'start': 3852157, 'end': 3872781, 'strand': 1, 'label': 'C4BL'}, 3: {'start': 3843046, 'end': 3846271, 'strand': 1, 'label': 'CYP21A1P'}, 4: {'start': 3875778, 'end': 3879004, 'strand': 1, 'label': 'CYP21A2'}, 5: {'start': 3850582, 'end': 3851149, 'strand': 1, 'label': 'STK19B'}, 6: {'start': 3809728, 'end': 3818811, 'strand': 1, 'label': 'STK19'}, 7: {'start': 3845976, 'end': 3849834, 'strand': -1, 'label': 'TNXA'}, 8: {'start': 3878513, 'end': 3946722, 'strand': -1, 'label': 'TNXB'}}	STK19_C4AL_CYP21A1P_TNXA_STK19B_C4BL_CYP21A2_TNXB
NA19705.hap1	haplotype1-0000029	137375454.0	143472584.0	-1.0	{1: {'start': 3934008, 'end': 3954633, 'strand': 1, 'label': 'C4AL'}, 2: {'start': 3957630, 'end': 3960859, 'strand': 1, 'label': 'CYP21A2'}, 3: {'start': 3924313, 'end': 3933397, 'strand': 1, 'label': 'STK19'}, 4: {'start': 3960368, 'end': 4028520, 'strand': -1, 'label': 'TNXB'}}	STK19_C4AL_CYP21A2_TNXB
NA19705.hap2	haplotype2-0000083	28095998.0	34231032.0	1.0	{1: {'start': 3850965, 'end': 3871588, 'strand': 1, 'label': 'C4AL'}, 2: {'start': 3883701, 'end': 3897956, 'strand': 1, 'label': 'C4BS'}, 3: {'start': 3874587, 'end': 3877815, 'strand': 1, 'label': 'CYP21A1P'}, 4: {'start': 3900953, 'end': 3904182, 'strand': 1, 'label': 'CYP21A2'}, 5: {'start': 3882126, 'end': 3882693, 'strand': 1, 'label': 'STK19B'}, 6: {'start': 3841270, 'end': 3850354, 'strand': 1, 'label': 'STK19'}, 7: {'start': 3877520, 'end': 3881378, 'strand': -1, 'label': 'TNXA'}, 8: {'start': 3903691, 'end': 3971879, 'strand': -1, 'label': 'TNXB'}}	STK19_C4AL_CYP21A1P_TNXA_STK19B_C4BS_CYP21A2_TNXB
NA19983.hap1	haplotype1-0000033	28115318.0	34138654.0	1.0	{1: {'start': 3851113, 'end': 3871738, 'strand': 1, 'label': 'C4AL'}, 2: {'start': 3883851, 'end': 3898107, 'strand': 1, 'label': 'C4BS'}, 3: {'start': 3874737, 'end': 3877965, 'strand': 1, 'label': 'CYP21A1P'}, 4: {'start': 3901102, 'end': 3904331, 'strand': 1, 'label': 'CYP21A2'}, 5: {'start': 3882276, 'end': 3882843, 'strand': 1, 'label': 'STK19B'}, 6: {'start': 3841427, 'end': 3850502, 'strand': 1, 'label': 'STK19'}, 7: {'start': 3877670, 'end': 3881528, 'strand': -1, 'label': 'TNXA'}, 8: {'start': 3903840, 'end': 3972025, 'strand': -1, 'label': 'TNXB'}}	STK19_C4AL_CYP21A1P_TNXA_STK19B_C4BS_CYP21A2_TNXB
NA19983.hap2	haplotype2-0000106	137436551.0	143467055.0	-1.0	{1: {'start': 3839883, 'end': 3860507, 'strand': 1, 'label': 'C4AL'}, 2: {'start': 3872620, 'end': 3886871, 'strand': 1, 'label': 'C4BS'}, 3: {'start': 3863507, 'end': 3866734, 'strand': 1, 'label': 'CYP21A1P'}, 4: {'start': 3889868, 'end': 3893096, 'strand': 1, 'label': 'CYP21A2'}, 5: {'start': 3871045, 'end': 3871612, 'strand': 1, 'label': 'STK19B'}, 6: {'start': 3830190, 'end': 3839272, 'strand': 1, 'label': 'STK19'}, 7: {'start': 3866439, 'end': 3870297, 'strand': -1, 'label': 'TNXA'}, 8: {'start': 3892605, 'end': 3960805, 'strand': -1, 'label': 'TNXB'}}	STK19_C4AL_CYP21A1P_TNXA_STK19B_C4BS_CYP21A2_TNXB
NA20355.hap1	haplotype1-0000020	132933494.0	138986192.0	-1.0	{1: {'start': 3859034, 'end': 3879659, 'strand': 1, 'label': 'C4AL'}, 2: {'start': 3891773, 'end': 3906029, 'strand': 1, 'label': 'C4BS'}, 3: {'start': 3882659, 'end': 3885887, 'strand': 1, 'label': 'CYP21A1P'}, 4: {'start': 3909025, 'end': 3912254, 'strand': 1, 'label': 'CYP21A2'}, 5: {'start': 3890198, 'end': 3890765, 'strand': 1, 'label': 'STK19B'}, 6: {'start': 3849348, 'end': 3858423, 'strand': 1, 'label': 'STK19'}, 7: {'start': 3885592, 'end': 3889450, 'strand': -1, 'label': 'TNXA'}, 8: {'start': 3911763, 'end': 3979964, 'strand': -1, 'label': 'TNXB'}}	STK19_C4AL_CYP21A1P_TNXA_STK19B_C4BS_CYP21A2_TNXB
NA20355.hap2	haplotype2-0000170	137805089.0	143831903.0	-1.0	{1: {'start': 3846747, 'end': 3867371, 'strand': 1, 'label': 'C4AL'}, 2: {'start': 3870368, 'end': 3873597, 'strand': 1, 'label': 'CYP21A2'}, 3: {'start': 3837053, 'end': 3846136, 'strand': 1, 'label': 'STK19'}, 4: {'start': 3873106, 'end': 3941316, 'strand': -1, 'label': 'TNXB'}}	STK19_C4AL_CYP21A2_TNXB
NA19836.hap1	haplotype1-0000001	128767740.0	134738053.0	-1.0	{1: {'start': 3777967, 'end': 3798592, 'strand': 1, 'label': 'C4AL'}, 2: {'start': 3810706, 'end': 3824962, 'strand': 1, 'label': 'C4BS'}, 3: {'start': 3801592, 'end': 3804820, 'strand': 1, 'label': 'CYP21A1P'}, 4: {'start': 3827959, 'end': 3831187, 'strand': 1, 'label': 'CYP21A2'}, 5: {'start': 3809131, 'end': 3809698, 'strand': 1, 'label': 'STK19B'}, 6: {'start': 3768273, 'end': 3777356, 'strand': 1, 'label': 'STK19'}, 7: {'start': 3804525, 'end': 3808383, 'strand': -1, 'label': 'TNXA'}, 8: {'start': 3830696, 'end': 3898886, 'strand': -1, 'label': 'TNXB'}}	STK19_C4AL_CYP21A1P_TNXA_STK19B_C4BS_CYP21A2_TNXB
NA19836.hap2	haplotype2-0000108	139077623.0	145131333.0	-1.0	{1: {'start': 3860008, 'end': 3880633, 'strand': 1, 'label': 'C4AL'}, 2: {'start': 3892747, 'end': 3913372, 'strand': 1, 'label': 'C4AL'}, 3: {'start': 3883633, 'end': 3886861, 'strand': 1, 'label': 'CYP21A1P'}, 4: {'start': 3916369, 'end': 3919598, 'strand': 1, 'label': 'CYP21A2'}, 5: {'start': 3891172, 'end': 3891739, 'strand': 1, 'label': 'STK19B'}, 6: {'start': 3850315, 'end': 3859397, 'strand': 1, 'label': 'STK19'}, 7: {'start': 3886566, 'end': 3890424, 'strand': -1, 'label': 'TNXA'}, 8: {'start': 3919107, 'end': 3987297, 'strand': -1, 'label': 'TNXB'}}	STK19_C4AL_CYP21A1P_TNXA_STK19B_C4AL_CYP21A2_TNXB
HG03009.hap1	haplotype1-0000032	272179.0	6225504.0	1.0	{1: {'start': 3794510, 'end': 3815135, 'strand': 1, 'label': 'C4AL'}, 2: {'start': 3827250, 'end': 3841506, 'strand': 1, 'label': 'C4BS'}, 3: {'start': 3818136, 'end': 3821364, 'strand': 1, 'label': 'CYP21A1P'}, 4: {'start': 3844503, 'end': 3847732, 'strand': 1, 'label': 'CYP21A2'}, 5: {'start': 3825675, 'end': 3826242, 'strand': 1, 'label': 'STK19B'}, 6: {'start': 3784818, 'end': 3793899, 'strand': 1, 'label': 'STK19'}, 7: {'start': 3821069, 'end': 3824927, 'strand': -1, 'label': 'TNXA'}, 8: {'start': 3847241, 'end': 3915403, 'strand': -1, 'label': 'TNXB'}}	STK19_C4AL_CYP21A1P_TNXA_STK19B_C4BS_CYP21A2_TNXB
HG03009.hap2	haplotype2-0000077	272179.0	6327360.0	1.0	{1: {'start': 3842541, 'end': 3863165, 'strand': 1, 'label': 'C4AL'}, 2: {'start': 3875279, 'end': 3895903, 'strand': 1, 'label': 'C4BL'}, 3: {'start': 3866165, 'end': 3869393, 'strand': 1, 'label': 'CYP21A1P'}, 4: {'start': 3898900, 'end': 3902126, 'strand': 1, 'label': 'CYP21A2'}, 5: {'start': 3873704, 'end': 3874271, 'strand': 1, 'label': 'STK19B'}, 6: {'start': 3832847, 'end': 3841930, 'strand': 1, 'label': 'STK19'}, 7: {'start': 3869098, 'end': 3872956, 'strand': -1, 'label': 'TNXA'}, 8: {'start': 3901635, 'end': 3969808, 'strand': -1, 'label': 'TNXB'}}	STK19_C4AL_CYP21A1P_TNXA_STK19B_C4BL_CYP21A2_TNXB
HG03807.hap1	haplotype1-0000008	28000450.0	34011675.0	1.0	{1: {'start': 3822930, 'end': 3843554, 'strand': 1, 'label': 'C4AL'}, 2: {'start': 3855669, 'end': 3876292, 'strand': 1, 'label': 'C4BL'}, 3: {'start': 3846554, 'end': 3849783, 'strand': 1, 'label': 'CYP21A1P'}, 4: {'start': 3879289, 'end': 3882518, 'strand': 1, 'label': 'CYP21A2'}, 5: {'start': 3854094, 'end': 3854661, 'strand': 1, 'label': 'STK19B'}, 6: {'start': 3813236, 'end': 3822319, 'strand': 1, 'label': 'STK19'}, 7: {'start': 3849488, 'end': 3853346, 'strand': -1, 'label': 'TNXA'}, 8: {'start': 3882027, 'end': 3950224, 'strand': -1, 'label': 'TNXB'}}	STK19_C4AL_CYP21A1P_TNXA_STK19B_C4BL_CYP21A2_TNXB
HG03807.hap2	haplotype2-0000087	138242049.0	144214927.0	-1.0	{1: {'start': 3755030, 'end': 3775654, 'strand': 1, 'label': 'C4AL'}, 2: {'start': 3787768, 'end': 3802023, 'strand': 1, 'label': 'C4BS'}, 3: {'start': 3778654, 'end': 3781882, 'strand': 1, 'label': 'CYP21A1P'}, 4: {'start': 3805020, 'end': 3808249, 'strand': 1, 'label': 'CYP21A2'}, 5: {'start': 3786193, 'end': 3786760, 'strand': 1, 'label': 'STK19B'}, 6: {'start': 3745334, 'end': 3754419, 'strand': 1, 'label': 'STK19'}, 7: {'start': 3781587, 'end': 3785445, 'strand': -1, 'label': 'TNXA'}, 8: {'start': 3807758, 'end': 3875966, 'strand': -1, 'label': 'TNXB'}}	STK19_C4AL_CYP21A1P_TNXA_STK19B_C4BS_CYP21A2_TNXB
HG00864.hap1	haplotype1-0000027	25427368.0	31437466.0	-1.0	{1: {'start': 3830524, 'end': 3851147, 'strand': 1, 'label': 'C4AL'}, 2: {'start': 3863260, 'end': 3877511, 'strand': 1, 'label': 'C4BS'}, 3: {'start': 3854147, 'end': 3857374, 'strand': 1, 'label': 'CYP21A1P'}, 4: {'start': 3880508, 'end': 3883736, 'strand': 1, 'label': 'CYP21A2'}, 5: {'start': 3861685, 'end': 3862252, 'strand': 1, 'label': 'STK19B'}, 6: {'start': 3820830, 'end': 3829913, 'strand': 1, 'label': 'STK19'}, 7: {'start': 3857079, 'end': 3860937, 'strand': -1, 'label': 'TNXA'}, 8: {'start': 3883245, 'end': 3951431, 'strand': -1, 'label': 'TNXB'}}	STK19_C4AL_CYP21A1P_TNXA_STK19B_C4BS_CYP21A2_TNXB
HG00864.hap2	haplotype2-0000075	25609617.0	31735384.0	-1.0	{1: {'start': 3830059, 'end': 3850706, 'strand': 1, 'label': 'C4AL'}, 2: {'start': 3862821, 'end': 3877078, 'strand': 1, 'label': 'C4AS'}, 3: {'start': 3889192, 'end': 3909816, 'strand': 1, 'label': 'C4BL'}, 4: {'start': 3853706, 'end': 3856935, 'strand': 1, 'label': 'CYP21A1P'}, 5: {'start': 3880078, 'end': 3883306, 'strand': 1, 'label': 'CYP21A1P'}, 6: {'start': 3912812, 'end': 3916041, 'strand': 1, 'label': 'CYP21A2'}, 7: {'start': 3861246, 'end': 3861813, 'strand': 1, 'label': 'STK19B'}, 8: {'start': 3887617, 'end': 3888184, 'strand': 1, 'label': 'STK19B'}, 9: {'start': 3820374, 'end': 3829448, 'strand': 1, 'label': 'STK19'}, 10: {'start': 3856640, 'end': 3860498, 'strand': -1, 'label': 'TNXA'}, 11: {'start': 3883011, 'end': 3886869, 'strand': -1, 'label': 'TNXA'}, 12: {'start': 3915550, 'end': 3983804, 'strand': -1, 'label': 'TNXB'}}	STK19_C4AL_CYP21A1P_TNXA_STK19B_C4AS_CYP21A1P_TNXA_STK19B_C4BL_CYP21A2_TNXB
NA12329.hap1	haplotype1-0000031	137686182.0	143820902.0	-1.0	{1: {'start': 3839615, 'end': 3860240, 'strand': 1, 'label': 'C4AL'}, 2: {'start': 3872355, 'end': 3886611, 'strand': 1, 'label': 'C4BS'}, 3: {'start': 3863241, 'end': 3866469, 'strand': 1, 'label': 'CYP21A1P'}, 4: {'start': 3889608, 'end': 3892837, 'strand': 1, 'label': 'CYP21A2'}, 5: {'start': 3870780, 'end': 3871347, 'strand': 1, 'label': 'STK19B'}, 6: {'start': 3829923, 'end': 3839004, 'strand': 1, 'label': 'STK19'}, 7: {'start': 3866174, 'end': 3870032, 'strand': -1, 'label': 'TNXA'}, 8: {'start': 3892346, 'end': 3960494, 'strand': -1, 'label': 'TNXB'}}	STK19_C4AL_CYP21A1P_TNXA_STK19B_C4BS_CYP21A2_TNXB
NA12329.hap2	haplotype2-0000081	28104378.0	34223085.0	1.0	{1: {'start': 3847766, 'end': 3868390, 'strand': 1, 'label': 'C4AL'}, 2: {'start': 3880504, 'end': 3901128, 'strand': 1, 'label': 'C4BL'}, 3: {'start': 3871390, 'end': 3874618, 'strand': 1, 'label': 'CYP21A1P'}, 4: {'start': 3904125, 'end': 3907350, 'strand': 1, 'label': 'CYP21A2'}, 5: {'start': 3878929, 'end': 3879496, 'strand': 1, 'label': 'STK19B'}, 6: {'start': 3838072, 'end': 3847155, 'strand': 1, 'label': 'STK19'}, 7: {'start': 3874323, 'end': 3878181, 'strand': -1, 'label': 'TNXA'}, 8: {'start': 3906859, 'end': 3975051, 'strand': -1, 'label': 'TNXB'}}	STK19_C4AL_CYP21A1P_TNXA_STK19B_C4BL_CYP21A2_TNXB
NA18534.hap1	haplotype1-0000009	28103452.0	34248696.0	1.0	{1: {'start': 3854619, 'end': 3875243, 'strand': 1, 'label': 'C4AL'}, 2: {'start': 3887356, 'end': 3907979, 'strand': 1, 'label': 'C4BL'}, 3: {'start': 3878242, 'end': 3881470, 'strand': 1, 'label': 'CYP21A1P'}, 4: {'start': 3910976, 'end': 3914205, 'strand': 1, 'label': 'CYP21A2'}, 5: {'start': 3885781, 'end': 3886348, 'strand': 1, 'label': 'STK19B'}, 6: {'start': 3844924, 'end': 3854008, 'strand': 1, 'label': 'STK19'}, 7: {'start': 3881175, 'end': 3885033, 'strand': -1, 'label': 'TNXA'}, 8: {'start': 3913714, 'end': 3981912, 'strand': -1, 'label': 'TNXB'}}	STK19_C4AL_CYP21A1P_TNXA_STK19B_C4BL_CYP21A2_TNXB
NA18534.hap2	haplotype2-0000077	28102334.0	34086443.0	1.0	{1: {'start': 3850562, 'end': 3871187, 'strand': 1, 'label': 'C4AL'}, 2: {'start': 3874184, 'end': 3877413, 'strand': 1, 'label': 'CYP21A2'}, 3: {'start': 3840867, 'end': 3849951, 'strand': 1, 'label': 'STK19'}, 4: {'start': 3876922, 'end': 3945075, 'strand': -1, 'label': 'TNXB'}}	STK19_C4AL_CYP21A2_TNXB
HG00514.hap1 (version 1)	haplotype1-0000050	25936512.0	31885989.0	-1.0	{1: {'start': 3843795, 'end': 3864418, 'strand': 1, 'label': 'C4AL'}, 2: {'start': 3876531, 'end': 3890786, 'strand': 1, 'label': 'C4BS'}, 3: {'start': 3867418, 'end': 3870645, 'strand': 1, 'label': 'CYP21A1P'}, 4: {'start': 3893781, 'end': 3897009, 'strand': 1, 'label': 'CYP21A2'}, 5: {'start': 3874956, 'end': 3875523, 'strand': 1, 'label': 'STK19B'}, 6: {'start': 3834101, 'end': 3843184, 'strand': 1, 'label': 'STK19'}, 7: {'start': 3870350, 'end': 3874208, 'strand': -1, 'label': 'TNXA'}, 8: {'start': 3896518, 'end': 3964713, 'strand': -1, 'label': 'TNXB'}}	STK19_C4AL_CYP21A1P_TNXA_STK19B_C4BS_CYP21A2_TNXB
HG00514.hap2 (version 1)	haplotype2-0000194	27810235.0	33769115.0	-1.0	{1: {'start': 3845015, 'end': 3865639, 'strand': 1, 'label': 'C4AL'}, 2: {'start': 3877752, 'end': 3892008, 'strand': 1, 'label': 'C4BS'}, 3: {'start': 3868639, 'end': 3871866, 'strand': 1, 'label': 'CYP21A1P'}, 4: {'start': 3895005, 'end': 3898233, 'strand': 1, 'label': 'CYP21A2'}, 5: {'start': 3876177, 'end': 3876744, 'strand': 1, 'label': 'STK19B'}, 6: {'start': 3835318, 'end': 3844404, 'strand': 1, 'label': 'STK19'}, 7: {'start': 3871571, 'end': 3875429, 'strand': -1, 'label': 'TNXA'}, 8: {'start': 3897742, 'end': 3965939, 'strand': -1, 'label': 'TNXB:NF'}}	STK19_C4AL_CYP21A1P_TNXA_STK19B_C4BS_CYP21A2_TNXB:NF
HG00513.hap1	haplotype1-0000019	138676859.0	144689792.0	-1.0	{1: {'start': 3842913, 'end': 3863533, 'strand': 1, 'label': 'C4AL'}, 2: {'start': 3875646, 'end': 3889897, 'strand': 1, 'label': 'C4BS'}, 3: {'start': 3866533, 'end': 3869760, 'strand': 1, 'label': 'CYP21A1P'}, 4: {'start': 3892894, 'end': 3896122, 'strand': 1, 'label': 'CYP21A2'}, 5: {'start': 3874071, 'end': 3874638, 'strand': 1, 'label': 'STK19B'}, 6: {'start': 3833219, 'end': 3842302, 'strand': 1, 'label': 'STK19'}, 7: {'start': 3869465, 'end': 3873323, 'strand': -1, 'label': 'TNXA'}, 8: {'start': 3895631, 'end': 3963823, 'strand': -1, 'label': 'TNXB'}}	STK19_C4AL_CYP21A1P_TNXA_STK19B_C4BS_CYP21A2_TNXB
HG00513.hap2	haplotype2-0000090	28101350.0	34020969.0	1.0	{1: {'start': 3812584, 'end': 3833208, 'strand': 1, 'label': 'C4AL'}, 2: {'start': 3845321, 'end': 3859577, 'strand': 1, 'label': 'C4BS'}, 3: {'start': 3836208, 'end': 3839435, 'strand': 1, 'label': 'CYP21A1P'}, 4: {'start': 3862574, 'end': 3865802, 'strand': 1, 'label': 'CYP21A2'}, 5: {'start': 3843746, 'end': 3844313, 'strand': 1, 'label': 'STK19B'}, 6: {'start': 3802889, 'end': 3811973, 'strand': 1, 'label': 'STK19'}, 7: {'start': 3839140, 'end': 3842998, 'strand': -1, 'label': 'TNXA'}, 8: {'start': 3865311, 'end': 3933496, 'strand': -1, 'label': 'TNXB'}}	STK19_C4AL_CYP21A1P_TNXA_STK19B_C4BS_CYP21A2_TNXB
HG00512.hap1	haplotype1-0000014	138476641.0	144392152.0	-1.0	{1: {'start': 3811495, 'end': 3832118, 'strand': 1, 'label': 'C4AL'}, 2: {'start': 3844231, 'end': 3858486, 'strand': 1, 'label': 'C4BS'}, 3: {'start': 3835118, 'end': 3838345, 'strand': 1, 'label': 'CYP21A1P'}, 4: {'start': 3861483, 'end': 3864711, 'strand': 1, 'label': 'CYP21A2'}, 5: {'start': 3842656, 'end': 3843223, 'strand': 1, 'label': 'STK19B'}, 6: {'start': 3801801, 'end': 3810884, 'strand': 1, 'label': 'STK19'}, 7: {'start': 3838050, 'end': 3841908, 'strand': -1, 'label': 'TNXA'}, 8: {'start': 3864220, 'end': 3932415, 'strand': -1, 'label': 'TNXB'}}	STK19_C4AL_CYP21A1P_TNXA_STK19B_C4BS_CYP21A2_TNXB
HG00512.hap2	haplotype2-0000279	137330263.0	143294021.0	-1.0	{1: {'start': 3765556, 'end': 3786179, 'strand': 1, 'label': 'C4AL'}, 2: {'start': 3798292, 'end': 3812543, 'strand': 1, 'label': 'C4BS'}, 3: {'start': 3789179, 'end': 3792406, 'strand': 1, 'label': 'CYP21A1P'}, 4: {'start': 3815540, 'end': 3818768, 'strand': 1, 'label': 'CYP21A2'}, 5: {'start': 3796717, 'end': 3797284, 'strand': 1, 'label': 'STK19B'}, 6: {'start': 3755862, 'end': 3764945, 'strand': 1, 'label': 'STK19'}, 7: {'start': 3792111, 'end': 3795969, 'strand': -1, 'label': 'TNXA'}, 8: {'start': 3818277, 'end': 3886472, 'strand': -1, 'label': 'TNXB'}}	STK19_C4AL_CYP21A1P_TNXA_STK19B_C4BS_CYP21A2_TNXB
HG01352.hap1	haplotype1-0000013	140241019.0	146366634.0	-1.0	{1: {'start': 3795942, 'end': 3816565, 'strand': 1, 'label': 'C4AL'}, 2: {'start': 3828679, 'end': 3849303, 'strand': 1, 'label': 'C4BL'}, 3: {'start': 3861417, 'end': 3882041, 'strand': 1, 'label': 'C4BL'}, 4: {'start': 3819565, 'end': 3822793, 'strand': 1, 'label': 'CYP21A1P'}, 5: {'start': 3852303, 'end': 3855531, 'strand': 1, 'label': 'CYP21A1P'}, 6: {'start': 3885038, 'end': 3888264, 'strand': 1, 'label': 'CYP21A2'}, 7: {'start': 3827104, 'end': 3827671, 'strand': 1, 'label': 'STK19B'}, 8: {'start': 3859842, 'end': 3860409, 'strand': 1, 'label': 'STK19B'}, 9: {'start': 3786247, 'end': 3795331, 'strand': 1, 'label': 'STK19'}, 10: {'start': 3822498, 'end': 3826356, 'strand': -1, 'label': 'TNXA'}, 11: {'start': 3855236, 'end': 3859094, 'strand': -1, 'label': 'TNXA'}, 12: {'start': 3887773, 'end': 3955945, 'strand': -1, 'label': 'TNXB'}}	STK19_C4AL_CYP21A1P_TNXA_STK19B_C4BL_CYP21A1P_TNXA_STK19B_C4BL_CYP21A2_TNXB
HG01352.hap2	haplotype2-0000160	139647485.0	145711822.0	-1.0	{1: {'start': 3855518, 'end': 3876143, 'strand': 1, 'label': 'C4AL'}, 2: {'start': 3888257, 'end': 3908882, 'strand': 1, 'label': 'C4AL'}, 3: {'start': 3879143, 'end': 3882371, 'strand': 1, 'label': 'CYP21A1P'}, 4: {'start': 3911879, 'end': 3915109, 'strand': 1, 'label': 'CYP21A2:NF'}, 5: {'start': 3886682, 'end': 3887249, 'strand': 1, 'label': 'STK19B'}, 6: {'start': 3845824, 'end': 3854907, 'strand': 1, 'label': 'STK19'}, 7: {'start': 3882076, 'end': 3885934, 'strand': -1, 'label': 'TNXA'}, 8: {'start': 3914618, 'end': 3982811, 'strand': -1, 'label': 'TNXB'}}	STK19_C4AL_CYP21A1P_TNXA_STK19B_C4AL_CYP21A2:NF_TNXB
HG01457.hap1	haplotype1-0000017	28117230.0	34148989.0	1.0	{1: {'start': 3833590, 'end': 3854214, 'strand': 1, 'label': 'C4AL'}, 2: {'start': 3866328, 'end': 3886952, 'strand': 1, 'label': 'C4BL'}, 3: {'start': 3857214, 'end': 3860442, 'strand': 1, 'label': 'CYP21A1P'}, 4: {'start': 3889949, 'end': 3893175, 'strand': 1, 'label': 'CYP21A2'}, 5: {'start': 3864753, 'end': 3865320, 'strand': 1, 'label': 'STK19B'}, 6: {'start': 3823895, 'end': 3832979, 'strand': 1, 'label': 'STK19'}, 7: {'start': 3860147, 'end': 3864005, 'strand': -1, 'label': 'TNXA'}, 8: {'start': 3892684, 'end': 3960855, 'strand': -1, 'label': 'TNXB'}}	STK19_C4AL_CYP21A1P_TNXA_STK19B_C4BL_CYP21A2_TNXB
HG01457.hap2	haplotype2-0000108	28106879.0	34270394.0	1.0	{1: {'start': 3826610, 'end': 3847234, 'strand': 1, 'label': 'C4AL'}, 2: {'start': 3859348, 'end': 3879972, 'strand': 1, 'label': 'C4BL'}, 3: {'start': 3850234, 'end': 3853462, 'strand': 1, 'label': 'CYP21A1P'}, 4: {'start': 3882969, 'end': 3886194, 'strand': 1, 'label': 'CYP21A2'}, 5: {'start': 3857773, 'end': 3858340, 'strand': 1, 'label': 'STK19B'}, 6: {'start': 3816915, 'end': 3825999, 'strand': 1, 'label': 'STK19'}, 7: {'start': 3853167, 'end': 3857025, 'strand': -1, 'label': 'TNXA'}, 8: {'start': 3885703, 'end': 3953888, 'strand': -1, 'label': 'TNXB'}}	STK19_C4AL_CYP21A1P_TNXA_STK19B_C4BL_CYP21A2_TNXB
HG01114.hap1	haplotype1-0000012	30927557.0	36988329.0	-1.0	{1: {'start': 3783742, 'end': 3804366, 'strand': 1, 'label': 'C4AL'}, 2: {'start': 3816480, 'end': 3837104, 'strand': 1, 'label': 'C4BL'}, 3: {'start': 3807366, 'end': 3810594, 'strand': 1, 'label': 'CYP21A1P'}, 4: {'start': 3840101, 'end': 3843327, 'strand': 1, 'label': 'CYP21A2'}, 5: {'start': 3814905, 'end': 3815472, 'strand': 1, 'label': 'STK19B'}, 6: {'start': 3774049, 'end': 3783131, 'strand': 1, 'label': 'STK19'}, 7: {'start': 3810299, 'end': 3814157, 'strand': -1, 'label': 'TNXA'}, 8: {'start': 3842836, 'end': 3911020, 'strand': -1, 'label': 'TNXB'}}	STK19_C4AL_CYP21A1P_TNXA_STK19B_C4BL_CYP21A2_TNXB
HG01114.hap2	haplotype2-0000277	137912836.0	143866970.0	-1.0	{1: {'start': 3823836, 'end': 3844461, 'strand': 1, 'label': 'C4AL'}, 2: {'start': 3847461, 'end': 3850689, 'strand': 1, 'label': 'CYP21A1P'}, 3: {'start': 3814142, 'end': 3823225, 'strand': 1, 'label': 'STK19'}, 4: {'start': 3850198, 'end': 3918384, 'strand': -1, 'label': 'TNXB'}}	STK19_C4AL_CYP21A1P_TNXB
HG03520.hap1	haplotype1-0000035	88873545.0	94903880.0	-1.0	{1: {'start': 3865303, 'end': 3885928, 'strand': 1, 'label': 'C4AL'}, 2: {'start': 3898043, 'end': 3912299, 'strand': 1, 'label': 'C4BS'}, 3: {'start': 3888929, 'end': 3892157, 'strand': 1, 'label': 'CYP21A1P'}, 4: {'start': 3915296, 'end': 3918525, 'strand': 1, 'label': 'CYP21A2'}, 5: {'start': 3896468, 'end': 3897035, 'strand': 1, 'label': 'STK19B'}, 6: {'start': 3855610, 'end': 3864692, 'strand': 1, 'label': 'STK19'}, 7: {'start': 3891862, 'end': 3895720, 'strand': -1, 'label': 'TNXA'}, 8: {'start': 3918034, 'end': 3986211, 'strand': -1, 'label': 'TNXB'}}	STK19_C4AL_CYP21A1P_TNXA_STK19B_C4BS_CYP21A2_TNXB
HG03520.hap2	haplotype2-0000175	86515786.0	92488615.0	-1.0	{1: {'start': 3808159, 'end': 3828784, 'strand': 1, 'label': 'C4AL'}, 2: {'start': 3840898, 'end': 3855154, 'strand': 1, 'label': 'C4BS'}, 3: {'start': 3831784, 'end': 3835012, 'strand': 1, 'label': 'CYP21A1P'}, 4: {'start': 3858151, 'end': 3861379, 'strand': 1, 'label': 'CYP21A2'}, 5: {'start': 3839323, 'end': 3839890, 'strand': 1, 'label': 'STK19B'}, 6: {'start': 3798465, 'end': 3807548, 'strand': 1, 'label': 'STK19'}, 7: {'start': 3834717, 'end': 3838575, 'strand': -1, 'label': 'TNXA'}, 8: {'start': 3860888, 'end': 3929074, 'strand': -1, 'label': 'TNXB'}}	STK19_C4AL_CYP21A1P_TNXA_STK19B_C4BS_CYP21A2_TNXB
HG03371.hap1	haplotype1-0000019	139377234.0	145513822.0	-1.0	{1: {'start': 3968376, 'end': 3989001, 'strand': 1, 'label': 'C4AL'}, 2: {'start': 4001114, 'end': 4015370, 'strand': 1, 'label': 'C4BS'}, 3: {'start': 3992000, 'end': 3995228, 'strand': 1, 'label': 'CYP21A1P'}, 4: {'start': 4018367, 'end': 4021596, 'strand': 1, 'label': 'CYP21A2'}, 5: {'start': 3999539, 'end': 4000106, 'strand': 1, 'label': 'STK19B'}, 6: {'start': 3958684, 'end': 3967765, 'strand': 1, 'label': 'STK19'}, 7: {'start': 3994933, 'end': 3998791, 'strand': -1, 'label': 'TNXA'}, 8: {'start': 4021105, 'end': 4089311, 'strand': -1, 'label': 'TNXB'}}	STK19_C4AL_CYP21A1P_TNXA_STK19B_C4BS_CYP21A2_TNXB
HG03371.hap2	haplotype2-0000069	136861422.0	142894466.0	-1.0	{1: {'start': 3860962, 'end': 3881587, 'strand': 1, 'label': 'C4AL'}, 2: {'start': 3893701, 'end': 3907957, 'strand': 1, 'label': 'C4BS'}, 3: {'start': 3884587, 'end': 3887815, 'strand': 1, 'label': 'CYP21A1P'}, 4: {'start': 3910954, 'end': 3914183, 'strand': 1, 'label': 'CYP21A2'}, 5: {'start': 3892126, 'end': 3892693, 'strand': 1, 'label': 'STK19B'}, 6: {'start': 3851277, 'end': 3860351, 'strand': 1, 'label': 'STK19'}, 7: {'start': 3887520, 'end': 3891378, 'strand': -1, 'label': 'TNXA'}, 8: {'start': 3913692, 'end': 3981894, 'strand': -1, 'label': 'TNXB'}}	STK19_C4AL_CYP21A1P_TNXA_STK19B_C4BS_CYP21A2_TNXB
HG02953.hap1	haplotype1-0000025	28175250.0	34212534.0	1.0	{1: {'start': 3862388, 'end': 3883013, 'strand': 1, 'label': 'C4AL'}, 2: {'start': 3895127, 'end': 3909383, 'strand': 1, 'label': 'C4BS'}, 3: {'start': 3886013, 'end': 3889241, 'strand': 1, 'label': 'CYP21A1P'}, 4: {'start': 3912380, 'end': 3915608, 'strand': 1, 'label': 'CYP21A2'}, 5: {'start': 3893552, 'end': 3894119, 'strand': 1, 'label': 'STK19B'}, 6: {'start': 3852693, 'end': 3861777, 'strand': 1, 'label': 'STK19'}, 7: {'start': 3888946, 'end': 3892804, 'strand': -1, 'label': 'TNXA'}, 8: {'start': 3915117, 'end': 3983306, 'strand': -1, 'label': 'TNXB'}}	STK19_C4AL_CYP21A1P_TNXA_STK19B_C4BS_CYP21A2_TNXB
HG02953.hap2	haplotype2-0000141	28114881.0	34143158.0	1.0	{1: {'start': 3858515, 'end': 3879140, 'strand': 1, 'label': 'C4AL'}, 2: {'start': 3891253, 'end': 3905509, 'strand': 1, 'label': 'C4BS'}, 3: {'start': 3882139, 'end': 3885367, 'strand': 1, 'label': 'CYP21A1P'}, 4: {'start': 3908505, 'end': 3911734, 'strand': 1, 'label': 'CYP21A2'}, 5: {'start': 3889678, 'end': 3890245, 'strand': 1, 'label': 'STK19B'}, 6: {'start': 3848829, 'end': 3857904, 'strand': 1, 'label': 'STK19'}, 7: {'start': 3885072, 'end': 3888930, 'strand': -1, 'label': 'TNXA'}, 8: {'start': 3911243, 'end': 3979435, 'strand': -1, 'label': 'TNXB'}}	STK19_C4AL_CYP21A1P_TNXA_STK19B_C4BS_CYP21A2_TNXB
HG00268.hap1	haplotype1-0000024	136878033.0	142865164.0	-1.0	{1: {'start': 3819055, 'end': 3839678, 'strand': 1, 'label': 'C4AL'}, 2: {'start': 3851792, 'end': 3866047, 'strand': 1, 'label': 'C4BS'}, 3: {'start': 3842678, 'end': 3845906, 'strand': 1, 'label': 'CYP21A1P'}, 4: {'start': 3869044, 'end': 3872273, 'strand': 1, 'label': 'CYP21A2'}, 5: {'start': 3850217, 'end': 3850784, 'strand': 1, 'label': 'STK19B'}, 6: {'start': 3809360, 'end': 3818444, 'strand': 1, 'label': 'STK19'}, 7: {'start': 3845611, 'end': 3849469, 'strand': -1, 'label': 'TNXA'}, 8: {'start': 3871782, 'end': 3939978, 'strand': -1, 'label': 'TNXB'}}	STK19_C4AL_CYP21A1P_TNXA_STK19B_C4BS_CYP21A2_TNXB
HG00268.hap2	haplotype2-0000069	138410816.0	144406543.0	-1.0	{1: {'start': 3815215, 'end': 3835839, 'strand': 1, 'label': 'C4AL'}, 2: {'start': 3847953, 'end': 3868576, 'strand': 1, 'label': 'C4BL'}, 3: {'start': 3838839, 'end': 3842067, 'strand': 1, 'label': 'CYP21A1P'}, 4: {'start': 3871573, 'end': 3874802, 'strand': 1, 'label': 'CYP21A2'}, 5: {'start': 3846378, 'end': 3846945, 'strand': 1, 'label': 'STK19B'}, 6: {'start': 3805521, 'end': 3814604, 'strand': 1, 'label': 'STK19'}, 7: {'start': 3841772, 'end': 3845630, 'strand': -1, 'label': 'TNXA'}, 8: {'start': 3874311, 'end': 3942501, 'strand': -1, 'label': 'TNXB'}}	STK19_C4AL_CYP21A1P_TNXA_STK19B_C4BL_CYP21A2_TNXB
HG00358.hap1	haplotype1-0000008	28050969.0	34126773.0	1.0	{1: {'start': 3820344, 'end': 3840964, 'strand': 1, 'label': 'C4AL'}, 2: {'start': 3853077, 'end': 3867328, 'strand': 1, 'label': 'C4BS'}, 3: {'start': 3843964, 'end': 3847191, 'strand': 1, 'label': 'CYP21A1P'}, 4: {'start': 3870325, 'end': 3873553, 'strand': 1, 'label': 'CYP21A2'}, 5: {'start': 3851502, 'end': 3852069, 'strand': 1, 'label': 'STK19B'}, 6: {'start': 3810650, 'end': 3819733, 'strand': 1, 'label': 'STK19'}, 7: {'start': 3846896, 'end': 3850754, 'strand': -1, 'label': 'TNXA'}, 8: {'start': 3873062, 'end': 3941249, 'strand': -1, 'label': 'TNXB'}}	STK19_C4AL_CYP21A1P_TNXA_STK19B_C4BS_CYP21A2_TNXB
HG00358.hap2	haplotype2-0000087	28177745.0	34210628.0	1.0	{1: {'start': 3829473, 'end': 3850098, 'strand': 1, 'label': 'C4AL'}, 2: {'start': 3862212, 'end': 3876469, 'strand': 1, 'label': 'C4AS'}, 3: {'start': 3888583, 'end': 3909207, 'strand': 1, 'label': 'C4BL'}, 4: {'start': 3853098, 'end': 3856326, 'strand': 1, 'label': 'CYP21A1P'}, 5: {'start': 3879469, 'end': 3882697, 'strand': 1, 'label': 'CYP21A1P'}, 6: {'start': 3912223, 'end': 3915452, 'strand': 1, 'label': 'CYP21A2'}, 7: {'start': 3860637, 'end': 3861204, 'strand': 1, 'label': 'STK19B'}, 8: {'start': 3887008, 'end': 3887575, 'strand': 1, 'label': 'STK19B'}, 9: {'start': 3819788, 'end': 3828862, 'strand': 1, 'label': 'STK19'}, 10: {'start': 3856031, 'end': 3859889, 'strand': -1, 'label': 'TNXA'}, 11: {'start': 3882402, 'end': 3886260, 'strand': -1, 'label': 'TNXA'}, 12: {'start': 3914961, 'end': 3983213, 'strand': -1, 'label': 'TNXB'}}	STK19_C4AL_CYP21A1P_TNXA_STK19B_C4AS_CYP21A1P_TNXA_STK19B_C4BL_CYP21A2_TNXB
HG00171.hap1	haplotype1-0000033	138746031.0	144841668.0	-1.0	{1: {'start': 3818265, 'end': 3838890, 'strand': 1, 'label': 'C4AL'}, 2: {'start': 3851005, 'end': 3865261, 'strand': 1, 'label': 'C4BS'}, 3: {'start': 3841891, 'end': 3845119, 'strand': 1, 'label': 'CYP21A1P'}, 4: {'start': 3868258, 'end': 3871487, 'strand': 1, 'label': 'CYP21A2'}, 5: {'start': 3849430, 'end': 3849997, 'strand': 1, 'label': 'STK19B'}, 6: {'start': 3808572, 'end': 3817654, 'strand': 1, 'label': 'STK19'}, 7: {'start': 3844824, 'end': 3848682, 'strand': -1, 'label': 'TNXA'}, 8: {'start': 3870996, 'end': 3939175, 'strand': -1, 'label': 'TNXB'}}	STK19_C4AL_CYP21A1P_TNXA_STK19B_C4BS_CYP21A2_TNXB
HG00171.hap2	haplotype2-0000168	137833742.0	143962563.0	-1.0	{1: {'start': 3849002, 'end': 3869626, 'strand': 1, 'label': 'C4AL'}, 2: {'start': 3881740, 'end': 3902364, 'strand': 1, 'label': 'C4BL'}, 3: {'start': 3872626, 'end': 3875854, 'strand': 1, 'label': 'CYP21A1P'}, 4: {'start': 3905361, 'end': 3908586, 'strand': 1, 'label': 'CYP21A2'}, 5: {'start': 3880165, 'end': 3880732, 'strand': 1, 'label': 'STK19B'}, 6: {'start': 3839308, 'end': 3848391, 'strand': 1, 'label': 'STK19'}, 7: {'start': 3875559, 'end': 3879417, 'strand': -1, 'label': 'TNXA'}, 8: {'start': 3908095, 'end': 3976272, 'strand': -1, 'label': 'TNXB'}}	STK19_C4AL_CYP21A1P_TNXA_STK19B_C4BL_CYP21A2_TNXB
HG00096.hap1	haplotype1-0000024	28108219.0	34245030.0	1.0	{1: {'start': 3830593, 'end': 3851218, 'strand': 1, 'label': 'C4AL'}, 2: {'start': 3863332, 'end': 3877589, 'strand': 1, 'label': 'C4BS'}, 3: {'start': 3854218, 'end': 3857446, 'strand': 1, 'label': 'CYP21A1P'}, 4: {'start': 3880586, 'end': 3883815, 'strand': 1, 'label': 'CYP21A2'}, 5: {'start': 3861757, 'end': 3862324, 'strand': 1, 'label': 'STK19B'}, 6: {'start': 3820909, 'end': 3829982, 'strand': 1, 'label': 'STK19'}, 7: {'start': 3857151, 'end': 3861009, 'strand': -1, 'label': 'TNXA'}, 8: {'start': 3883324, 'end': 3951524, 'strand': -1, 'label': 'TNXB'}}	STK19_C4AL_CYP21A1P_TNXA_STK19B_C4BS_CYP21A2_TNXB
HG00096.hap2	haplotype2-0000117	28101439.0	34074461.0	1.0	{1: {'start': 3845753, 'end': 3860009, 'strand': 1, 'label': 'C4BS'}, 2: {'start': 3863006, 'end': 3866235, 'strand': 1, 'label': 'CYP21A2'}, 3: {'start': 3836059, 'end': 3845142, 'strand': 1, 'label': 'STK19'}, 4: {'start': 3865744, 'end': 3933943, 'strand': -1, 'label': 'TNXB'}}	STK19_C4BS_CYP21A2_TNXB
NA20847.hap1	haplotype1-0000006	24696675.0	30811514.0	-1.0	{1: {'start': 3839359, 'end': 3859984, 'strand': 1, 'label': 'C4AL'}, 2: {'start': 3872099, 'end': 3886355, 'strand': 1, 'label': 'C4BS'}, 3: {'start': 3898470, 'end': 3912726, 'strand': 1, 'label': 'C4BS'}, 4: {'start': 3862985, 'end': 3866213, 'strand': 1, 'label': 'CYP21A1P'}, 5: {'start': 3889356, 'end': 3892584, 'strand': 1, 'label': 'CYP21A1P'}, 6: {'start': 3915723, 'end': 3918952, 'strand': 1, 'label': 'CYP21A2'}, 7: {'start': 3870524, 'end': 3871091, 'strand': 1, 'label': 'STK19B'}, 8: {'start': 3896895, 'end': 3897462, 'strand': 1, 'label': 'STK19B'}, 9: {'start': 3829669, 'end': 3838748, 'strand': 1, 'label': 'STK19'}, 10: {'start': 3865918, 'end': 3869776, 'strand': -1, 'label': 'TNXA'}, 11: {'start': 3892289, 'end': 3896147, 'strand': -1, 'label': 'TNXA'}, 12: {'start': 3918461, 'end': 3986637, 'strand': -1, 'label': 'TNXB'}}	STK19_C4AL_CYP21A1P_TNXA_STK19B_C4BS_CYP21A1P_TNXA_STK19B_C4BS_CYP21A2_TNXB
NA20847.hap2	haplotype2-0000107	26776718.0	32877566.0	-1.0	{1: {'start': 3823271, 'end': 3843895, 'strand': 1, 'label': 'C4AL'}, 2: {'start': 3856009, 'end': 3876633, 'strand': 1, 'label': 'C4AL'}, 3: {'start': 3888747, 'end': 3909371, 'strand': 1, 'label': 'C4BL'}, 4: {'start': 3846895, 'end': 3850123, 'strand': 1, 'label': 'CYP21A1P'}, 5: {'start': 3879633, 'end': 3882861, 'strand': 1, 'label': 'CYP21A1P'}, 6: {'start': 3912368, 'end': 3915593, 'strand': 1, 'label': 'CYP21A2'}, 7: {'start': 3854434, 'end': 3855001, 'strand': 1, 'label': 'STK19B'}, 8: {'start': 3887172, 'end': 3887739, 'strand': 1, 'label': 'STK19B'}, 9: {'start': 3813577, 'end': 3822660, 'strand': 1, 'label': 'STK19'}, 10: {'start': 3849828, 'end': 3853686, 'strand': -1, 'label': 'TNXA'}, 11: {'start': 3882566, 'end': 3886424, 'strand': -1, 'label': 'TNXA'}, 12: {'start': 3915102, 'end': 3983280, 'strand': -1, 'label': 'TNXB'}}	STK19_C4AL_CYP21A1P_TNXA_STK19B_C4AL_CYP21A1P_TNXA_STK19B_C4BL_CYP21A2_TNXB
HG02769.hap1	haplotype1-0000020	28012374.0	34078796.0	1.0	{1: {'start': 3884826, 'end': 3905450, 'strand': 1, 'label': 'C4AL'}, 2: {'start': 3917564, 'end': 3938188, 'strand': 1, 'label': 'C4BL'}, 3: {'start': 3908450, 'end': 3911678, 'strand': 1, 'label': 'CYP21A1P'}, 4: {'start': 3941185, 'end': 3944414, 'strand': 1, 'label': 'CYP21A2'}, 5: {'start': 3915989, 'end': 3916556, 'strand': 1, 'label': 'STK19B'}, 6: {'start': 3875132, 'end': 3884215, 'strand': 1, 'label': 'STK19'}, 7: {'start': 3911383, 'end': 3915241, 'strand': -1, 'label': 'TNXA'}, 8: {'start': 3943923, 'end': 4012123, 'strand': -1, 'label': 'TNXB'}}	STK19_C4AL_CYP21A1P_TNXA_STK19B_C4BL_CYP21A2_TNXB
HG02769.hap2	haplotype2-0000196	28108209.0	34077955.0	1.0	{1: {'start': 3845577, 'end': 3866201, 'strand': 1, 'label': 'C4AL'}, 2: {'start': 3869198, 'end': 3872426, 'strand': 1, 'label': 'CYP21A2'}, 3: {'start': 3835880, 'end': 3844966, 'strand': 1, 'label': 'STK19'}, 4: {'start': 3871935, 'end': 3940122, 'strand': -1, 'label': 'TNXB'}}	STK19_C4AL_CYP21A2_TNXB
HG03248.hap1	haplotype1-0000015	28000041.0	34141107.0	1.0	{1: {'start': 3918623, 'end': 3939248, 'strand': 1, 'label': 'C4AL'}, 2: {'start': 3951362, 'end': 3971987, 'strand': 1, 'label': 'C4AL'}, 3: {'start': 3984100, 'end': 3998357, 'strand': 1, 'label': 'C4BS'}, 4: {'start': 3942248, 'end': 3945476, 'strand': 1, 'label': 'CYP21A1P'}, 5: {'start': 3974986, 'end': 3978214, 'strand': 1, 'label': 'CYP21A1P'}, 6: {'start': 4001354, 'end': 4004583, 'strand': 1, 'label': 'CYP21A2'}, 7: {'start': 3949787, 'end': 3950354, 'strand': 1, 'label': 'STK19B'}, 8: {'start': 3982525, 'end': 3983092, 'strand': 1, 'label': 'STK19B'}, 9: {'start': 3908939, 'end': 3918012, 'strand': 1, 'label': 'STK19'}, 10: {'start': 3945181, 'end': 3949039, 'strand': -1, 'label': 'TNXA'}, 11: {'start': 3977919, 'end': 3981777, 'strand': -1, 'label': 'TNXA'}, 12: {'start': 4004092, 'end': 4072288, 'strand': -1, 'label': 'TNXB'}}	STK19_C4AL_CYP21A1P_TNXA_STK19B_C4AL_CYP21A1P_TNXA_STK19B_C4BS_CYP21A2_TNXB
HG03248.hap2	haplotype2-0000148	28152773.0	34392386.0	1.0	{1: {'start': 3938389, 'end': 3959014, 'strand': 1, 'label': 'C4AL'}, 2: {'start': 3971129, 'end': 3985385, 'strand': 1, 'label': 'C4BS'}, 3: {'start': 3962015, 'end': 3965243, 'strand': 1, 'label': 'CYP21A1P'}, 4: {'start': 3988381, 'end': 3991610, 'strand': 1, 'label': 'CYP21A2'}, 5: {'start': 3969554, 'end': 3970121, 'strand': 1, 'label': 'STK19B'}, 6: {'start': 3928698, 'end': 3937778, 'strand': 1, 'label': 'STK19'}, 7: {'start': 3964948, 'end': 3968806, 'strand': -1, 'label': 'TNXA'}, 8: {'start': 3991119, 'end': 4059319, 'strand': -1, 'label': 'TNXB'}}	STK19_C4AL_CYP21A1P_TNXA_STK19B_C4BS_CYP21A2_TNXB
HG02818.hap1	haplotype1-0000027	28014348.0	34125708.0	1.0	{1: {'start': 3935403, 'end': 3956027, 'strand': 1, 'label': 'C4AL'}, 2: {'start': 3968141, 'end': 3982397, 'strand': 1, 'label': 'C4BS'}, 3: {'start': 3959027, 'end': 3962255, 'strand': 1, 'label': 'CYP21A1P'}, 4: {'start': 3985394, 'end': 3988623, 'strand': 1, 'label': 'CYP21A2'}, 5: {'start': 3966566, 'end': 3967133, 'strand': 1, 'label': 'STK19B'}, 6: {'start': 3925709, 'end': 3934792, 'strand': 1, 'label': 'STK19'}, 7: {'start': 3961960, 'end': 3965818, 'strand': -1, 'label': 'TNXA'}, 8: {'start': 3988132, 'end': 4056328, 'strand': -1, 'label': 'TNXB'}}	STK19_C4AL_CYP21A1P_TNXA_STK19B_C4BS_CYP21A2_TNXB
HG02818.hap2	haplotype2-0000121	28111094.0	34107672.0	1.0	{1: {'start': 3848540, 'end': 3869165, 'strand': 1, 'label': 'C4AL'}, 2: {'start': 3881278, 'end': 3895534, 'strand': 1, 'label': 'C4BS'}, 3: {'start': 3872164, 'end': 3875392, 'strand': 1, 'label': 'CYP21A1P'}, 4: {'start': 3898530, 'end': 3901759, 'strand': 1, 'label': 'CYP21A2'}, 5: {'start': 3879703, 'end': 3880270, 'strand': 1, 'label': 'STK19B'}, 6: {'start': 3838854, 'end': 3847929, 'strand': 1, 'label': 'STK19'}, 7: {'start': 3875097, 'end': 3878955, 'strand': -1, 'label': 'TNXA'}, 8: {'start': 3901268, 'end': 3969458, 'strand': -1, 'label': 'TNXB'}}	STK19_C4AL_CYP21A1P_TNXA_STK19B_C4BS_CYP21A2_TNXB
HG02587.hap1	haplotype1-0000032	27867027.0	34060991.0	1.0	{1: {'start': 3909837, 'end': 3930462, 'strand': 1, 'label': 'C4AL'}, 2: {'start': 3942576, 'end': 3956832, 'strand': 1, 'label': 'C4BS'}, 3: {'start': 3933462, 'end': 3936690, 'strand': 1, 'label': 'CYP21A1P'}, 4: {'start': 3959829, 'end': 3963058, 'strand': 1, 'label': 'CYP21A2'}, 5: {'start': 3941001, 'end': 3941568, 'strand': 1, 'label': 'STK19B'}, 6: {'start': 3900143, 'end': 3909226, 'strand': 1, 'label': 'STK19'}, 7: {'start': 3936395, 'end': 3940253, 'strand': -1, 'label': 'TNXA'}, 8: {'start': 3962567, 'end': 4030753, 'strand': -1, 'label': 'TNXB'}}	STK19_C4AL_CYP21A1P_TNXA_STK19B_C4BS_CYP21A2_TNXB
HG02587.hap2	haplotype2-0000072	27888843.0	33904538.0	1.0	{1: {'start': 3857936, 'end': 3878560, 'strand': 1, 'label': 'C4AL'}, 2: {'start': 3890673, 'end': 3904929, 'strand': 1, 'label': 'C4BS'}, 3: {'start': 3881560, 'end': 3884787, 'strand': 1, 'label': 'CYP21A1P'}, 4: {'start': 3907926, 'end': 3911155, 'strand': 1, 'label': 'CYP21A2'}, 5: {'start': 3889098, 'end': 3889665, 'strand': 1, 'label': 'STK19B'}, 6: {'start': 3848246, 'end': 3857325, 'strand': 1, 'label': 'STK19'}, 7: {'start': 3884492, 'end': 3888350, 'strand': -1, 'label': 'TNXA'}, 8: {'start': 3910664, 'end': 3978856, 'strand': -1, 'label': 'TNXB'}}	STK19_C4AL_CYP21A1P_TNXA_STK19B_C4BS_CYP21A2_TNXB
HG02666.hap1	haplotype1-0000005	28164073.0	34203660.0	1.0	{1: {'start': 3848986, 'end': 3869611, 'strand': 1, 'label': 'C4AL'}, 2: {'start': 3881726, 'end': 3895982, 'strand': 1, 'label': 'C4BS'}, 3: {'start': 3872612, 'end': 3875840, 'strand': 1, 'label': 'CYP21A1P'}, 4: {'start': 3898979, 'end': 3902208, 'strand': 1, 'label': 'CYP21A2'}, 5: {'start': 3880151, 'end': 3880718, 'strand': 1, 'label': 'STK19B'}, 6: {'start': 3839294, 'end': 3848375, 'strand': 1, 'label': 'STK19'}, 7: {'start': 3875545, 'end': 3879403, 'strand': -1, 'label': 'TNXA'}, 8: {'start': 3901717, 'end': 3969870, 'strand': -1, 'label': 'TNXB'}}	STK19_C4AL_CYP21A1P_TNXA_STK19B_C4BS_CYP21A2_TNXB
HG02666.hap2	haplotype2-0000091	28166344.0	34263631.0	1.0	{1: {'start': 3940103, 'end': 3960727, 'strand': 1, 'label': 'C4AL'}, 2: {'start': 3972840, 'end': 3987096, 'strand': 1, 'label': 'C4BS'}, 3: {'start': 3963727, 'end': 3966954, 'strand': 1, 'label': 'CYP21A1P'}, 4: {'start': 3990093, 'end': 3993322, 'strand': 1, 'label': 'CYP21A2'}, 5: {'start': 3971265, 'end': 3971832, 'strand': 1, 'label': 'STK19B'}, 6: {'start': 3930413, 'end': 3939492, 'strand': 1, 'label': 'STK19'}, 7: {'start': 3966659, 'end': 3970517, 'strand': -1, 'label': 'TNXA'}, 8: {'start': 3992831, 'end': 4061020, 'strand': -1, 'label': 'TNXB'}}	STK19_C4AL_CYP21A1P_TNXA_STK19B_C4BS_CYP21A2_TNXB
HG01505.hap1	haplotype1-0000011	28103575.0	34195496.0	1.0	{1: {'start': 3840445, 'end': 3861070, 'strand': 1, 'label': 'C4AL'}, 2: {'start': 3873184, 'end': 3893809, 'strand': 1, 'label': 'C4AL'}, 3: {'start': 3864070, 'end': 3867298, 'strand': 1, 'label': 'CYP21A1P'}, 4: {'start': 3896805, 'end': 3900033, 'strand': 1, 'label': 'CYP21A2'}, 5: {'start': 3871609, 'end': 3872176, 'strand': 1, 'label': 'STK19B'}, 6: {'start': 3830761, 'end': 3839834, 'strand': 1, 'label': 'STK19'}, 7: {'start': 3867003, 'end': 3870861, 'strand': -1, 'label': 'TNXA'}, 8: {'start': 3899542, 'end': 3967717, 'strand': -1, 'label': 'TNXB'}}	STK19_C4AL_CYP21A1P_TNXA_STK19B_C4AL_CYP21A2_TNXB
HG01505.hap2	haplotype2-0000147	28111072.0	34127689.0	1.0	{1: {'start': 3819255, 'end': 3839879, 'strand': 1, 'label': 'C4AL'}, 2: {'start': 3851992, 'end': 3866243, 'strand': 1, 'label': 'C4BS'}, 3: {'start': 3842879, 'end': 3846106, 'strand': 1, 'label': 'CYP21A1P'}, 4: {'start': 3869240, 'end': 3872468, 'strand': 1, 'label': 'CYP21A2'}, 5: {'start': 3850417, 'end': 3850984, 'strand': 1, 'label': 'STK19B'}, 6: {'start': 3809561, 'end': 3818644, 'strand': 1, 'label': 'STK19'}, 7: {'start': 3845811, 'end': 3849669, 'strand': -1, 'label': 'TNXA'}, 8: {'start': 3871977, 'end': 3940174, 'strand': -1, 'label': 'TNXB'}}	STK19_C4AL_CYP21A1P_TNXA_STK19B_C4BS_CYP21A2_TNXB
HG03732.hap1	haplotype1-0000007	137742295.0	143882949.0	-1.0	{1: {'start': 3850826, 'end': 3871451, 'strand': 1, 'label': 'C4AL'}, 2: {'start': 3883566, 'end': 3897822, 'strand': 1, 'label': 'C4BS'}, 3: {'start': 3909937, 'end': 3924193, 'strand': 1, 'label': 'C4BS'}, 4: {'start': 3874452, 'end': 3877680, 'strand': 1, 'label': 'CYP21A1P'}, 5: {'start': 3900823, 'end': 3904051, 'strand': 1, 'label': 'CYP21A1P'}, 6: {'start': 3927190, 'end': 3930419, 'strand': 1, 'label': 'CYP21A2'}, 7: {'start': 3881991, 'end': 3882558, 'strand': 1, 'label': 'STK19B'}, 8: {'start': 3908362, 'end': 3908929, 'strand': 1, 'label': 'STK19B'}, 9: {'start': 3841136, 'end': 3850215, 'strand': 1, 'label': 'STK19'}, 10: {'start': 3877385, 'end': 3881243, 'strand': -1, 'label': 'TNXA'}, 11: {'start': 3903756, 'end': 3907614, 'strand': -1, 'label': 'TNXA'}, 12: {'start': 3929928, 'end': 3998102, 'strand': -1, 'label': 'TNXB'}}	STK19_C4AL_CYP21A1P_TNXA_STK19B_C4BS_CYP21A1P_TNXA_STK19B_C4BS_CYP21A2_TNXB
HG03732.hap2	haplotype2-0000078	28128987.0	34194635.0	1.0	{1: {'start': 3847071, 'end': 3867696, 'strand': 1, 'label': 'C4AL'}, 2: {'start': 3879810, 'end': 3900435, 'strand': 1, 'label': 'C4AL'}, 3: {'start': 3870696, 'end': 3873924, 'strand': 1, 'label': 'CYP21A1P'}, 4: {'start': 3903431, 'end': 3906659, 'strand': 1, 'label': 'CYP21A2'}, 5: {'start': 3878235, 'end': 3878802, 'strand': 1, 'label': 'STK19B'}, 6: {'start': 3837387, 'end': 3846460, 'strand': 1, 'label': 'STK19'}, 7: {'start': 3873629, 'end': 3877487, 'strand': -1, 'label': 'TNXA'}, 8: {'start': 3906168, 'end': 3974344, 'strand': -1, 'label': 'TNXB'}}	STK19_C4AL_CYP21A1P_TNXA_STK19B_C4AL_CYP21A2_TNXB
HG04217.hap1	haplotype1-0000007	137282458.0	143213794.0	-1.0	{1: {'start': 3775886, 'end': 3796510, 'strand': 1, 'label': 'C4AL'}, 2: {'start': 3808624, 'end': 3829248, 'strand': 1, 'label': 'C4BL'}, 3: {'start': 3799510, 'end': 3802738, 'strand': 1, 'label': 'CYP21A1P'}, 4: {'start': 3832245, 'end': 3835471, 'strand': 1, 'label': 'CYP21A2'}, 5: {'start': 3807049, 'end': 3807616, 'strand': 1, 'label': 'STK19B'}, 6: {'start': 3766192, 'end': 3775275, 'strand': 1, 'label': 'STK19'}, 7: {'start': 3802443, 'end': 3806301, 'strand': -1, 'label': 'TNXA'}, 8: {'start': 3834980, 'end': 3903173, 'strand': -1, 'label': 'TNXB'}}	STK19_C4AL_CYP21A1P_TNXA_STK19B_C4BL_CYP21A2_TNXB
HG04217.hap2	haplotype2-0000061	138466704.0	144536545.0	-1.0	{1: {'start': 3900638, 'end': 3921263, 'strand': 1, 'label': 'C4AL'}, 2: {'start': 3924259, 'end': 3927487, 'strand': 1, 'label': 'CYP21A2'}, 3: {'start': 3890954, 'end': 3900027, 'strand': 1, 'label': 'STK19'}, 4: {'start': 3926996, 'end': 3995170, 'strand': -1, 'label': 'TNXB'}}	STK19_C4AL_CYP21A2_TNXB
NA18989.hap1	haplotype1-0000030	28114159.0	34153943.0	1.0	{1: {'start': 3930255, 'end': 3950879, 'strand': 1, 'label': 'C4AL'}, 2: {'start': 3962993, 'end': 3983617, 'strand': 1, 'label': 'C4BL'}, 3: {'start': 3953879, 'end': 3957107, 'strand': 1, 'label': 'CYP21A1P'}, 4: {'start': 3986614, 'end': 3989840, 'strand': 1, 'label': 'CYP21A2'}, 5: {'start': 3961418, 'end': 3961985, 'strand': 1, 'label': 'STK19B'}, 6: {'start': 3920561, 'end': 3929644, 'strand': 1, 'label': 'STK19'}, 7: {'start': 3956812, 'end': 3960670, 'strand': -1, 'label': 'TNXA'}, 8: {'start': 3989349, 'end': 4057513, 'strand': -1, 'label': 'TNXB'}}	STK19_C4AL_CYP21A1P_TNXA_STK19B_C4BL_CYP21A2_TNXB
NA18989.hap2	haplotype2-0000154	28112661.0	34127127.0	1.0	{1: {'start': 3808801, 'end': 3829426, 'strand': 1, 'label': 'C4AL'}, 2: {'start': 3841539, 'end': 3862163, 'strand': 1, 'label': 'C4BL'}, 3: {'start': 3832425, 'end': 3835653, 'strand': 1, 'label': 'CYP21A1P'}, 4: {'start': 3865160, 'end': 3868388, 'strand': 1, 'label': 'CYP21A2'}, 5: {'start': 3839964, 'end': 3840531, 'strand': 1, 'label': 'STK19B'}, 6: {'start': 3799108, 'end': 3808190, 'strand': 1, 'label': 'STK19'}, 7: {'start': 3835358, 'end': 3839216, 'strand': -1, 'label': 'TNXA'}, 8: {'start': 3867897, 'end': 3936089, 'strand': -1, 'label': 'TNXB'}}	STK19_C4AL_CYP21A1P_TNXA_STK19B_C4BL_CYP21A2_TNXB
NA18939.hap1	haplotype1-0000023	28090695.0	34214809.0	1.0	{1: {'start': 3921216, 'end': 3941841, 'strand': 1, 'label': 'C4AL'}, 2: {'start': 3953955, 'end': 3968212, 'strand': 1, 'label': 'C4AS'}, 3: {'start': 3980325, 'end': 4000949, 'strand': 1, 'label': 'C4BL'}, 4: {'start': 3944841, 'end': 3948069, 'strand': 1, 'label': 'CYP21A1P'}, 5: {'start': 3971211, 'end': 3974439, 'strand': 1, 'label': 'CYP21A1P'}, 6: {'start': 4003945, 'end': 4007174, 'strand': 1, 'label': 'CYP21A2'}, 7: {'start': 3952380, 'end': 3952947, 'strand': 1, 'label': 'STK19B'}, 8: {'start': 3978750, 'end': 3979317, 'strand': 1, 'label': 'STK19B'}, 9: {'start': 3911531, 'end': 3920605, 'strand': 1, 'label': 'STK19'}, 10: {'start': 3947774, 'end': 3951632, 'strand': -1, 'label': 'TNXA'}, 11: {'start': 3974144, 'end': 3978002, 'strand': -1, 'label': 'TNXA'}, 12: {'start': 4006683, 'end': 4074942, 'strand': -1, 'label': 'TNXB'}}	STK19_C4AL_CYP21A1P_TNXA_STK19B_C4AS_CYP21A1P_TNXA_STK19B_C4BL_CYP21A2_TNXB
NA18939.hap2	haplotype2-0000156	28113965.0	34089046.0	1.0	{1: {'start': 3816194, 'end': 3836818, 'strand': 1, 'label': 'C4BL'}, 2: {'start': 3839815, 'end': 3843041, 'strand': 1, 'label': 'CYP21A2'}, 3: {'start': 3806500, 'end': 3815583, 'strand': 1, 'label': 'STK19'}, 4: {'start': 3842550, 'end': 3910745, 'strand': -1, 'label': 'TNXB'}}	STK19_C4BL_CYP21A2_TNXB
HG01596.hap1	haplotype1-0000005	139687108.0	145687778.0	-1.0	{1: {'start': 3855625, 'end': 3876249, 'strand': 1, 'label': 'C4BL'}, 2: {'start': 3879246, 'end': 3882472, 'strand': 1, 'label': 'CYP21A2'}, 3: {'start': 3845931, 'end': 3855014, 'strand': 1, 'label': 'STK19'}, 4: {'start': 3881981, 'end': 3950166, 'strand': -1, 'label': 'TNXB'}}	STK19_C4BL_CYP21A2_TNXB
HG01596.hap2	haplotype2-0000084	137535032.0	143422771.0	-1.0	{1: {'start': 3800800, 'end': 3821420, 'strand': 1, 'label': 'C4AL'}, 2: {'start': 3833534, 'end': 3854158, 'strand': 1, 'label': 'C4BL'}, 3: {'start': 3824420, 'end': 3827648, 'strand': 1, 'label': 'CYP21A1P'}, 4: {'start': 3857155, 'end': 3860380, 'strand': 1, 'label': 'CYP21A2'}, 5: {'start': 3831959, 'end': 3832526, 'strand': 1, 'label': 'STK19B'}, 6: {'start': 3791106, 'end': 3800189, 'strand': 1, 'label': 'STK19'}, 7: {'start': 3827353, 'end': 3831211, 'strand': -1, 'label': 'TNXA'}, 8: {'start': 3859889, 'end': 3928070, 'strand': -1, 'label': 'TNXB'}}	STK19_C4AL_CYP21A1P_TNXA_STK19B_C4BL_CYP21A2_TNXB
HG02018.hap1	haplotype1-0000022	26526407.0	32534352.0	-1.0	{1: {'start': 3840993, 'end': 3861616, 'strand': 1, 'label': 'C4AL'}, 2: {'start': 3873729, 'end': 3887980, 'strand': 1, 'label': 'C4BS'}, 3: {'start': 3864616, 'end': 3867843, 'strand': 1, 'label': 'CYP21A1P'}, 4: {'start': 3890977, 'end': 3894205, 'strand': 1, 'label': 'CYP21A2'}, 5: {'start': 3872154, 'end': 3872721, 'strand': 1, 'label': 'STK19B'}, 6: {'start': 3831299, 'end': 3840382, 'strand': 1, 'label': 'STK19'}, 7: {'start': 3867548, 'end': 3871406, 'strand': -1, 'label': 'TNXA'}, 8: {'start': 3893714, 'end': 3961909, 'strand': -1, 'label': 'TNXB'}}	STK19_C4AL_CYP21A1P_TNXA_STK19B_C4BS_CYP21A2_TNXB
HG02018.hap2	haplotype2-0000094	28146251.0	34169845.0	1.0	{1: {'start': 3855955, 'end': 3876579, 'strand': 1, 'label': 'C4AL'}, 2: {'start': 3888693, 'end': 3909317, 'strand': 1, 'label': 'C4BL'}, 3: {'start': 3879579, 'end': 3882807, 'strand': 1, 'label': 'CYP21A1P'}, 4: {'start': 3912314, 'end': 3915539, 'strand': 1, 'label': 'CYP21A2'}, 5: {'start': 3887118, 'end': 3887685, 'strand': 1, 'label': 'STK19B'}, 6: {'start': 3846261, 'end': 3855344, 'strand': 1, 'label': 'STK19'}, 7: {'start': 3882512, 'end': 3886370, 'strand': -1, 'label': 'TNXA'}, 8: {'start': 3915048, 'end': 3983236, 'strand': -1, 'label': 'TNXB'}}	STK19_C4AL_CYP21A1P_TNXA_STK19B_C4BL_CYP21A2_TNXB
HG02059.hap1	haplotype1-0000033	28103131.0	34208732.0	1.0	{1: {'start': 3825522, 'end': 3846146, 'strand': 1, 'label': 'C4AL'}, 2: {'start': 3858260, 'end': 3878884, 'strand': 1, 'label': 'C4BL'}, 3: {'start': 3849146, 'end': 3852374, 'strand': 1, 'label': 'CYP21A1P'}, 4: {'start': 3881881, 'end': 3885107, 'strand': 1, 'label': 'CYP21A2'}, 5: {'start': 3856685, 'end': 3857252, 'strand': 1, 'label': 'STK19B'}, 6: {'start': 3815828, 'end': 3824911, 'strand': 1, 'label': 'STK19'}, 7: {'start': 3852079, 'end': 3855937, 'strand': -1, 'label': 'TNXA'}, 8: {'start': 3884616, 'end': 3952819, 'strand': -1, 'label': 'TNXB'}}	STK19_C4AL_CYP21A1P_TNXA_STK19B_C4BL_CYP21A2_TNXB
HG02059.hap2	haplotype2-0000151	28148842.0	34212350.0	1.0	{1: {'start': 3850294, 'end': 3870918, 'strand': 1, 'label': 'C4AL'}, 2: {'start': 3883032, 'end': 3903656, 'strand': 1, 'label': 'C4BL'}, 3: {'start': 3873918, 'end': 3877146, 'strand': 1, 'label': 'CYP21A1P'}, 4: {'start': 3906653, 'end': 3909879, 'strand': 1, 'label': 'CYP21A2'}, 5: {'start': 3881457, 'end': 3882024, 'strand': 1, 'label': 'STK19B'}, 6: {'start': 3840599, 'end': 3849683, 'strand': 1, 'label': 'STK19'}, 7: {'start': 3876851, 'end': 3880709, 'strand': -1, 'label': 'TNXA'}, 8: {'start': 3909388, 'end': 3977557, 'strand': -1, 'label': 'TNXB'}}	STK19_C4AL_CYP21A1P_TNXA_STK19B_C4BL_CYP21A2_TNXB
NA19331.hap1	haplotype1-0000042	138620432.0	144688974.0	-1.0	{1: {'start': 3838153, 'end': 3858778, 'strand': 1, 'label': 'C4AL'}, 2: {'start': 3870891, 'end': 3885147, 'strand': 1, 'label': 'C4BS'}, 3: {'start': 3897257, 'end': 3911513, 'strand': 1, 'label': 'C4BS'}, 4: {'start': 3861777, 'end': 3865005, 'strand': 1, 'label': 'CYP21A1P'}, 5: {'start': 3888143, 'end': 3891372, 'strand': 1, 'label': 'CYP21A2'}, 6: {'start': 3914509, 'end': 3917738, 'strand': 1, 'label': 'CYP21A2'}, 7: {'start': 3869316, 'end': 3869883, 'strand': 1, 'label': 'STK19B'}, 8: {'start': 3895682, 'end': 3896249, 'strand': 1, 'label': 'STK19B'}, 9: {'start': 3828467, 'end': 3837542, 'strand': 1, 'label': 'STK19'}, 10: {'start': 3864710, 'end': 3868568, 'strand': -1, 'label': 'TNXA'}, 11: {'start': 3891077, 'end': 3894934, 'strand': -1, 'label': 'TNXA'}, 12: {'start': 3917247, 'end': 3985433, 'strand': -1, 'label': 'TNXB'}}	STK19_C4AL_CYP21A1P_TNXA_STK19B_C4BS_CYP21A2_TNXA_STK19B_C4BS_CYP21A2_TNXB
NA19331.hap2	haplotype2-0000153	135627672.0	141626461.0	-1.0	{1: {'start': 3795172, 'end': 3815797, 'strand': 1, 'label': 'C4AL'}, 2: {'start': 3827911, 'end': 3842167, 'strand': 1, 'label': 'C4BS'}, 3: {'start': 3818797, 'end': 3822025, 'strand': 1, 'label': 'CYP21A1P'}, 4: {'start': 3845164, 'end': 3848393, 'strand': 1, 'label': 'CYP21A2'}, 5: {'start': 3826336, 'end': 3826903, 'strand': 1, 'label': 'STK19B'}, 6: {'start': 3785477, 'end': 3794561, 'strand': 1, 'label': 'STK19'}, 7: {'start': 3821730, 'end': 3825588, 'strand': -1, 'label': 'TNXA'}, 8: {'start': 3847902, 'end': 3916071, 'strand': -1, 'label': 'TNXB'}}	STK19_C4AL_CYP21A1P_TNXA_STK19B_C4BS_CYP21A2_TNXB
NA19347.hap1	haplotype1-0000013	28097524.0	34126035.0	1.0	{1: {'start': 3837507, 'end': 3858131, 'strand': 1, 'label': 'C4AL'}, 2: {'start': 3870245, 'end': 3884501, 'strand': 1, 'label': 'C4BS'}, 3: {'start': 3861131, 'end': 3864359, 'strand': 1, 'label': 'CYP21A1P'}, 4: {'start': 3887498, 'end': 3890727, 'strand': 1, 'label': 'CYP21A2'}, 5: {'start': 3868670, 'end': 3869237, 'strand': 1, 'label': 'STK19B'}, 6: {'start': 3827813, 'end': 3836896, 'strand': 1, 'label': 'STK19'}, 7: {'start': 3864064, 'end': 3867922, 'strand': -1, 'label': 'TNXA'}, 8: {'start': 3890236, 'end': 3958423, 'strand': -1, 'label': 'TNXB'}}	STK19_C4AL_CYP21A1P_TNXA_STK19B_C4BS_CYP21A2_TNXB
NA19347.hap2	haplotype2-0000075	28006548.0	34124072.0	1.0	{1: {'start': 3916868, 'end': 3937493, 'strand': 1, 'label': 'C4AL'}, 2: {'start': 3949607, 'end': 3963863, 'strand': 1, 'label': 'C4BS'}, 3: {'start': 3940493, 'end': 3943721, 'strand': 1, 'label': 'CYP21A1P'}, 4: {'start': 3966860, 'end': 3970089, 'strand': 1, 'label': 'CYP21A2'}, 5: {'start': 3948032, 'end': 3948599, 'strand': 1, 'label': 'STK19B'}, 6: {'start': 3907174, 'end': 3916257, 'strand': 1, 'label': 'STK19'}, 7: {'start': 3943426, 'end': 3947284, 'strand': -1, 'label': 'TNXA'}, 8: {'start': 3969598, 'end': 4037792, 'strand': -1, 'label': 'TNXB'}}	STK19_C4AL_CYP21A1P_TNXA_STK19B_C4BS_CYP21A2_TNXB
NA19384.hap1	haplotype1-0000011	136827114.0	142839831.0	-1.0	{1: {'start': 3838586, 'end': 3859210, 'strand': 1, 'label': 'C4AL'}, 2: {'start': 3871324, 'end': 3885580, 'strand': 1, 'label': 'C4BS'}, 3: {'start': 3862210, 'end': 3865438, 'strand': 1, 'label': 'CYP21A1P'}, 4: {'start': 3888578, 'end': 3891803, 'strand': 1, 'label': 'CYP21A2'}, 5: {'start': 3869749, 'end': 3870316, 'strand': 1, 'label': 'STK19B'}, 6: {'start': 3828890, 'end': 3837975, 'strand': 1, 'label': 'STK19'}, 7: {'start': 3865143, 'end': 3869001, 'strand': -1, 'label': 'TNXA'}, 8: {'start': 3891312, 'end': 3959505, 'strand': -1, 'label': 'TNXB'}}	STK19_C4AL_CYP21A1P_TNXA_STK19B_C4BS_CYP21A2_TNXB
NA19384.hap2	haplotype2-0000112	134764413.0	140829342.0	-1.0	{1: {'start': 3903285, 'end': 3923910, 'strand': 1, 'label': 'C4AL'}, 2: {'start': 3936023, 'end': 3950279, 'strand': 1, 'label': 'C4BS'}, 3: {'start': 3926909, 'end': 3930137, 'strand': 1, 'label': 'CYP21A1P'}, 4: {'start': 3953276, 'end': 3956505, 'strand': 1, 'label': 'CYP21A2'}, 5: {'start': 3934448, 'end': 3935015, 'strand': 1, 'label': 'STK19B'}, 6: {'start': 3893592, 'end': 3902674, 'strand': 1, 'label': 'STK19'}, 7: {'start': 3929842, 'end': 3933700, 'strand': -1, 'label': 'TNXA'}, 8: {'start': 3956014, 'end': 4024212, 'strand': -1, 'label': 'TNXB'}}	STK19_C4AL_CYP21A1P_TNXA_STK19B_C4BS_CYP21A2_TNXB
NA19317.hap1	haplotype1-0000025	28156549.0	34249108.0	1.0	{1: {'start': 3814714, 'end': 3835339, 'strand': 1, 'label': 'C4AL'}, 2: {'start': 3847453, 'end': 3861709, 'strand': 1, 'label': 'C4BS'}, 3: {'start': 3838339, 'end': 3841567, 'strand': 1, 'label': 'CYP21A1P'}, 4: {'start': 3864706, 'end': 3867935, 'strand': 1, 'label': 'CYP21A2'}, 5: {'start': 3845878, 'end': 3846445, 'strand': 1, 'label': 'STK19B'}, 6: {'start': 3805029, 'end': 3814103, 'strand': 1, 'label': 'STK19'}, 7: {'start': 3841272, 'end': 3845130, 'strand': -1, 'label': 'TNXA'}, 8: {'start': 3867444, 'end': 3935640, 'strand': -1, 'label': 'TNXB'}}	STK19_C4AL_CYP21A1P_TNXA_STK19B_C4BS_CYP21A2_TNXB
NA19317.hap2	haplotype2-0000079	28163814.0	34350608.0	1.0	{1: {'start': 3931980, 'end': 3952603, 'strand': 1, 'label': 'C4AL'}, 2: {'start': 3964716, 'end': 3978971, 'strand': 1, 'label': 'C4BS'}, 3: {'start': 3955602, 'end': 3958830, 'strand': 1, 'label': 'CYP21A1P'}, 4: {'start': 3981968, 'end': 3985197, 'strand': 1, 'label': 'CYP21A2'}, 5: {'start': 3963141, 'end': 3963708, 'strand': 1, 'label': 'STK19B'}, 6: {'start': 3922285, 'end': 3931369, 'strand': 1, 'label': 'STK19'}, 7: {'start': 3958535, 'end': 3962393, 'strand': -1, 'label': 'TNXA'}, 8: {'start': 3984706, 'end': 4052902, 'strand': -1, 'label': 'TNXB'}}	STK19_C4AL_CYP21A1P_TNXA_STK19B_C4BS_CYP21A2_TNXB
NA19434.hap1	haplotype1-0000050	28217265.0	34243703.0	1.0	{1: {'start': 3848631, 'end': 3869254, 'strand': 1, 'label': 'C4AL'}, 2: {'start': 3881369, 'end': 3901992, 'strand': 1, 'label': 'C4BL'}, 3: {'start': 3914107, 'end': 3928363, 'strand': 1, 'label': 'C4BS'}, 4: {'start': 3872255, 'end': 3875483, 'strand': 1, 'label': 'CYP21A1P'}, 5: {'start': 3904993, 'end': 3908221, 'strand': 1, 'label': 'CYP21A1P'}, 6: {'start': 3931360, 'end': 3934589, 'strand': 1, 'label': 'CYP21A2'}, 7: {'start': 3879794, 'end': 3880361, 'strand': 1, 'label': 'STK19B'}, 8: {'start': 3912532, 'end': 3913099, 'strand': 1, 'label': 'STK19B'}, 9: {'start': 3838938, 'end': 3848020, 'strand': 1, 'label': 'STK19'}, 10: {'start': 3875188, 'end': 3879046, 'strand': -1, 'label': 'TNXA'}, 11: {'start': 3907926, 'end': 3911784, 'strand': -1, 'label': 'TNXA'}, 12: {'start': 3934098, 'end': 4002256, 'strand': -1, 'label': 'TNXB'}}	STK19_C4AL_CYP21A1P_TNXA_STK19B_C4BL_CYP21A1P_TNXA_STK19B_C4BS_CYP21A2_TNXB
NA19434.hap2	haplotype2-0000127	138143796.0	144217985.0	-1.0	{1: {'start': 3859035, 'end': 3879660, 'strand': 1, 'label': 'C4AL'}, 2: {'start': 3891773, 'end': 3906029, 'strand': 1, 'label': 'C4BS'}, 3: {'start': 3918139, 'end': 3932395, 'strand': 1, 'label': 'C4BS'}, 4: {'start': 3882659, 'end': 3885887, 'strand': 1, 'label': 'CYP21A1P'}, 5: {'start': 3909025, 'end': 3912254, 'strand': 1, 'label': 'CYP21A2'}, 6: {'start': 3935391, 'end': 3938620, 'strand': 1, 'label': 'CYP21A2'}, 7: {'start': 3890198, 'end': 3890765, 'strand': 1, 'label': 'STK19B'}, 8: {'start': 3916564, 'end': 3917131, 'strand': 1, 'label': 'STK19B'}, 9: {'start': 3849349, 'end': 3858424, 'strand': 1, 'label': 'STK19'}, 10: {'start': 3885592, 'end': 3889450, 'strand': -1, 'label': 'TNXA'}, 11: {'start': 3911959, 'end': 3915816, 'strand': -1, 'label': 'TNXA'}, 12: {'start': 3938129, 'end': 4006314, 'strand': -1, 'label': 'TNXB'}}	STK19_C4AL_CYP21A1P_TNXA_STK19B_C4BS_CYP21A2_TNXA_STK19B_C4BS_CYP21A2_TNXB
NA19036.hap1	haplotype1-0000004	28160664.0	34202021.0	1.0	{1: {'start': 3872005, 'end': 3892630, 'strand': 1, 'label': 'C4AL'}, 2: {'start': 3904744, 'end': 3919000, 'strand': 1, 'label': 'C4BS'}, 3: {'start': 3895630, 'end': 3898858, 'strand': 1, 'label': 'CYP21A1P'}, 4: {'start': 3921996, 'end': 3925225, 'strand': 1, 'label': 'CYP21A2'}, 5: {'start': 3903169, 'end': 3903736, 'strand': 1, 'label': 'STK19B'}, 6: {'start': 3862320, 'end': 3871394, 'strand': 1, 'label': 'STK19'}, 7: {'start': 3898563, 'end': 3902421, 'strand': -1, 'label': 'TNXA'}, 8: {'start': 3924734, 'end': 3992928, 'strand': -1, 'label': 'TNXB'}}	STK19_C4AL_CYP21A1P_TNXA_STK19B_C4BS_CYP21A2_TNXB
NA19036.hap2	haplotype2-0000060	28011655.0	34059721.0	1.0	{1: {'start': 3874317, 'end': 3894942, 'strand': 1, 'label': 'C4AL'}, 2: {'start': 3907055, 'end': 3921311, 'strand': 1, 'label': 'C4BS'}, 3: {'start': 3897941, 'end': 3901169, 'strand': 1, 'label': 'CYP21A1P'}, 4: {'start': 3924307, 'end': 3927536, 'strand': 1, 'label': 'CYP21A2'}, 5: {'start': 3905480, 'end': 3906047, 'strand': 1, 'label': 'STK19B'}, 6: {'start': 3864633, 'end': 3873706, 'strand': 1, 'label': 'STK19'}, 7: {'start': 3900874, 'end': 3904732, 'strand': -1, 'label': 'TNXA'}, 8: {'start': 3927045, 'end': 3995234, 'strand': -1, 'label': 'TNXB'}}	STK19_C4AL_CYP21A1P_TNXA_STK19B_C4BS_CYP21A2_TNXB
NA21487.hap1	haplotype1-0000012	137814849.0	143978251.0	-1.0	{1: {'start': 3916600, 'end': 3937225, 'strand': 1, 'label': 'C4AL'}, 2: {'start': 3949338, 'end': 3963594, 'strand': 1, 'label': 'C4BS'}, 3: {'start': 3940224, 'end': 3943452, 'strand': 1, 'label': 'CYP21A1P'}, 4: {'start': 3966589, 'end': 3969818, 'strand': 1, 'label': 'CYP21A2'}, 5: {'start': 3947763, 'end': 3948330, 'strand': 1, 'label': 'STK19B'}, 6: {'start': 3906914, 'end': 3915989, 'strand': 1, 'label': 'STK19'}, 7: {'start': 3943157, 'end': 3947015, 'strand': -1, 'label': 'TNXA'}, 8: {'start': 3969327, 'end': 4037514, 'strand': -1, 'label': 'TNXB'}}	STK19_C4AL_CYP21A1P_TNXA_STK19B_C4BS_CYP21A2_TNXB
NA21487.hap2	haplotype2-0000147	137163472.0	143272208.0	-1.0	{1: {'start': 3855037, 'end': 3875662, 'strand': 1, 'label': 'C4AL'}, 2: {'start': 3878659, 'end': 3881888, 'strand': 1, 'label': 'CYP21A2'}, 3: {'start': 3845341, 'end': 3854426, 'strand': 1, 'label': 'STK19'}, 4: {'start': 3881397, 'end': 3949551, 'strand': -1, 'label': 'TNXB'}}	STK19_C4AL_CYP21A2_TNXB
HG03065.hap1	haplotype1-0000033	28113773.0	34203785.0	1.0	{1: {'start': 3912877, 'end': 3933502, 'strand': 1, 'label': 'C4AL'}, 2: {'start': 3945617, 'end': 3959873, 'strand': 1, 'label': 'C4AS'}, 3: {'start': 3936502, 'end': 3939731, 'strand': 1, 'label': 'CYP21A1P'}, 4: {'start': 3962870, 'end': 3966099, 'strand': 1, 'label': 'CYP21A2'}, 5: {'start': 3944042, 'end': 3944609, 'strand': 1, 'label': 'STK19B'}, 6: {'start': 3903182, 'end': 3912266, 'strand': 1, 'label': 'STK19'}, 7: {'start': 3939436, 'end': 3943294, 'strand': -1, 'label': 'TNXA'}, 8: {'start': 3965608, 'end': 4033802, 'strand': -1, 'label': 'TNXB'}}	STK19_C4AL_CYP21A1P_TNXA_STK19B_C4AS_CYP21A2_TNXB
HG03065.hap2	haplotype2-0000074	28005780.0	34095719.0	1.0	{1: {'start': 3927316, 'end': 3947941, 'strand': 1, 'label': 'C4AL'}, 2: {'start': 3960056, 'end': 3974312, 'strand': 1, 'label': 'C4BS'}, 3: {'start': 3950942, 'end': 3954170, 'strand': 1, 'label': 'CYP21A1P'}, 4: {'start': 3977311, 'end': 3980540, 'strand': 1, 'label': 'CYP21A2'}, 5: {'start': 3958481, 'end': 3959048, 'strand': 1, 'label': 'STK19B'}, 6: {'start': 3917622, 'end': 3926705, 'strand': 1, 'label': 'STK19'}, 7: {'start': 3953875, 'end': 3957733, 'strand': -1, 'label': 'TNXA'}, 8: {'start': 3980049, 'end': 4048212, 'strand': -1, 'label': 'TNXB'}}	STK19_C4AL_CYP21A1P_TNXA_STK19B_C4BS_CYP21A2_TNXB
HG03456.hap1	haplotype1-0000028	28146217.0	34222770.0	1.0	{1: {'start': 3917554, 'end': 3938178, 'strand': 1, 'label': 'C4AL'}, 2: {'start': 3950292, 'end': 3964548, 'strand': 1, 'label': 'C4AS'}, 3: {'start': 3941178, 'end': 3944406, 'strand': 1, 'label': 'CYP21A1P'}, 4: {'start': 3967545, 'end': 3970774, 'strand': 1, 'label': 'CYP21A2'}, 5: {'start': 3948717, 'end': 3949284, 'strand': 1, 'label': 'STK19B'}, 6: {'start': 3907860, 'end': 3916943, 'strand': 1, 'label': 'STK19'}, 7: {'start': 3944111, 'end': 3947969, 'strand': -1, 'label': 'TNXA'}, 8: {'start': 3970283, 'end': 4038473, 'strand': -1, 'label': 'TNXB'}}	STK19_C4AL_CYP21A1P_TNXA_STK19B_C4AS_CYP21A2_TNXB
HG03456.hap2	haplotype2-0000164	28111618.0	34174464.0	1.0	{1: {'start': 3902526, 'end': 3923151, 'strand': 1, 'label': 'C4AL'}, 2: {'start': 3935265, 'end': 3949521, 'strand': 1, 'label': 'C4BS'}, 3: {'start': 3926151, 'end': 3929379, 'strand': 1, 'label': 'CYP21A1P'}, 4: {'start': 3952517, 'end': 3955746, 'strand': 1, 'label': 'CYP21A2'}, 5: {'start': 3933690, 'end': 3934257, 'strand': 1, 'label': 'STK19B'}, 6: {'start': 3892841, 'end': 3901915, 'strand': 1, 'label': 'STK19'}, 7: {'start': 3929084, 'end': 3932942, 'strand': -1, 'label': 'TNXA'}, 8: {'start': 3955255, 'end': 4023443, 'strand': -1, 'label': 'TNXB'}}	STK19_C4AL_CYP21A1P_TNXA_STK19B_C4BS_CYP21A2_TNXB
HG03452.hap1	haplotype1-0000031	137089691.0	143104879.0	-1.0	{1: {'start': 3870584, 'end': 3891209, 'strand': 1, 'label': 'C4AL'}, 2: {'start': 3903322, 'end': 3917578, 'strand': 1, 'label': 'C4BS'}, 3: {'start': 3894208, 'end': 3897436, 'strand': 1, 'label': 'CYP21A1P'}, 4: {'start': 3920573, 'end': 3923802, 'strand': 1, 'label': 'CYP21A2'}, 5: {'start': 3901747, 'end': 3902314, 'strand': 1, 'label': 'STK19B'}, 6: {'start': 3860897, 'end': 3869973, 'strand': 1, 'label': 'STK19'}, 7: {'start': 3897141, 'end': 3900999, 'strand': -1, 'label': 'TNXA'}, 8: {'start': 3923311, 'end': 3991498, 'strand': -1, 'label': 'TNXB'}}	STK19_C4AL_CYP21A1P_TNXA_STK19B_C4BS_CYP21A2_TNXB
HG03452.hap2	haplotype2-0000134	28162168.0	34146835.0	1.0	{1: {'start': 3854055, 'end': 3874680, 'strand': 1, 'label': 'C4AL'}, 2: {'start': 3877677, 'end': 3880906, 'strand': 1, 'label': 'CYP21A2'}, 3: {'start': 3844360, 'end': 3853444, 'strand': 1, 'label': 'STK19'}, 4: {'start': 3880415, 'end': 3948566, 'strand': -1, 'label': 'TNXB'}}	STK19_C4AL_CYP21A2_TNXB
NA19650.hap1	haplotype1-0000002	138189888.0	144041029.0	-1.0	{1: {'start': 3666349, 'end': 3686973, 'strand': 1, 'label': 'C4AL'}, 2: {'start': 3699087, 'end': 3719711, 'strand': 1, 'label': 'C4BL'}, 3: {'start': 3689973, 'end': 3693201, 'strand': 1, 'label': 'CYP21A1P'}, 4: {'start': 3722708, 'end': 3725937, 'strand': 1, 'label': 'CYP21A2'}, 5: {'start': 3697512, 'end': 3698079, 'strand': 1, 'label': 'STK19B'}, 6: {'start': 3656655, 'end': 3665738, 'strand': 1, 'label': 'STK19'}, 7: {'start': 3692906, 'end': 3696764, 'strand': -1, 'label': 'TNXA'}, 8: {'start': 3725446, 'end': 3793640, 'strand': -1, 'label': 'TNXB'}}	STK19_C4AL_CYP21A1P_TNXA_STK19B_C4BL_CYP21A2_TNXB
NA19650.hap2	haplotype2-0000070	28158638.0	34128158.0	1.0	{1: {'start': 3855564, 'end': 3876188, 'strand': 1, 'label': 'C4AL'}, 2: {'start': 3888302, 'end': 3908926, 'strand': 1, 'label': 'C4BL'}, 3: {'start': 3879188, 'end': 3882416, 'strand': 1, 'label': 'CYP21A1P'}, 4: {'start': 3911923, 'end': 3915149, 'strand': 1, 'label': 'CYP21A2'}, 5: {'start': 3886727, 'end': 3887294, 'strand': 1, 'label': 'STK19B'}, 6: {'start': 3845870, 'end': 3854953, 'strand': 1, 'label': 'STK19'}, 7: {'start': 3882121, 'end': 3885979, 'strand': -1, 'label': 'TNXA'}, 8: {'start': 3914658, 'end': 3982840, 'strand': -1, 'label': 'TNXB'}}	STK19_C4AL_CYP21A1P_TNXA_STK19B_C4BL_CYP21A2_TNXB
HG01573.hap1	haplotype1-0000028	137214607.0	143241790.0	-1.0	{1: {'start': 3749759, 'end': 3770383, 'strand': 1, 'label': 'C4AL'}, 2: {'start': 3782496, 'end': 3796752, 'strand': 1, 'label': 'C4AS'}, 3: {'start': 3773383, 'end': 3776610, 'strand': 1, 'label': 'CYP21A1P'}, 4: {'start': 3799749, 'end': 3802977, 'strand': 1, 'label': 'CYP21A2'}, 5: {'start': 3780921, 'end': 3781488, 'strand': 1, 'label': 'STK19B'}, 6: {'start': 3740071, 'end': 3749148, 'strand': 1, 'label': 'STK19'}, 7: {'start': 3776315, 'end': 3780173, 'strand': -1, 'label': 'TNXA'}, 8: {'start': 3802486, 'end': 3870660, 'strand': -1, 'label': 'TNXB'}}	STK19_C4AL_CYP21A1P_TNXA_STK19B_C4AS_CYP21A2_TNXB
HG01573.hap2	haplotype2-0000098	26747300.0	32909549.0	-1.0	{1: {'start': 3829941, 'end': 3850563, 'strand': 1, 'label': 'C4BL'}, 2: {'start': 3862677, 'end': 3876934, 'strand': 1, 'label': 'C4AS'}, 3: {'start': 3889045, 'end': 3903301, 'strand': 1, 'label': 'C4BS'}, 4: {'start': 3853563, 'end': 3856791, 'strand': 1, 'label': 'CYP21A1P'}, 5: {'start': 3879931, 'end': 3883160, 'strand': 1, 'label': 'CYP21A2'}, 6: {'start': 3906297, 'end': 3909526, 'strand': 1, 'label': 'CYP21A2:NF'}, 7: {'start': 3861102, 'end': 3861669, 'strand': 1, 'label': 'STK19B'}, 8: {'start': 3887470, 'end': 3888037, 'strand': 1, 'label': 'STK19B'}, 9: {'start': 3820245, 'end': 3829330, 'strand': 1, 'label': 'STK19'}, 10: {'start': 3856496, 'end': 3860354, 'strand': -1, 'label': 'TNXA'}, 11: {'start': 3882865, 'end': 3886722, 'strand': -1, 'label': 'TNXA'}, 12: {'start': 3909035, 'end': 3977214, 'strand': -1, 'label': 'TNXB'}}	STK19_C4BL_CYP21A1P_TNXA_STK19B_C4AS_CYP21A2_TNXA_STK19B_C4BS_CYP21A2:NF_TNXB
HG02106.hap1	haplotype1-0000001	41921808.0	48077093.0	-1.0	{1: {'start': 3840060, 'end': 3860684, 'strand': 1, 'label': 'C4AL'}, 2: {'start': 3872798, 'end': 3893422, 'strand': 1, 'label': 'C4BL'}, 3: {'start': 3905536, 'end': 3926160, 'strand': 1, 'label': 'C4BL'}, 4: {'start': 3863684, 'end': 3866912, 'strand': 1, 'label': 'CYP21A1P'}, 5: {'start': 3896422, 'end': 3899650, 'strand': 1, 'label': 'CYP21A1P'}, 6: {'start': 3929157, 'end': 3932383, 'strand': 1, 'label': 'CYP21A2'}, 7: {'start': 3871223, 'end': 3871790, 'strand': 1, 'label': 'STK19B'}, 8: {'start': 3903961, 'end': 3904528, 'strand': 1, 'label': 'STK19B'}, 9: {'start': 3830366, 'end': 3839449, 'strand': 1, 'label': 'STK19'}, 10: {'start': 3866617, 'end': 3870475, 'strand': -1, 'label': 'TNXA'}, 11: {'start': 3899355, 'end': 3903213, 'strand': -1, 'label': 'TNXA'}, 12: {'start': 3931892, 'end': 4000073, 'strand': -1, 'label': 'TNXB'}}	STK19_C4AL_CYP21A1P_TNXA_STK19B_C4BL_CYP21A1P_TNXA_STK19B_C4BL_CYP21A2_TNXB
HG02106.hap2	haplotype2-0000073	41893725.0	48020377.0	-1.0	{1: {'start': 3844430, 'end': 3865054, 'strand': 1, 'label': 'C4AL'}, 2: {'start': 3877168, 'end': 3897792, 'strand': 1, 'label': 'C4BL'}, 3: {'start': 3868054, 'end': 3871282, 'strand': 1, 'label': 'CYP21A1P'}, 4: {'start': 3900789, 'end': 3904015, 'strand': 1, 'label': 'CYP21A2'}, 5: {'start': 3875593, 'end': 3876160, 'strand': 1, 'label': 'STK19B'}, 6: {'start': 3834736, 'end': 3843819, 'strand': 1, 'label': 'STK19'}, 7: {'start': 3870987, 'end': 3874845, 'strand': -1, 'label': 'TNXA'}, 8: {'start': 3903524, 'end': 3971718, 'strand': -1, 'label': 'TNXB'}}	STK19_C4AL_CYP21A1P_TNXA_STK19B_C4BL_CYP21A2_TNXB
HG02492.hap1	haplotype1-0000009	28175643.0	34297361.0	1.0	{1: {'start': 3840917, 'end': 3861541, 'strand': 1, 'label': 'C4AL'}, 2: {'start': 3873655, 'end': 3894279, 'strand': 1, 'label': 'C4BL'}, 3: {'start': 3864541, 'end': 3867769, 'strand': 1, 'label': 'CYP21A1P'}, 4: {'start': 3897276, 'end': 3900501, 'strand': 1, 'label': 'CYP21A2'}, 5: {'start': 3872080, 'end': 3872647, 'strand': 1, 'label': 'STK19B'}, 6: {'start': 3831223, 'end': 3840306, 'strand': 1, 'label': 'STK19'}, 7: {'start': 3867474, 'end': 3871332, 'strand': -1, 'label': 'TNXA'}, 8: {'start': 3900010, 'end': 3968191, 'strand': -1, 'label': 'TNXB'}}	STK19_C4AL_CYP21A1P_TNXA_STK19B_C4BL_CYP21A2_TNXB
HG02492.hap2	haplotype2-0000133	138367983.0	144430364.0	-1.0	{1: {'start': 3855245, 'end': 3875869, 'strand': 1, 'label': 'C4AL'}, 2: {'start': 3887983, 'end': 3908607, 'strand': 1, 'label': 'C4AL'}, 3: {'start': 3878869, 'end': 3882097, 'strand': 1, 'label': 'CYP21A1P'}, 4: {'start': 3911604, 'end': 3914833, 'strand': 1, 'label': 'CYP21A2'}, 5: {'start': 3886408, 'end': 3886975, 'strand': 1, 'label': 'STK19B'}, 6: {'start': 3845551, 'end': 3854634, 'strand': 1, 'label': 'STK19'}, 7: {'start': 3881802, 'end': 3885660, 'strand': -1, 'label': 'TNXA'}, 8: {'start': 3914342, 'end': 3982556, 'strand': -1, 'label': 'TNXB'}}	STK19_C4AL_CYP21A1P_TNXA_STK19B_C4AL_CYP21A2_TNXB
HG00732.hap1	haplotype1-0000005	28111056.0	34072207.0	1.0	{1: {'start': 3853481, 'end': 3874106, 'strand': 1, 'label': 'C4AL'}, 2: {'start': 3877103, 'end': 3880332, 'strand': 1, 'label': 'CYP21A2'}, 3: {'start': 3843786, 'end': 3852870, 'strand': 1, 'label': 'STK19'}, 4: {'start': 3879841, 'end': 3947991, 'strand': -1, 'label': 'TNXB'}}	STK19_C4AL_CYP21A2_TNXB
HG00732.hap2	haplotype2-0000078	28158385.0	34131711.0	1.0	{1: {'start': 3849558, 'end': 3870182, 'strand': 1, 'label': 'C4AL'}, 2: {'start': 3873179, 'end': 3876408, 'strand': 1, 'label': 'CYP21A2'}, 3: {'start': 3839864, 'end': 3848947, 'strand': 1, 'label': 'STK19'}, 4: {'start': 3875917, 'end': 3944113, 'strand': -1, 'label': 'TNXB'}}	STK19_C4AL_CYP21A2_TNXB
HG00731.hap1	haplotype1-0000014	28117567.0	34068326.0	1.0	{1: {'start': 3806710, 'end': 3827334, 'strand': 1, 'label': 'C4AL'}, 2: {'start': 3839448, 'end': 3860072, 'strand': 1, 'label': 'C4BL'}, 3: {'start': 3830334, 'end': 3833562, 'strand': 1, 'label': 'CYP21A1P'}, 4: {'start': 3863069, 'end': 3866295, 'strand': 1, 'label': 'CYP21A2'}, 5: {'start': 3837873, 'end': 3838440, 'strand': 1, 'label': 'STK19B'}, 6: {'start': 3797015, 'end': 3806099, 'strand': 1, 'label': 'STK19'}, 7: {'start': 3833267, 'end': 3837125, 'strand': -1, 'label': 'TNXA'}, 8: {'start': 3865804, 'end': 3933987, 'strand': -1, 'label': 'TNXB'}}	STK19_C4AL_CYP21A1P_TNXA_STK19B_C4BL_CYP21A2_TNXB
HG00731.hap2	haplotype2-0000049	28166206.0	34123573.0	1.0	{1: {'start': 3792071, 'end': 3806327, 'strand': 1, 'label': 'C4BS'}, 2: {'start': 3809324, 'end': 3812553, 'strand': 1, 'label': 'CYP21A2'}, 3: {'start': 3782378, 'end': 3791460, 'strand': 1, 'label': 'STK19'}, 4: {'start': 3812062, 'end': 3880257, 'strand': -1, 'label': 'TNXB'}}	STK19_C4BS_CYP21A2_TNXB
HG00733.hap1	haplotype1-0000009	138117409.0	144080645.0	-1.0	{1: {'start': 3853438, 'end': 3874063, 'strand': 1, 'label': 'C4AL'}, 2: {'start': 3877060, 'end': 3880289, 'strand': 1, 'label': 'CYP21A2'}, 3: {'start': 3843743, 'end': 3852827, 'strand': 1, 'label': 'STK19'}, 4: {'start': 3879798, 'end': 3947948, 'strand': -1, 'label': 'TNXB'}}	STK19_C4AL_CYP21A2_TNXB
HG00733.hap2	haplotype2-0000079	137053369.0	142998836.0	-1.0	{1: {'start': 3801498, 'end': 3822122, 'strand': 1, 'label': 'C4AL'}, 2: {'start': 3834236, 'end': 3854860, 'strand': 1, 'label': 'C4BL'}, 3: {'start': 3825122, 'end': 3828350, 'strand': 1, 'label': 'CYP21A1P'}, 4: {'start': 3857857, 'end': 3861083, 'strand': 1, 'label': 'CYP21A2'}, 5: {'start': 3832661, 'end': 3833228, 'strand': 1, 'label': 'STK19B'}, 6: {'start': 3791803, 'end': 3800887, 'strand': 1, 'label': 'STK19'}, 7: {'start': 3828055, 'end': 3831913, 'strand': -1, 'label': 'TNXA'}, 8: {'start': 3860592, 'end': 3928776, 'strand': -1, 'label': 'TNXB'}}	STK19_C4AL_CYP21A1P_TNXA_STK19B_C4BL_CYP21A2_TNXB
HG03683.hap1	haplotype1-0000032	28166010.0	34299141.0	1.0	{1: {'start': 3819031, 'end': 3839655, 'strand': 1, 'label': 'C4AL'}, 2: {'start': 3851769, 'end': 3872393, 'strand': 1, 'label': 'C4BL'}, 3: {'start': 3884507, 'end': 3905131, 'strand': 1, 'label': 'C4BL'}, 4: {'start': 3842655, 'end': 3845883, 'strand': 1, 'label': 'CYP21A1P'}, 5: {'start': 3875393, 'end': 3878621, 'strand': 1, 'label': 'CYP21A1P'}, 6: {'start': 3908128, 'end': 3911354, 'strand': 1, 'label': 'CYP21A2'}, 7: {'start': 3850194, 'end': 3850761, 'strand': 1, 'label': 'STK19B'}, 8: {'start': 3882932, 'end': 3883499, 'strand': 1, 'label': 'STK19B'}, 9: {'start': 3809336, 'end': 3818420, 'strand': 1, 'label': 'STK19'}, 10: {'start': 3845588, 'end': 3849446, 'strand': -1, 'label': 'TNXA'}, 11: {'start': 3878326, 'end': 3882184, 'strand': -1, 'label': 'TNXA'}, 12: {'start': 3910863, 'end': 3979046, 'strand': -1, 'label': 'TNXB'}}	STK19_C4AL_CYP21A1P_TNXA_STK19B_C4BL_CYP21A1P_TNXA_STK19B_C4BL_CYP21A2_TNXB
HG03683.hap2	haplotype2-0000085	28116153.0	34231587.0	1.0	{1: {'start': 3826620, 'end': 3847245, 'strand': 1, 'label': 'C4AL'}, 2: {'start': 3859360, 'end': 3873616, 'strand': 1, 'label': 'C4BS'}, 3: {'start': 3850246, 'end': 3853474, 'strand': 1, 'label': 'CYP21A1P'}, 4: {'start': 3876613, 'end': 3879842, 'strand': 1, 'label': 'CYP21A2'}, 5: {'start': 3857785, 'end': 3858352, 'strand': 1, 'label': 'STK19B'}, 6: {'start': 3816928, 'end': 3826009, 'strand': 1, 'label': 'STK19'}, 7: {'start': 3853179, 'end': 3857037, 'strand': -1, 'label': 'TNXA'}, 8: {'start': 3879351, 'end': 3947495, 'strand': -1, 'label': 'TNXB'}}	STK19_C4AL_CYP21A1P_TNXA_STK19B_C4BS_CYP21A2_TNXB
HG04036.hap1	haplotype1-0000006	28114787.0	34018634.0	1.0	{1: {'start': 3812093, 'end': 3832717, 'strand': 1, 'label': 'C4BL'}, 2: {'start': 3844831, 'end': 3865454, 'strand': 1, 'label': 'C4BL'}, 3: {'start': 3835717, 'end': 3838945, 'strand': 1, 'label': 'CYP21A1P'}, 4: {'start': 3868451, 'end': 3871677, 'strand': 1, 'label': 'CYP21A2'}, 5: {'start': 3843256, 'end': 3843823, 'strand': 1, 'label': 'STK19B'}, 6: {'start': 3802399, 'end': 3811482, 'strand': 1, 'label': 'STK19'}, 7: {'start': 3838650, 'end': 3842508, 'strand': -1, 'label': 'TNXA'}, 8: {'start': 3871186, 'end': 3939381, 'strand': -1, 'label': 'TNXB'}}	STK19_C4BL_CYP21A1P_TNXA_STK19B_C4BL_CYP21A2_TNXB
HG04036.hap2	haplotype2-0000080	28122227.0	34154050.0	1.0	{1: {'start': 3844871, 'end': 3865496, 'strand': 1, 'label': 'C4AL'}, 2: {'start': 3877609, 'end': 3891865, 'strand': 1, 'label': 'C4BS'}, 3: {'start': 3868495, 'end': 3871723, 'strand': 1, 'label': 'CYP21A1P'}, 4: {'start': 3894861, 'end': 3898090, 'strand': 1, 'label': 'CYP21A2'}, 5: {'start': 3876034, 'end': 3876601, 'strand': 1, 'label': 'STK19B'}, 6: {'start': 3835185, 'end': 3844260, 'strand': 1, 'label': 'STK19'}, 7: {'start': 3871428, 'end': 3875286, 'strand': -1, 'label': 'TNXA'}, 8: {'start': 3897599, 'end': 3965784, 'strand': -1, 'label': 'TNXB'}}	STK19_C4AL_CYP21A1P_TNXA_STK19B_C4BS_CYP21A2_TNXB
NA20509.hap1	haplotype1-0000026	138943318.0	144925589.0	-1.0	{1: {'start': 3847452, 'end': 3868077, 'strand': 1, 'label': 'C4AL'}, 2: {'start': 3880191, 'end': 3894447, 'strand': 1, 'label': 'C4BS'}, 3: {'start': 3871077, 'end': 3874305, 'strand': 1, 'label': 'CYP21A1P'}, 4: {'start': 3897443, 'end': 3900671, 'strand': 1, 'label': 'CYP21A2'}, 5: {'start': 3878616, 'end': 3879183, 'strand': 1, 'label': 'STK19B'}, 6: {'start': 3837767, 'end': 3846841, 'strand': 1, 'label': 'STK19'}, 7: {'start': 3874010, 'end': 3877868, 'strand': -1, 'label': 'TNXA'}, 8: {'start': 3900180, 'end': 3968365, 'strand': -1, 'label': 'TNXB'}}	STK19_C4AL_CYP21A1P_TNXA_STK19B_C4BS_CYP21A2_TNXB
NA20509.hap2	haplotype2-0000099	138202378.0	144418949.0	-1.0	{1: {'start': 3905978, 'end': 3926603, 'strand': 1, 'label': 'C4AL'}, 2: {'start': 3938718, 'end': 3952974, 'strand': 1, 'label': 'C4BS'}, 3: {'start': 3929604, 'end': 3932832, 'strand': 1, 'label': 'CYP21A1P'}, 4: {'start': 3955971, 'end': 3959200, 'strand': 1, 'label': 'CYP21A2'}, 5: {'start': 3937143, 'end': 3937710, 'strand': 1, 'label': 'STK19B'}, 6: {'start': 3896286, 'end': 3905367, 'strand': 1, 'label': 'STK19'}, 7: {'start': 3932537, 'end': 3936395, 'strand': -1, 'label': 'TNXA'}, 8: {'start': 3958709, 'end': 4026879, 'strand': -1, 'label': 'TNXB'}}	STK19_C4AL_CYP21A1P_TNXA_STK19B_C4BS_CYP21A2_TNXB
NA19239.hap1	haplotype1-0000008	138026038.0	144058257.0	-1.0	{1: {'start': 3858971, 'end': 3879596, 'strand': 1, 'label': 'C4AL'}, 2: {'start': 3891711, 'end': 3905967, 'strand': 1, 'label': 'C4BS'}, 3: {'start': 3882597, 'end': 3885825, 'strand': 1, 'label': 'CYP21A1P'}, 4: {'start': 3908964, 'end': 3912193, 'strand': 1, 'label': 'CYP21A2'}, 5: {'start': 3890136, 'end': 3890703, 'strand': 1, 'label': 'STK19B'}, 6: {'start': 3849279, 'end': 3858360, 'strand': 1, 'label': 'STK19'}, 7: {'start': 3885530, 'end': 3889388, 'strand': -1, 'label': 'TNXA'}, 8: {'start': 3911702, 'end': 3979854, 'strand': -1, 'label': 'TNXB'}}	STK19_C4AL_CYP21A1P_TNXA_STK19B_C4BS_CYP21A2_TNXB
NA19239.hap2	haplotype2-0000069	135499326.0	141609844.0	-1.0	{1: {'start': 3922552, 'end': 3943176, 'strand': 1, 'label': 'C4AL'}, 2: {'start': 3955290, 'end': 3969546, 'strand': 1, 'label': 'C4BS'}, 3: {'start': 3946176, 'end': 3949404, 'strand': 1, 'label': 'CYP21A1P'}, 4: {'start': 3972543, 'end': 3975772, 'strand': 1, 'label': 'CYP21A2'}, 5: {'start': 3953715, 'end': 3954282, 'strand': 1, 'label': 'STK19B'}, 6: {'start': 3912858, 'end': 3921941, 'strand': 1, 'label': 'STK19'}, 7: {'start': 3949109, 'end': 3952967, 'strand': -1, 'label': 'TNXA'}, 8: {'start': 3975281, 'end': 4043478, 'strand': -1, 'label': 'TNXB'}}	STK19_C4AL_CYP21A1P_TNXA_STK19B_C4BS_CYP21A2_TNXB
NA19129.hap1	haplotype1-0000005	28121761.0	34046582.0	1.0	{1: {'start': 3807749, 'end': 3828374, 'strand': 1, 'label': 'C4AL'}, 2: {'start': 3831371, 'end': 3834600, 'strand': 1, 'label': 'CYP21A2'}, 3: {'start': 3798052, 'end': 3807138, 'strand': 1, 'label': 'STK19'}, 4: {'start': 3834109, 'end': 3902264, 'strand': -1, 'label': 'TNXB'}}	STK19_C4AL_CYP21A2_TNXB
NA19129.hap2	haplotype2-0000085	28110318.0	34134853.0	1.0	{1: {'start': 3854395, 'end': 3875020, 'strand': 1, 'label': 'C4AL'}, 2: {'start': 3887134, 'end': 3901390, 'strand': 1, 'label': 'C4BS'}, 3: {'start': 3878020, 'end': 3881248, 'strand': 1, 'label': 'CYP21A1P'}, 4: {'start': 3904387, 'end': 3907616, 'strand': 1, 'label': 'CYP21A2'}, 5: {'start': 3885559, 'end': 3886126, 'strand': 1, 'label': 'STK19B'}, 6: {'start': 3844699, 'end': 3853784, 'strand': 1, 'label': 'STK19'}, 7: {'start': 3880953, 'end': 3884811, 'strand': -1, 'label': 'TNXA'}, 8: {'start': 3907125, 'end': 3975321, 'strand': -1, 'label': 'TNXB'}}	STK19_C4AL_CYP21A1P_TNXA_STK19B_C4BS_CYP21A2_TNXB
NA19240.hap1	haplotype1-0000009	28154099.0	34260928.0	1.0	{1: {'start': 3918864, 'end': 3939488, 'strand': 1, 'label': 'C4AL'}, 2: {'start': 3951602, 'end': 3965858, 'strand': 1, 'label': 'C4BS'}, 3: {'start': 3942488, 'end': 3945716, 'strand': 1, 'label': 'CYP21A1P'}, 4: {'start': 3968855, 'end': 3972084, 'strand': 1, 'label': 'CYP21A2'}, 5: {'start': 3950027, 'end': 3950594, 'strand': 1, 'label': 'STK19B'}, 6: {'start': 3909170, 'end': 3918253, 'strand': 1, 'label': 'STK19'}, 7: {'start': 3945421, 'end': 3949279, 'strand': -1, 'label': 'TNXA'}, 8: {'start': 3971593, 'end': 4039788, 'strand': -1, 'label': 'TNXB'}}	STK19_C4AL_CYP21A1P_TNXA_STK19B_C4BS_CYP21A2_TNXB
NA19240.hap2	haplotype2-0000082	27992875.0	34147561.0	1.0	{1: {'start': 3911757, 'end': 3932382, 'strand': 1, 'label': 'C4AL'}, 2: {'start': 3944497, 'end': 3958753, 'strand': 1, 'label': 'C4BS'}, 3: {'start': 3970868, 'end': 3985124, 'strand': 1, 'label': 'C4BS'}, 4: {'start': 3935383, 'end': 3938611, 'strand': 1, 'label': 'CYP21A1P'}, 5: {'start': 3961754, 'end': 3964982, 'strand': 1, 'label': 'CYP21A1P'}, 6: {'start': 3988121, 'end': 3991350, 'strand': 1, 'label': 'CYP21A2'}, 7: {'start': 3942922, 'end': 3943489, 'strand': 1, 'label': 'STK19B'}, 8: {'start': 3969293, 'end': 3969860, 'strand': 1, 'label': 'STK19B'}, 9: {'start': 3902064, 'end': 3911146, 'strand': 1, 'label': 'STK19'}, 10: {'start': 3938316, 'end': 3942174, 'strand': -1, 'label': 'TNXA'}, 11: {'start': 3964687, 'end': 3968545, 'strand': -1, 'label': 'TNXA'}, 12: {'start': 3990859, 'end': 4059018, 'strand': -1, 'label': 'TNXB'}}	STK19_C4AL_CYP21A1P_TNXA_STK19B_C4BS_CYP21A1P_TNXA_STK19B_C4BS_CYP21A2_TNXB
NA19238.hap1	haplotype1-0000026	28004330.0	34159883.0	1.0	{1: {'start': 3912142, 'end': 3932767, 'strand': 1, 'label': 'C4AL'}, 2: {'start': 3944882, 'end': 3959138, 'strand': 1, 'label': 'C4BS'}, 3: {'start': 3971253, 'end': 3985509, 'strand': 1, 'label': 'C4BS'}, 4: {'start': 3935768, 'end': 3938996, 'strand': 1, 'label': 'CYP21A1P'}, 5: {'start': 3962139, 'end': 3965367, 'strand': 1, 'label': 'CYP21A1P'}, 6: {'start': 3988506, 'end': 3991735, 'strand': 1, 'label': 'CYP21A2'}, 7: {'start': 3943307, 'end': 3943874, 'strand': 1, 'label': 'STK19B'}, 8: {'start': 3969678, 'end': 3970245, 'strand': 1, 'label': 'STK19B'}, 9: {'start': 3902449, 'end': 3911531, 'strand': 1, 'label': 'STK19'}, 10: {'start': 3938701, 'end': 3942559, 'strand': -1, 'label': 'TNXA'}, 11: {'start': 3965072, 'end': 3968930, 'strand': -1, 'label': 'TNXA'}, 12: {'start': 3991244, 'end': 4059403, 'strand': -1, 'label': 'TNXB'}}	STK19_C4AL_CYP21A1P_TNXA_STK19B_C4BS_CYP21A1P_TNXA_STK19B_C4BS_CYP21A2_TNXB
NA19238.hap2	haplotype2-0000101	1314460.0	7345270.0	1.0	{1: {'start': 3852629, 'end': 3873254, 'strand': 1, 'label': 'C4AL'}, 2: {'start': 3885367, 'end': 3899623, 'strand': 1, 'label': 'C4BS'}, 3: {'start': 3876253, 'end': 3879481, 'strand': 1, 'label': 'CYP21A1P'}, 4: {'start': 3902619, 'end': 3905848, 'strand': 1, 'label': 'CYP21A2'}, 5: {'start': 3883792, 'end': 3884359, 'strand': 1, 'label': 'STK19B'}, 6: {'start': 3842943, 'end': 3852018, 'strand': 1, 'label': 'STK19'}, 7: {'start': 3879186, 'end': 3883044, 'strand': -1, 'label': 'TNXA'}, 8: {'start': 3905357, 'end': 3973546, 'strand': -1, 'label': 'TNXB'}}	STK19_C4AL_CYP21A1P_TNXA_STK19B_C4BS_CYP21A2_TNXB
