candidate_id	hap_id	gene	published_exact_genomic	published_ordered_exact_cds_blocks	status	source	limitation
HLA-PROT-A-0a43cb72b419702c	HIFI032007D#2	HLA-A			not_resolved_by_exact_block_search	Logsdon2025_HGSVC3_allele_archive	Negative exact search does not establish novelty; other publications and synonymous variants are not exhausted
HLA-PROT-A-3bdb0bb5dfb2bdf4	HIFI032097D#2	HLA-A			not_resolved_by_exact_block_search	Logsdon2025_HGSVC3_allele_archive	Negative exact search does not establish novelty; other publications and synonymous variants are not exhausted
HLA-PROT-A-631f4bfc55f5c534	HIFI032302D#2	HLA-A			not_resolved_by_exact_block_search	Logsdon2025_HGSVC3_allele_archive	Negative exact search does not establish novelty; other publications and synonymous variants are not exhausted
HLA-PROT-A-9bb712374e9c8728	KPanRef-071#1	HLA-A			not_resolved_by_exact_block_search	Logsdon2025_HGSVC3_allele_archive	Negative exact search does not establish novelty; other publications and synonymous variants are not exhausted
HLA-PROT-A-a32dad94a625871a	HIFI032693D#1	HLA-A			not_resolved_by_exact_block_search	Logsdon2025_HGSVC3_allele_archive	Negative exact search does not establish novelty; other publications and synonymous variants are not exhausted
HLA-PROT-A-edc0625baf0a9756	HIFI032487D#1	HLA-A			not_resolved_by_exact_block_search	Logsdon2025_HGSVC3_allele_archive	Negative exact search does not establish novelty; other publications and synonymous variants are not exhausted
HLA-PROT-B-aeef6a2237aed7cc	HIFI032018D#1	HLA-B			not_resolved_by_exact_block_search	Logsdon2025_HGSVC3_allele_archive	Negative exact search does not establish novelty; other publications and synonymous variants are not exhausted
HLA-PROT-C-5948b39ec166038b	NA18620#2	HLA-C			not_resolved_by_exact_block_search	Logsdon2025_HGSVC3_allele_archive	Negative exact search does not establish novelty; other publications and synonymous variants are not exhausted
HLA-PROT-C-79ad8d4aa3e7427b	apr011#1	HLA-C			not_resolved_by_exact_block_search	Logsdon2025_HGSVC3_allele_archive	Negative exact search does not establish novelty; other publications and synonymous variants are not exhausted
HLA-PROT-C-a9bcc74a9f2fde07	HIFI032454D#1	HLA-C			not_resolved_by_exact_block_search	Logsdon2025_HGSVC3_allele_archive	Negative exact search does not establish novelty; other publications and synonymous variants are not exhausted
HLA-PROT-DPA1-a6a5410a175074d7	apr038#1	HLA-DPA1			not_resolved_by_exact_block_search	Logsdon2025_HGSVC3_allele_archive	Negative exact search does not establish novelty; other publications and synonymous variants are not exhausted
HLA-PROT-DPA1-aaf756c40cca0d9e	KPanRef-073#1	HLA-DPA1			not_resolved_by_exact_block_search	Logsdon2025_HGSVC3_allele_archive	Negative exact search does not establish novelty; other publications and synonymous variants are not exhausted
HLA-PROT-DPB1-c6545df9d78da583	KOREF1#2	HLA-DPB1			not_resolved_by_exact_block_search	Logsdon2025_HGSVC3_allele_archive	Negative exact search does not establish novelty; other publications and synonymous variants are not exhausted
HLA-PROT-DQA1-c34cfadfb132ec23	HIFI032018D#1	HLA-DQA1			not_resolved_by_exact_block_search	Logsdon2025_HGSVC3_allele_archive	Negative exact search does not establish novelty; other publications and synonymous variants are not exhausted
HLA-PROT-DQB1-b35bde913e752be5	HIFI032473D#1	HLA-DQB1			not_resolved_by_exact_block_search	Logsdon2025_HGSVC3_allele_archive	Negative exact search does not establish novelty; other publications and synonymous variants are not exhausted
HLA-PROT-DRB1-09e496e8c273453c	apr034#1	HLA-DRB1			not_resolved_by_exact_block_search	Logsdon2025_HGSVC3_allele_archive	Negative exact search does not establish novelty; other publications and synonymous variants are not exhausted
HLA-PROT-DRB1-1b4917989a10231b	HIFI032604D#2	HLA-DRB1			not_resolved_by_exact_block_search	Logsdon2025_HGSVC3_allele_archive	Negative exact search does not establish novelty; other publications and synonymous variants are not exhausted
HLA-PROT-DRB1-262af3b457b0d41f	KPanRef-077#2	HLA-DRB1			not_resolved_by_exact_block_search	Logsdon2025_HGSVC3_allele_archive	Negative exact search does not establish novelty; other publications and synonymous variants are not exhausted
HLA-PROT-DRB1-271f04c1400f3cb7	RY06#1	HLA-DRB1			not_resolved_by_exact_block_search	Logsdon2025_HGSVC3_allele_archive	Negative exact search does not establish novelty; other publications and synonymous variants are not exhausted
HLA-PROT-DRB1-2e91983c930650f7	KPanRef-079#2	HLA-DRB1			not_resolved_by_exact_block_search	Logsdon2025_HGSVC3_allele_archive	Negative exact search does not establish novelty; other publications and synonymous variants are not exhausted
HLA-PROT-DRB1-45368816a077ce36	HIFI032335D#2	HLA-DRB1			not_resolved_by_exact_block_search	Logsdon2025_HGSVC3_allele_archive	Negative exact search does not establish novelty; other publications and synonymous variants are not exhausted
HLA-PROT-DRB1-4a5a3aab8f15e84c	HIFI032450D#2	HLA-DRB1			not_resolved_by_exact_block_search	Logsdon2025_HGSVC3_allele_archive	Negative exact search does not establish novelty; other publications and synonymous variants are not exhausted
HLA-PROT-DRB1-4bc5d37182066cab	HIFI032429D#1	HLA-DRB1			not_resolved_by_exact_block_search	Logsdon2025_HGSVC3_allele_archive	Negative exact search does not establish novelty; other publications and synonymous variants are not exhausted
HLA-PROT-DRB1-4ccfb6ddef0ea542	HIFI032567D#1	HLA-DRB1			not_resolved_by_exact_block_search	Logsdon2025_HGSVC3_allele_archive	Negative exact search does not establish novelty; other publications and synonymous variants are not exhausted
HLA-PROT-DRB1-6efc31831b0222d9	HG01943#2	HLA-DRB1			not_resolved_by_exact_block_search	Logsdon2025_HGSVC3_allele_archive	Negative exact search does not establish novelty; other publications and synonymous variants are not exhausted
HLA-PROT-DRB1-7393fef105d585e7	RY07#1	HLA-DRB1			not_resolved_by_exact_block_search	Logsdon2025_HGSVC3_allele_archive	Negative exact search does not establish novelty; other publications and synonymous variants are not exhausted
HLA-PROT-DRB1-75110f5d6cde5940	HIFI032692D#1	HLA-DRB1			not_resolved_by_exact_block_search	Logsdon2025_HGSVC3_allele_archive	Negative exact search does not establish novelty; other publications and synonymous variants are not exhausted
HLA-PROT-DRB1-7fce140dcb2b686f	KPanRef-074#1	HLA-DRB1			not_resolved_by_exact_block_search	Logsdon2025_HGSVC3_allele_archive	Negative exact search does not establish novelty; other publications and synonymous variants are not exhausted
HLA-PROT-DRB1-8ee3991776a61a3f	apr006#1	HLA-DRB1			not_resolved_by_exact_block_search	Logsdon2025_HGSVC3_allele_archive	Negative exact search does not establish novelty; other publications and synonymous variants are not exhausted
HLA-PROT-DRB1-951689df20da8709	apr038#1	HLA-DRB1			not_resolved_by_exact_block_search	Logsdon2025_HGSVC3_allele_archive	Negative exact search does not establish novelty; other publications and synonymous variants are not exhausted
HLA-PROT-DRB1-9bf8196678ed1745	HIFI032454D#1	HLA-DRB1			not_resolved_by_exact_block_search	Logsdon2025_HGSVC3_allele_archive	Negative exact search does not establish novelty; other publications and synonymous variants are not exhausted
HLA-PROT-DRB1-a23ab9e5e0fd3b94	HG01252#2	HLA-DRB1			not_resolved_by_exact_block_search	Logsdon2025_HGSVC3_allele_archive	Negative exact search does not establish novelty; other publications and synonymous variants are not exhausted
HLA-PROT-DRB1-a23ab9e5e0fd3b94	HG01358#1	HLA-DRB1			not_resolved_by_exact_block_search	Logsdon2025_HGSVC3_allele_archive	Negative exact search does not establish novelty; other publications and synonymous variants are not exhausted
HLA-PROT-DRB1-a23ab9e5e0fd3b94	HG01943#1	HLA-DRB1			not_resolved_by_exact_block_search	Logsdon2025_HGSVC3_allele_archive	Negative exact search does not establish novelty; other publications and synonymous variants are not exhausted
HLA-PROT-DRB1-ad48d0a393823ed2	HG02976#2	HLA-DRB1			not_resolved_by_exact_block_search	Logsdon2025_HGSVC3_allele_archive	Negative exact search does not establish novelty; other publications and synonymous variants are not exhausted
HLA-PROT-DRB1-ba0192aed98e11e3	NA19159#1	HLA-DRB1			not_resolved_by_exact_block_search	Logsdon2025_HGSVC3_allele_archive	Negative exact search does not establish novelty; other publications and synonymous variants are not exhausted
HLA-PROT-DRB1-cbe163f3f87164d7	HIFI032607D#2	HLA-DRB1			not_resolved_by_exact_block_search	Logsdon2025_HGSVC3_allele_archive	Negative exact search does not establish novelty; other publications and synonymous variants are not exhausted
HLA-PROT-DRB1-d462c8104ee69bf7	HIFI032182D#1	HLA-DRB1			not_resolved_by_exact_block_search	Logsdon2025_HGSVC3_allele_archive	Negative exact search does not establish novelty; other publications and synonymous variants are not exhausted
HLA-PROT-DRB1-e06cf1f9de9ca277	HIFI032462D#2	HLA-DRB1			not_resolved_by_exact_block_search	Logsdon2025_HGSVC3_allele_archive	Negative exact search does not establish novelty; other publications and synonymous variants are not exhausted
HLA-PROT-DRB1-e9bd202d352d5882	HIFI032103D#1	HLA-DRB1			not_resolved_by_exact_block_search	Logsdon2025_HGSVC3_allele_archive	Negative exact search does not establish novelty; other publications and synonymous variants are not exhausted
HLA-PROT-DRB1-f249aa2592a201f5	apr001#1	HLA-DRB1			not_resolved_by_exact_block_search	Logsdon2025_HGSVC3_allele_archive	Negative exact search does not establish novelty; other publications and synonymous variants are not exhausted
HLA-PROT-DRB1-fc8aeba3d6538477	RY01#1	HLA-DRB1			not_resolved_by_exact_block_search	Logsdon2025_HGSVC3_allele_archive	Negative exact search does not establish novelty; other publications and synonymous variants are not exhausted
HLA-PROT-DRB4-184d6a423c2be2c0	apr010#1	HLA-DRB4			not_resolved_by_exact_block_search	Logsdon2025_HGSVC3_allele_archive	Negative exact search does not establish novelty; other publications and synonymous variants are not exhausted
HLA-PROT-DRB4-184d6a423c2be2c0	RY08#2	HLA-DRB4			not_resolved_by_exact_block_search	Logsdon2025_HGSVC3_allele_archive	Negative exact search does not establish novelty; other publications and synonymous variants are not exhausted
HLA-PROT-DRB5-07d6464f2ca9b188	HIFI032513D#2	HLA-DRB5			not_resolved_by_exact_block_search	Logsdon2025_HGSVC3_allele_archive	Negative exact search does not establish novelty; other publications and synonymous variants are not exhausted
HLA-PROT-DRB5-189ee1572bd82ac5	HIFI032306D#1	HLA-DRB5			not_resolved_by_exact_block_search	Logsdon2025_HGSVC3_allele_archive	Negative exact search does not establish novelty; other publications and synonymous variants are not exhausted
HLA-PROT-DRB5-49c2ade3677931b1	HIFI032473D#2	HLA-DRB5			not_resolved_by_exact_block_search	Logsdon2025_HGSVC3_allele_archive	Negative exact search does not establish novelty; other publications and synonymous variants are not exhausted
HLA-PROT-DRB5-6750fe6b2cc3646d	HIFI032585D#2	HLA-DRB5			not_resolved_by_exact_block_search	Logsdon2025_HGSVC3_allele_archive	Negative exact search does not establish novelty; other publications and synonymous variants are not exhausted
HLA-PROT-DRB5-e2479cfeb0907959	apr009#2	HLA-DRB5			not_resolved_by_exact_block_search	Logsdon2025_HGSVC3_allele_archive	Negative exact search does not establish novelty; other publications and synonymous variants are not exhausted
HLA-PROT-DRB5-e312b542990e43c0	RY08#1	HLA-DRB5			not_resolved_by_exact_block_search	Logsdon2025_HGSVC3_allele_archive	Negative exact search does not establish novelty; other publications and synonymous variants are not exhausted
