case_id	name	kind	minimum_cds_edit_distance	nearest_reference_alleles	equally_near_reference_alleles	snps	indel_blocks
HLA-PROT-C-5948b39ec166038b	NA18620#2#HLA-C	candidate	1	C*04:82:01	"[[""C*04:82:01""]]"	1	[]
HLA-PROT-DRB1-6efc31831b0222d9	HG01943#2#HLA-DRB1	candidate	2	DRB1*09:01:02:01;DRB1*09:01:02:02;DRB1*09:01:02:03;DRB1*09:01:02:04;DRB1*09:01:02:05;DRB1*09:01:02:06;DRB1*09:01:02:07;DRB1*09:01:02:08;DRB1*09:01:02:09;DRB1*09:01:02:10;DRB1*09:01:02:11	"[[""DRB1*09:01:02:01"", ""DRB1*09:01:02:02"", ""DRB1*09:01:02:03"", ""DRB1*09:01:02:04"", ""DRB1*09:01:02:05"", ""DRB1*09:01:02:06"", ""DRB1*09:01:02:07"", ""DRB1*09:01:02:08"", ""DRB1*09:01:02:09"", ""DRB1*09:01:02:10"", ""DRB1*09:01:02:11""]]"	2	[]
HLA-PROT-DRB1-a23ab9e5e0fd3b94	HG01252#2#HLA-DRB1	candidate	1	DRB1*04:07:01:01;DRB1*04:07:01:02;DRB1*04:07:01:03;DRB1*04:07:01:04;DRB1*04:07:01:05	"[[""DRB1*04:07:01:01"", ""DRB1*04:07:01:02"", ""DRB1*04:07:01:03"", ""DRB1*04:07:01:04"", ""DRB1*04:07:01:05""]]"	1	[]
HLA-PROT-DRB1-a23ab9e5e0fd3b94	HG01358#1#HLA-DRB1	candidate	1	DRB1*04:07:01:01;DRB1*04:07:01:02;DRB1*04:07:01:03;DRB1*04:07:01:04;DRB1*04:07:01:05	"[[""DRB1*04:07:01:01"", ""DRB1*04:07:01:02"", ""DRB1*04:07:01:03"", ""DRB1*04:07:01:04"", ""DRB1*04:07:01:05""]]"	1	[]
HLA-PROT-DRB1-a23ab9e5e0fd3b94	HG01943#1#HLA-DRB1	candidate	1	DRB1*04:07:01:01;DRB1*04:07:01:02;DRB1*04:07:01:03;DRB1*04:07:01:04;DRB1*04:07:01:05	"[[""DRB1*04:07:01:01"", ""DRB1*04:07:01:02"", ""DRB1*04:07:01:03"", ""DRB1*04:07:01:04"", ""DRB1*04:07:01:05""]]"	1	[]
HLA-PROT-DRB1-ad48d0a393823ed2	HG02976#2#HLA-DRB1	candidate	3	DRB1*11:09:01:01;DRB1*11:09:01:02	"[[""DRB1*11:09:01:01"", ""DRB1*11:09:01:02""], [""DRB1*11:12:01""]]"	3	[]
HLA-PROT-DRB1-ba0192aed98e11e3	NA19159#1#HLA-DRB1	candidate	1	DRB1*13:01:01:01;DRB1*13:01:01:02;DRB1*13:01:01:03;DRB1*13:01:01:04;DRB1*13:01:01:05;DRB1*13:01:01:06;DRB1*13:01:01:07;DRB1*13:01:01:08;DRB1*13:01:01:09;DRB1*13:01:01:10;DRB1*13:01:01:11;DRB1*13:01:01:12;DRB1*13:01:01:13;DRB1*13:01:01:14;DRB1*13:01:01:15;DRB1*13:01:01:16;DRB1*13:01:01:17;DRB1*13:01:01:18;DRB1*13:01:01:19;DRB1*13:01:01:20;DRB1*13:01:01:21;DRB1*13:01:01:22;DRB1*13:01:01:23	"[[""DRB1*13:01:01:01"", ""DRB1*13:01:01:02"", ""DRB1*13:01:01:03"", ""DRB1*13:01:01:04"", ""DRB1*13:01:01:05"", ""DRB1*13:01:01:06"", ""DRB1*13:01:01:07"", ""DRB1*13:01:01:08"", ""DRB1*13:01:01:09"", ""DRB1*13:01:01:10"", ""DRB1*13:01:01:11"", ""DRB1*13:01:01:12"", ""DRB1*13:01:01:13"", ""DRB1*13:01:01:14"", ""DRB1*13:01:01:15"", ""DRB1*13:01:01:16"", ""DRB1*13:01:01:17"", ""DRB1*13:01:01:18"", ""DRB1*13:01:01:19"", ""DRB1*13:01:01:20"", ""DRB1*13:01:01:21"", ""DRB1*13:01:01:22"", ""DRB1*13:01:01:23""]]"	1	[]
EXPERIMENT-NA18608-HLA-DRB1	NA18608#1#HLA-DRB1	discordance	5	DRB1*14:01:01:01;DRB1*14:01:01:02;DRB1*14:01:01:03	"[[""DRB1*14:01:01:01"", ""DRB1*14:01:01:02"", ""DRB1*14:01:01:03""]]"	5	[]
EXPERIMENT-NA18608-HLA-DRB1	NA18608#2#HLA-DRB1	discordance	3	DRB1*14:01:01:01;DRB1*14:01:01:02;DRB1*14:01:01:03	"[[""DRB1*14:01:01:01"", ""DRB1*14:01:01:02"", ""DRB1*14:01:01:03""]]"	3	[]
EXPERIMENT-NA18943-HLA-A	NA18943#1#HLA-A	discordance	1	A*02:01:01:01;A*02:01:01:02L;A*02:01:01:03;A*02:01:01:04;A*02:01:01:05;A*02:01:01:06;A*02:01:01:07;A*02:01:01:08;A*02:01:01:09;A*02:01:01:10;A*02:01:01:11;A*02:01:01:12;A*02:01:01:13;A*02:01:01:14;A*02:01:01:15;A*02:01:01:16;A*02:01:01:17;A*02:01:01:18;A*02:01:01:19;A*02:01:01:20;A*02:01:01:21;A*02:01:01:22;A*02:01:01:23;A*02:01:01:24;A*02:01:01:25;A*02:01:01:26;A*02:01:01:27;A*02:01:01:28;A*02:01:01:29;A*02:01:01:30;A*02:01:01:31;A*02:01:01:32;A*02:01:01:33;A*02:01:01:34;A*02:01:01:35;A*02:01:01:36;A*02:01:01:37;A*02:01:01:38;A*02:01:01:39;A*02:01:01:40;A*02:01:01:41;A*02:01:01:42;A*02:01:01:43;A*02:01:01:44;A*02:01:01:45;A*02:01:01:46;A*02:01:01:47;A*02:01:01:48;A*02:01:01:49;A*02:01:01:50;A*02:01:01:51;A*02:01:01:52;A*02:01:01:53;A*02:01:01:54;A*02:01:01:55;A*02:01:01:56;A*02:01:01:57;A*02:01:01:58;A*02:01:01:59;A*02:01:01:60;A*02:01:01:61;A*02:01:01:62;A*02:01:01:63;A*02:01:01:64;A*02:01:01:65;A*02:01:01:66;A*02:01:01:67;A*02:01:01:68;A*02:01:01:69;A*02:01:01:70;A*02:01:01:71;A*02:01:01:72;A*02:01:01:73;A*02:01:01:74;A*02:01:01:75;A*02:01:01:76;A*02:01:01:77;A*02:01:01:78;A*02:01:01:79;A*02:01:01:80;A*02:01:01:81;A*02:01:01:82;A*02:01:01:83;A*02:01:01:84;A*02:01:01:85;A*02:01:01:86;A*02:01:01:87;A*02:01:01:88;A*02:01:01:89;A*02:01:01:90;A*02:01:01:91;A*02:01:01:92;A*02:01:01:93;A*02:01:01:94;A*02:01:01:95;A*02:01:01:96;A*02:01:01:97;A*02:01:01:98;A*02:01:01:99;A*02:01:01:100;A*02:01:01:101;A*02:01:01:102;A*02:01:01:103;A*02:01:01:104;A*02:01:01:105;A*02:01:01:106;A*02:01:01:107;A*02:01:01:108;A*02:01:01:109;A*02:01:01:110;A*02:01:01:111;A*02:01:01:112;A*02:01:01:113;A*02:01:01:114;A*02:01:01:115;A*02:01:01:116;A*02:01:01:117;A*02:01:01:118;A*02:01:01:119;A*02:01:01:120;A*02:01:01:121;A*02:01:01:122;A*02:01:01:123;A*02:01:01:124;A*02:01:01:125;A*02:01:01:126;A*02:01:01:127;A*02:01:01:128;A*02:01:01:129;A*02:01:01:130;A*02:01:01:131;A*02:01:01:132;A*02:01:01:133;A*02:01:01:134Q;A*02:01:01:135;A*02:01:01:136;A*02:01:01:137;A*02:01:01:138;A*02:01:01:139;A*02:01:01:140;A*02:01:01:141;A*02:01:01:142;A*02:01:01:143;A*02:01:01:144;A*02:01:01:145;A*02:01:01:146;A*02:01:01:147;A*02:01:01:148;A*02:01:01:149;A*02:01:01:150;A*02:01:01:151;A*02:01:01:152;A*02:01:01:153;A*02:01:01:154;A*02:01:01:155;A*02:01:01:156;A*02:01:01:157;A*02:01:01:158;A*02:01:01:159;A*02:01:01:160;A*02:01:01:161;A*02:01:01:162;A*02:01:01:163;A*02:01:01:164;A*02:01:01:165;A*02:01:01:166;A*02:01:01:167;A*02:01:01:168;A*02:01:01:169;A*02:01:01:170;A*02:01:01:171;A*02:01:01:172;A*02:01:01:173;A*02:01:01:174;A*02:01:01:175;A*02:01:01:176;A*02:01:01:177;A*02:01:01:178;A*02:01:01:179;A*02:01:01:180;A*02:01:01:181;A*02:01:01:182;A*02:01:01:183;A*02:01:01:184;A*02:01:01:185;A*02:01:01:186;A*02:01:01:187;A*02:01:01:188;A*02:01:01:189;A*02:01:01:190;A*02:01:01:191;A*02:01:01:192;A*02:01:01:193;A*02:01:01:194;A*02:01:01:195;A*02:01:01:196;A*02:01:01:197;A*02:01:01:198;A*02:01:01:199;A*02:01:01:200;A*02:01:01:201;A*02:01:01:202;A*02:01:01:203;A*02:01:01:204;A*02:01:01:205;A*02:01:01:206;A*02:01:01:207;A*02:01:01:208;A*02:01:01:209;A*02:01:01:210;A*02:01:01:211;A*02:01:01:212;A*02:01:01:213;A*02:01:01:214;A*02:01:01:215;A*02:01:01:216;A*02:01:01:217;A*02:01:01:218;A*02:01:01:219;A*02:01:01:220;A*02:01:01:221;A*02:01:01:222;A*02:01:01:223;A*02:01:01:224;A*02:01:01:225;A*02:01:01:226;A*02:01:01:227;A*02:01:01:228;A*02:01:01:229;A*02:01:01:230;A*02:01:01:231;A*02:01:01:232;A*02:01:01:233;A*02:01:01:234;A*02:01:01:235;A*02:01:01:236;A*02:01:01:237;A*02:01:01:238;A*02:01:01:239;A*02:01:01:240;A*02:01:01:241;A*02:01:01:242;A*02:01:01:243;A*02:01:01:244;A*02:01:01:245;A*02:01:01:246;A*02:01:01:247;A*02:01:01:248;A*02:01:01:249;A*02:01:01:250;A*02:01:01:251;A*02:01:01:252Q;A*02:01:01:253;A*02:01:01:254;A*02:01:01:255;A*02:01:01:256;A*02:01:01:257;A*02:01:01:258;A*02:01:01:259;A*02:01:01:260;A*02:01:01:261;A*02:01:01:262;A*02:01:01:263;A*02:01:01:264;A*02:01:01:265;A*02:01:01:266;A*02:01:01:267;A*02:01:01:268;A*02:01:01:269;A*02:01:01:270;A*02:01:01:271;A*02:01:01:272;A*02:01:01:273;A*02:01:01:274	"[[""A*02:01:01:01"", ""A*02:01:01:02L"", ""A*02:01:01:03"", ""A*02:01:01:04"", ""A*02:01:01:05"", ""A*02:01:01:06"", ""A*02:01:01:07"", ""A*02:01:01:08"", ""A*02:01:01:09"", ""A*02:01:01:10"", ""A*02:01:01:11"", ""A*02:01:01:12"", ""A*02:01:01:13"", ""A*02:01:01:14"", ""A*02:01:01:15"", ""A*02:01:01:16"", ""A*02:01:01:17"", ""A*02:01:01:18"", ""A*02:01:01:19"", ""A*02:01:01:20"", ""A*02:01:01:21"", ""A*02:01:01:22"", ""A*02:01:01:23"", ""A*02:01:01:24"", ""A*02:01:01:25"", ""A*02:01:01:26"", ""A*02:01:01:27"", ""A*02:01:01:28"", ""A*02:01:01:29"", ""A*02:01:01:30"", ""A*02:01:01:31"", ""A*02:01:01:32"", ""A*02:01:01:33"", ""A*02:01:01:34"", ""A*02:01:01:35"", ""A*02:01:01:36"", ""A*02:01:01:37"", ""A*02:01:01:38"", ""A*02:01:01:39"", ""A*02:01:01:40"", ""A*02:01:01:41"", ""A*02:01:01:42"", ""A*02:01:01:43"", ""A*02:01:01:44"", ""A*02:01:01:45"", ""A*02:01:01:46"", ""A*02:01:01:47"", ""A*02:01:01:48"", ""A*02:01:01:49"", ""A*02:01:01:50"", ""A*02:01:01:51"", ""A*02:01:01:52"", ""A*02:01:01:53"", ""A*02:01:01:54"", ""A*02:01:01:55"", ""A*02:01:01:56"", ""A*02:01:01:57"", ""A*02:01:01:58"", ""A*02:01:01:59"", ""A*02:01:01:60"", ""A*02:01:01:61"", ""A*02:01:01:62"", ""A*02:01:01:63"", ""A*02:01:01:64"", ""A*02:01:01:65"", ""A*02:01:01:66"", ""A*02:01:01:67"", ""A*02:01:01:68"", ""A*02:01:01:69"", ""A*02:01:01:70"", ""A*02:01:01:71"", ""A*02:01:01:72"", ""A*02:01:01:73"", ""A*02:01:01:74"", ""A*02:01:01:75"", ""A*02:01:01:76"", ""A*02:01:01:77"", ""A*02:01:01:78"", ""A*02:01:01:79"", ""A*02:01:01:80"", ""A*02:01:01:81"", ""A*02:01:01:82"", ""A*02:01:01:83"", ""A*02:01:01:84"", ""A*02:01:01:85"", ""A*02:01:01:86"", ""A*02:01:01:87"", ""A*02:01:01:88"", ""A*02:01:01:89"", ""A*02:01:01:90"", ""A*02:01:01:91"", ""A*02:01:01:92"", ""A*02:01:01:93"", ""A*02:01:01:94"", ""A*02:01:01:95"", ""A*02:01:01:96"", ""A*02:01:01:97"", ""A*02:01:01:98"", ""A*02:01:01:99"", ""A*02:01:01:100"", ""A*02:01:01:101"", ""A*02:01:01:102"", ""A*02:01:01:103"", ""A*02:01:01:104"", ""A*02:01:01:105"", ""A*02:01:01:106"", ""A*02:01:01:107"", ""A*02:01:01:108"", ""A*02:01:01:109"", ""A*02:01:01:110"", ""A*02:01:01:111"", ""A*02:01:01:112"", ""A*02:01:01:113"", ""A*02:01:01:114"", ""A*02:01:01:115"", ""A*02:01:01:116"", ""A*02:01:01:117"", ""A*02:01:01:118"", ""A*02:01:01:119"", ""A*02:01:01:120"", ""A*02:01:01:121"", ""A*02:01:01:122"", ""A*02:01:01:123"", ""A*02:01:01:124"", ""A*02:01:01:125"", ""A*02:01:01:126"", ""A*02:01:01:127"", ""A*02:01:01:128"", ""A*02:01:01:129"", ""A*02:01:01:130"", ""A*02:01:01:131"", ""A*02:01:01:132"", ""A*02:01:01:133"", ""A*02:01:01:134Q"", ""A*02:01:01:135"", ""A*02:01:01:136"", ""A*02:01:01:137"", ""A*02:01:01:138"", ""A*02:01:01:139"", ""A*02:01:01:140"", ""A*02:01:01:141"", ""A*02:01:01:142"", ""A*02:01:01:143"", ""A*02:01:01:144"", ""A*02:01:01:145"", ""A*02:01:01:146"", ""A*02:01:01:147"", ""A*02:01:01:148"", ""A*02:01:01:149"", ""A*02:01:01:150"", ""A*02:01:01:151"", ""A*02:01:01:152"", ""A*02:01:01:153"", ""A*02:01:01:154"", ""A*02:01:01:155"", ""A*02:01:01:156"", ""A*02:01:01:157"", ""A*02:01:01:158"", ""A*02:01:01:159"", ""A*02:01:01:160"", ""A*02:01:01:161"", ""A*02:01:01:162"", ""A*02:01:01:163"", ""A*02:01:01:164"", ""A*02:01:01:165"", ""A*02:01:01:166"", ""A*02:01:01:167"", ""A*02:01:01:168"", ""A*02:01:01:169"", ""A*02:01:01:170"", ""A*02:01:01:171"", ""A*02:01:01:172"", ""A*02:01:01:173"", ""A*02:01:01:174"", ""A*02:01:01:175"", ""A*02:01:01:176"", ""A*02:01:01:177"", ""A*02:01:01:178"", ""A*02:01:01:179"", ""A*02:01:01:180"", ""A*02:01:01:181"", ""A*02:01:01:182"", ""A*02:01:01:183"", ""A*02:01:01:184"", ""A*02:01:01:185"", ""A*02:01:01:186"", ""A*02:01:01:187"", ""A*02:01:01:188"", ""A*02:01:01:189"", ""A*02:01:01:190"", ""A*02:01:01:191"", ""A*02:01:01:192"", ""A*02:01:01:193"", ""A*02:01:01:194"", ""A*02:01:01:195"", ""A*02:01:01:196"", ""A*02:01:01:197"", ""A*02:01:01:198"", ""A*02:01:01:199"", ""A*02:01:01:200"", ""A*02:01:01:201"", ""A*02:01:01:202"", ""A*02:01:01:203"", ""A*02:01:01:204"", ""A*02:01:01:205"", ""A*02:01:01:206"", ""A*02:01:01:207"", ""A*02:01:01:208"", ""A*02:01:01:209"", ""A*02:01:01:210"", ""A*02:01:01:211"", ""A*02:01:01:212"", ""A*02:01:01:213"", ""A*02:01:01:214"", ""A*02:01:01:215"", ""A*02:01:01:216"", ""A*02:01:01:217"", ""A*02:01:01:218"", ""A*02:01:01:219"", ""A*02:01:01:220"", ""A*02:01:01:221"", ""A*02:01:01:222"", ""A*02:01:01:223"", ""A*02:01:01:224"", ""A*02:01:01:225"", ""A*02:01:01:226"", ""A*02:01:01:227"", ""A*02:01:01:228"", ""A*02:01:01:229"", ""A*02:01:01:230"", ""A*02:01:01:231"", ""A*02:01:01:232"", ""A*02:01:01:233"", ""A*02:01:01:234"", ""A*02:01:01:235"", ""A*02:01:01:236"", ""A*02:01:01:237"", ""A*02:01:01:238"", ""A*02:01:01:239"", ""A*02:01:01:240"", ""A*02:01:01:241"", ""A*02:01:01:242"", ""A*02:01:01:243"", ""A*02:01:01:244"", ""A*02:01:01:245"", ""A*02:01:01:246"", ""A*02:01:01:247"", ""A*02:01:01:248"", ""A*02:01:01:249"", ""A*02:01:01:250"", ""A*02:01:01:251"", ""A*02:01:01:252Q"", ""A*02:01:01:253"", ""A*02:01:01:254"", ""A*02:01:01:255"", ""A*02:01:01:256"", ""A*02:01:01:257"", ""A*02:01:01:258"", ""A*02:01:01:259"", ""A*02:01:01:260"", ""A*02:01:01:261"", ""A*02:01:01:262"", ""A*02:01:01:263"", ""A*02:01:01:264"", ""A*02:01:01:265"", ""A*02:01:01:266"", ""A*02:01:01:267"", ""A*02:01:01:268"", ""A*02:01:01:269"", ""A*02:01:01:270"", ""A*02:01:01:271"", ""A*02:01:01:272"", ""A*02:01:01:273"", ""A*02:01:01:274""]]"	1	[]
EXPERIMENT-NA18943-HLA-A	NA18943#2#HLA-A	discordance	0	A*02:06:01:01;A*02:06:01:02;A*02:06:01:03;A*02:06:01:04;A*02:06:01:05;A*02:06:01:06;A*02:06:01:07;A*02:06:01:08;A*02:06:01:09;A*02:06:01:10;A*02:06:01:11;A*02:06:01:12;A*02:06:01:13;A*02:06:01:14;A*02:06:01:15;A*02:06:01:16;A*02:06:01:17	"[[""A*02:06:01:01"", ""A*02:06:01:02"", ""A*02:06:01:03"", ""A*02:06:01:04"", ""A*02:06:01:05"", ""A*02:06:01:06"", ""A*02:06:01:07"", ""A*02:06:01:08"", ""A*02:06:01:09"", ""A*02:06:01:10"", ""A*02:06:01:11"", ""A*02:06:01:12"", ""A*02:06:01:13"", ""A*02:06:01:14"", ""A*02:06:01:15"", ""A*02:06:01:16"", ""A*02:06:01:17""]]"	0	[]
EXPERIMENT-NA18943-HLA-DRB1	NA18943#1#HLA-DRB1	discordance	3	DRB1*08:01:01:01;DRB1*08:01:01:02;DRB1*08:01:01:03;DRB1*08:01:01:04;DRB1*08:01:01:05	"[[""DRB1*08:01:01:01"", ""DRB1*08:01:01:02"", ""DRB1*08:01:01:03"", ""DRB1*08:01:01:04"", ""DRB1*08:01:01:05""]]"	3	[]
EXPERIMENT-NA18943-HLA-DRB1	NA18943#2#HLA-DRB1	discordance	0	DRB1*08:02:01:01;DRB1*08:02:01:02;DRB1*08:02:01:03	"[[""DRB1*08:02:01:01"", ""DRB1*08:02:01:02"", ""DRB1*08:02:01:03""]]"	0	[]
EXPERIMENT-NA19007-HLA-A	NA19007#1#HLA-A	discordance	0	A*26:03:01:01;A*26:03:01:02	"[[""A*26:03:01:01"", ""A*26:03:01:02""]]"	0	[]
EXPERIMENT-NA19007-HLA-A	NA19007#2#HLA-A	discordance	1	A*02:01:01:01;A*02:01:01:02L;A*02:01:01:03;A*02:01:01:04;A*02:01:01:05;A*02:01:01:06;A*02:01:01:07;A*02:01:01:08;A*02:01:01:09;A*02:01:01:10;A*02:01:01:11;A*02:01:01:12;A*02:01:01:13;A*02:01:01:14;A*02:01:01:15;A*02:01:01:16;A*02:01:01:17;A*02:01:01:18;A*02:01:01:19;A*02:01:01:20;A*02:01:01:21;A*02:01:01:22;A*02:01:01:23;A*02:01:01:24;A*02:01:01:25;A*02:01:01:26;A*02:01:01:27;A*02:01:01:28;A*02:01:01:29;A*02:01:01:30;A*02:01:01:31;A*02:01:01:32;A*02:01:01:33;A*02:01:01:34;A*02:01:01:35;A*02:01:01:36;A*02:01:01:37;A*02:01:01:38;A*02:01:01:39;A*02:01:01:40;A*02:01:01:41;A*02:01:01:42;A*02:01:01:43;A*02:01:01:44;A*02:01:01:45;A*02:01:01:46;A*02:01:01:47;A*02:01:01:48;A*02:01:01:49;A*02:01:01:50;A*02:01:01:51;A*02:01:01:52;A*02:01:01:53;A*02:01:01:54;A*02:01:01:55;A*02:01:01:56;A*02:01:01:57;A*02:01:01:58;A*02:01:01:59;A*02:01:01:60;A*02:01:01:61;A*02:01:01:62;A*02:01:01:63;A*02:01:01:64;A*02:01:01:65;A*02:01:01:66;A*02:01:01:67;A*02:01:01:68;A*02:01:01:69;A*02:01:01:70;A*02:01:01:71;A*02:01:01:72;A*02:01:01:73;A*02:01:01:74;A*02:01:01:75;A*02:01:01:76;A*02:01:01:77;A*02:01:01:78;A*02:01:01:79;A*02:01:01:80;A*02:01:01:81;A*02:01:01:82;A*02:01:01:83;A*02:01:01:84;A*02:01:01:85;A*02:01:01:86;A*02:01:01:87;A*02:01:01:88;A*02:01:01:89;A*02:01:01:90;A*02:01:01:91;A*02:01:01:92;A*02:01:01:93;A*02:01:01:94;A*02:01:01:95;A*02:01:01:96;A*02:01:01:97;A*02:01:01:98;A*02:01:01:99;A*02:01:01:100;A*02:01:01:101;A*02:01:01:102;A*02:01:01:103;A*02:01:01:104;A*02:01:01:105;A*02:01:01:106;A*02:01:01:107;A*02:01:01:108;A*02:01:01:109;A*02:01:01:110;A*02:01:01:111;A*02:01:01:112;A*02:01:01:113;A*02:01:01:114;A*02:01:01:115;A*02:01:01:116;A*02:01:01:117;A*02:01:01:118;A*02:01:01:119;A*02:01:01:120;A*02:01:01:121;A*02:01:01:122;A*02:01:01:123;A*02:01:01:124;A*02:01:01:125;A*02:01:01:126;A*02:01:01:127;A*02:01:01:128;A*02:01:01:129;A*02:01:01:130;A*02:01:01:131;A*02:01:01:132;A*02:01:01:133;A*02:01:01:134Q;A*02:01:01:135;A*02:01:01:136;A*02:01:01:137;A*02:01:01:138;A*02:01:01:139;A*02:01:01:140;A*02:01:01:141;A*02:01:01:142;A*02:01:01:143;A*02:01:01:144;A*02:01:01:145;A*02:01:01:146;A*02:01:01:147;A*02:01:01:148;A*02:01:01:149;A*02:01:01:150;A*02:01:01:151;A*02:01:01:152;A*02:01:01:153;A*02:01:01:154;A*02:01:01:155;A*02:01:01:156;A*02:01:01:157;A*02:01:01:158;A*02:01:01:159;A*02:01:01:160;A*02:01:01:161;A*02:01:01:162;A*02:01:01:163;A*02:01:01:164;A*02:01:01:165;A*02:01:01:166;A*02:01:01:167;A*02:01:01:168;A*02:01:01:169;A*02:01:01:170;A*02:01:01:171;A*02:01:01:172;A*02:01:01:173;A*02:01:01:174;A*02:01:01:175;A*02:01:01:176;A*02:01:01:177;A*02:01:01:178;A*02:01:01:179;A*02:01:01:180;A*02:01:01:181;A*02:01:01:182;A*02:01:01:183;A*02:01:01:184;A*02:01:01:185;A*02:01:01:186;A*02:01:01:187;A*02:01:01:188;A*02:01:01:189;A*02:01:01:190;A*02:01:01:191;A*02:01:01:192;A*02:01:01:193;A*02:01:01:194;A*02:01:01:195;A*02:01:01:196;A*02:01:01:197;A*02:01:01:198;A*02:01:01:199;A*02:01:01:200;A*02:01:01:201;A*02:01:01:202;A*02:01:01:203;A*02:01:01:204;A*02:01:01:205;A*02:01:01:206;A*02:01:01:207;A*02:01:01:208;A*02:01:01:209;A*02:01:01:210;A*02:01:01:211;A*02:01:01:212;A*02:01:01:213;A*02:01:01:214;A*02:01:01:215;A*02:01:01:216;A*02:01:01:217;A*02:01:01:218;A*02:01:01:219;A*02:01:01:220;A*02:01:01:221;A*02:01:01:222;A*02:01:01:223;A*02:01:01:224;A*02:01:01:225;A*02:01:01:226;A*02:01:01:227;A*02:01:01:228;A*02:01:01:229;A*02:01:01:230;A*02:01:01:231;A*02:01:01:232;A*02:01:01:233;A*02:01:01:234;A*02:01:01:235;A*02:01:01:236;A*02:01:01:237;A*02:01:01:238;A*02:01:01:239;A*02:01:01:240;A*02:01:01:241;A*02:01:01:242;A*02:01:01:243;A*02:01:01:244;A*02:01:01:245;A*02:01:01:246;A*02:01:01:247;A*02:01:01:248;A*02:01:01:249;A*02:01:01:250;A*02:01:01:251;A*02:01:01:252Q;A*02:01:01:253;A*02:01:01:254;A*02:01:01:255;A*02:01:01:256;A*02:01:01:257;A*02:01:01:258;A*02:01:01:259;A*02:01:01:260;A*02:01:01:261;A*02:01:01:262;A*02:01:01:263;A*02:01:01:264;A*02:01:01:265;A*02:01:01:266;A*02:01:01:267;A*02:01:01:268;A*02:01:01:269;A*02:01:01:270;A*02:01:01:271;A*02:01:01:272;A*02:01:01:273;A*02:01:01:274	"[[""A*02:01:01:01"", ""A*02:01:01:02L"", ""A*02:01:01:03"", ""A*02:01:01:04"", ""A*02:01:01:05"", ""A*02:01:01:06"", ""A*02:01:01:07"", ""A*02:01:01:08"", ""A*02:01:01:09"", ""A*02:01:01:10"", ""A*02:01:01:11"", ""A*02:01:01:12"", ""A*02:01:01:13"", ""A*02:01:01:14"", ""A*02:01:01:15"", ""A*02:01:01:16"", ""A*02:01:01:17"", ""A*02:01:01:18"", ""A*02:01:01:19"", ""A*02:01:01:20"", ""A*02:01:01:21"", ""A*02:01:01:22"", ""A*02:01:01:23"", ""A*02:01:01:24"", ""A*02:01:01:25"", ""A*02:01:01:26"", ""A*02:01:01:27"", ""A*02:01:01:28"", ""A*02:01:01:29"", ""A*02:01:01:30"", ""A*02:01:01:31"", ""A*02:01:01:32"", ""A*02:01:01:33"", ""A*02:01:01:34"", ""A*02:01:01:35"", ""A*02:01:01:36"", ""A*02:01:01:37"", ""A*02:01:01:38"", ""A*02:01:01:39"", ""A*02:01:01:40"", ""A*02:01:01:41"", ""A*02:01:01:42"", ""A*02:01:01:43"", ""A*02:01:01:44"", ""A*02:01:01:45"", ""A*02:01:01:46"", ""A*02:01:01:47"", ""A*02:01:01:48"", ""A*02:01:01:49"", ""A*02:01:01:50"", ""A*02:01:01:51"", ""A*02:01:01:52"", ""A*02:01:01:53"", ""A*02:01:01:54"", ""A*02:01:01:55"", ""A*02:01:01:56"", ""A*02:01:01:57"", ""A*02:01:01:58"", ""A*02:01:01:59"", ""A*02:01:01:60"", ""A*02:01:01:61"", ""A*02:01:01:62"", ""A*02:01:01:63"", ""A*02:01:01:64"", ""A*02:01:01:65"", ""A*02:01:01:66"", ""A*02:01:01:67"", ""A*02:01:01:68"", ""A*02:01:01:69"", ""A*02:01:01:70"", ""A*02:01:01:71"", ""A*02:01:01:72"", ""A*02:01:01:73"", ""A*02:01:01:74"", ""A*02:01:01:75"", ""A*02:01:01:76"", ""A*02:01:01:77"", ""A*02:01:01:78"", ""A*02:01:01:79"", ""A*02:01:01:80"", ""A*02:01:01:81"", ""A*02:01:01:82"", ""A*02:01:01:83"", ""A*02:01:01:84"", ""A*02:01:01:85"", ""A*02:01:01:86"", ""A*02:01:01:87"", ""A*02:01:01:88"", ""A*02:01:01:89"", ""A*02:01:01:90"", ""A*02:01:01:91"", ""A*02:01:01:92"", ""A*02:01:01:93"", ""A*02:01:01:94"", ""A*02:01:01:95"", ""A*02:01:01:96"", ""A*02:01:01:97"", ""A*02:01:01:98"", ""A*02:01:01:99"", ""A*02:01:01:100"", ""A*02:01:01:101"", ""A*02:01:01:102"", ""A*02:01:01:103"", ""A*02:01:01:104"", ""A*02:01:01:105"", ""A*02:01:01:106"", ""A*02:01:01:107"", ""A*02:01:01:108"", ""A*02:01:01:109"", ""A*02:01:01:110"", ""A*02:01:01:111"", ""A*02:01:01:112"", ""A*02:01:01:113"", ""A*02:01:01:114"", ""A*02:01:01:115"", ""A*02:01:01:116"", ""A*02:01:01:117"", ""A*02:01:01:118"", ""A*02:01:01:119"", ""A*02:01:01:120"", ""A*02:01:01:121"", ""A*02:01:01:122"", ""A*02:01:01:123"", ""A*02:01:01:124"", ""A*02:01:01:125"", ""A*02:01:01:126"", ""A*02:01:01:127"", ""A*02:01:01:128"", ""A*02:01:01:129"", ""A*02:01:01:130"", ""A*02:01:01:131"", ""A*02:01:01:132"", ""A*02:01:01:133"", ""A*02:01:01:134Q"", ""A*02:01:01:135"", ""A*02:01:01:136"", ""A*02:01:01:137"", ""A*02:01:01:138"", ""A*02:01:01:139"", ""A*02:01:01:140"", ""A*02:01:01:141"", ""A*02:01:01:142"", ""A*02:01:01:143"", ""A*02:01:01:144"", ""A*02:01:01:145"", ""A*02:01:01:146"", ""A*02:01:01:147"", ""A*02:01:01:148"", ""A*02:01:01:149"", ""A*02:01:01:150"", ""A*02:01:01:151"", ""A*02:01:01:152"", ""A*02:01:01:153"", ""A*02:01:01:154"", ""A*02:01:01:155"", ""A*02:01:01:156"", ""A*02:01:01:157"", ""A*02:01:01:158"", ""A*02:01:01:159"", ""A*02:01:01:160"", ""A*02:01:01:161"", ""A*02:01:01:162"", ""A*02:01:01:163"", ""A*02:01:01:164"", ""A*02:01:01:165"", ""A*02:01:01:166"", ""A*02:01:01:167"", ""A*02:01:01:168"", ""A*02:01:01:169"", ""A*02:01:01:170"", ""A*02:01:01:171"", ""A*02:01:01:172"", ""A*02:01:01:173"", ""A*02:01:01:174"", ""A*02:01:01:175"", ""A*02:01:01:176"", ""A*02:01:01:177"", ""A*02:01:01:178"", ""A*02:01:01:179"", ""A*02:01:01:180"", ""A*02:01:01:181"", ""A*02:01:01:182"", ""A*02:01:01:183"", ""A*02:01:01:184"", ""A*02:01:01:185"", ""A*02:01:01:186"", ""A*02:01:01:187"", ""A*02:01:01:188"", ""A*02:01:01:189"", ""A*02:01:01:190"", ""A*02:01:01:191"", ""A*02:01:01:192"", ""A*02:01:01:193"", ""A*02:01:01:194"", ""A*02:01:01:195"", ""A*02:01:01:196"", ""A*02:01:01:197"", ""A*02:01:01:198"", ""A*02:01:01:199"", ""A*02:01:01:200"", ""A*02:01:01:201"", ""A*02:01:01:202"", ""A*02:01:01:203"", ""A*02:01:01:204"", ""A*02:01:01:205"", ""A*02:01:01:206"", ""A*02:01:01:207"", ""A*02:01:01:208"", ""A*02:01:01:209"", ""A*02:01:01:210"", ""A*02:01:01:211"", ""A*02:01:01:212"", ""A*02:01:01:213"", ""A*02:01:01:214"", ""A*02:01:01:215"", ""A*02:01:01:216"", ""A*02:01:01:217"", ""A*02:01:01:218"", ""A*02:01:01:219"", ""A*02:01:01:220"", ""A*02:01:01:221"", ""A*02:01:01:222"", ""A*02:01:01:223"", ""A*02:01:01:224"", ""A*02:01:01:225"", ""A*02:01:01:226"", ""A*02:01:01:227"", ""A*02:01:01:228"", ""A*02:01:01:229"", ""A*02:01:01:230"", ""A*02:01:01:231"", ""A*02:01:01:232"", ""A*02:01:01:233"", ""A*02:01:01:234"", ""A*02:01:01:235"", ""A*02:01:01:236"", ""A*02:01:01:237"", ""A*02:01:01:238"", ""A*02:01:01:239"", ""A*02:01:01:240"", ""A*02:01:01:241"", ""A*02:01:01:242"", ""A*02:01:01:243"", ""A*02:01:01:244"", ""A*02:01:01:245"", ""A*02:01:01:246"", ""A*02:01:01:247"", ""A*02:01:01:248"", ""A*02:01:01:249"", ""A*02:01:01:250"", ""A*02:01:01:251"", ""A*02:01:01:252Q"", ""A*02:01:01:253"", ""A*02:01:01:254"", ""A*02:01:01:255"", ""A*02:01:01:256"", ""A*02:01:01:257"", ""A*02:01:01:258"", ""A*02:01:01:259"", ""A*02:01:01:260"", ""A*02:01:01:261"", ""A*02:01:01:262"", ""A*02:01:01:263"", ""A*02:01:01:264"", ""A*02:01:01:265"", ""A*02:01:01:266"", ""A*02:01:01:267"", ""A*02:01:01:268"", ""A*02:01:01:269"", ""A*02:01:01:270"", ""A*02:01:01:271"", ""A*02:01:01:272"", ""A*02:01:01:273"", ""A*02:01:01:274""]]"	1	[]
