marker_id	case_id	donor	hap_id	gene	cds_position	reads_available	assembly_fragments	alternative_fragments	assembly_mhc_hits	alternative_mhc_hits	local_support_at_least_5_and_mhc_unique	status
HLA-PROT-C-5948b39ec166038b-NA18620#2-cds239	HLA-PROT-C-5948b39ec166038b	NA18620	NA18620#2	HLA-C	239	1	23	83	1	4	1	local_read_support
HLA-PROT-DRB1-6efc31831b0222d9-HG01943#2-cds344	HLA-PROT-DRB1-6efc31831b0222d9	HG01943	HG01943#2	HLA-DRB1	344	0			3	1	0	local_cram_unavailable
HLA-PROT-DRB1-6efc31831b0222d9-HG01943#2-cds345	HLA-PROT-DRB1-6efc31831b0222d9	HG01943	HG01943#2	HLA-DRB1	345	0			3	1	0	local_cram_unavailable
HLA-PROT-DRB1-a23ab9e5e0fd3b94-HG01252#2-cds706	HLA-PROT-DRB1-a23ab9e5e0fd3b94	HG01252	HG01252#2	HLA-DRB1	706	0			1	3	0	local_cram_unavailable
HLA-PROT-DRB1-a23ab9e5e0fd3b94-HG01358#1-cds706	HLA-PROT-DRB1-a23ab9e5e0fd3b94	HG01358	HG01358#1	HLA-DRB1	706	0			1	1	0	local_cram_unavailable
HLA-PROT-DRB1-a23ab9e5e0fd3b94-HG01943#1-cds706	HLA-PROT-DRB1-a23ab9e5e0fd3b94	HG01943	HG01943#1	HLA-DRB1	706	0			1	2	0	local_cram_unavailable
HLA-PROT-DRB1-ad48d0a393823ed2-HG02976#2-cds196	HLA-PROT-DRB1-ad48d0a393823ed2	HG02976	HG02976#2	HLA-DRB1	196	1	11	0	1	0	1	local_read_support
HLA-PROT-DRB1-ad48d0a393823ed2-HG02976#2-cds197	HLA-PROT-DRB1-ad48d0a393823ed2	HG02976	HG02976#2	HLA-DRB1	197	1	11	0	1	0	1	local_read_support
HLA-PROT-DRB1-ad48d0a393823ed2-HG02976#2-cds357	HLA-PROT-DRB1-ad48d0a393823ed2	HG02976	HG02976#2	HLA-DRB1	357	1	16	28	1	2	1	local_read_support
HLA-PROT-DRB1-ba0192aed98e11e3-NA19159#1-cds230	HLA-PROT-DRB1-ba0192aed98e11e3	NA19159	NA19159#1	HLA-DRB1	230	1	14	24	1	2	1	local_read_support
EXPERIMENT-NA18608-HLA-DRB1-NA18608#1-cds135	EXPERIMENT-NA18608-HLA-DRB1	NA18608	NA18608#1	HLA-DRB1	135	1	12	7	1	1	1	local_read_support
EXPERIMENT-NA18608-HLA-DRB1-NA18608#1-cds257	EXPERIMENT-NA18608-HLA-DRB1	NA18608	NA18608#1	HLA-DRB1	257	1	16	8	1	1	1	local_read_support
EXPERIMENT-NA18608-HLA-DRB1-NA18608#1-cds261	EXPERIMENT-NA18608-HLA-DRB1	NA18608	NA18608#1	HLA-DRB1	261	1	15	8	1	1	1	local_read_support
EXPERIMENT-NA18608-HLA-DRB1-NA18608#1-cds265	EXPERIMENT-NA18608-HLA-DRB1	NA18608	NA18608#1	HLA-DRB1	265	1	15	8	1	1	1	local_read_support
EXPERIMENT-NA18608-HLA-DRB1-NA18608#1-cds421	EXPERIMENT-NA18608-HLA-DRB1	NA18608	NA18608#1	HLA-DRB1	421	1	29	0	2	0	0	nonunique_mhc_probe
EXPERIMENT-NA18608-HLA-DRB1-NA18608#2-cds344	EXPERIMENT-NA18608-HLA-DRB1	NA18608	NA18608#2	HLA-DRB1	344	1	23	6	3	1	0	nonunique_mhc_probe
EXPERIMENT-NA18608-HLA-DRB1-NA18608#2-cds345	EXPERIMENT-NA18608-HLA-DRB1	NA18608	NA18608#2	HLA-DRB1	345	1	22	6	3	1	0	nonunique_mhc_probe
EXPERIMENT-NA18608-HLA-DRB1-NA18608#2-cds421	EXPERIMENT-NA18608-HLA-DRB1	NA18608	NA18608#2	HLA-DRB1	421	1	29	0	2	0	0	nonunique_mhc_probe
EXPERIMENT-NA18943-HLA-A-NA18943#1-cds368	EXPERIMENT-NA18943-HLA-A	NA18943	NA18943#1	HLA-A	368	1	11	24	1	1	1	local_read_support
EXPERIMENT-NA18943-HLA-DRB1-NA18943#1-cds286	EXPERIMENT-NA18943-HLA-DRB1	NA18943	NA18943#1	HLA-DRB1	286	1	15	13	1	1	1	local_read_support
EXPERIMENT-NA18943-HLA-DRB1-NA18943#1-cds357	EXPERIMENT-NA18943-HLA-DRB1	NA18943	NA18943#1	HLA-DRB1	357	1	9	12	1	1	1	local_read_support
EXPERIMENT-NA18943-HLA-DRB1-NA18943#1-cds777	EXPERIMENT-NA18943-HLA-DRB1	NA18943	NA18943#1	HLA-DRB1	777	1	10	12	1	1	1	local_read_support
EXPERIMENT-NA19007-HLA-A-NA19007#2-cds368	EXPERIMENT-NA19007-HLA-A	NA19007	NA19007#2	HLA-A	368	1	14	0	1	0	1	local_read_support
